150 1.000000000000000000e+00 1.000000000000000000e+00
0 0 6.371225697479651310e+06 0.000000000000000000e+00
1 0 2.583388903091951505e+01 0.000000000000000000e+00
2 0 -6.272972076019519591e+03 0.000000000000000000e+00
3 0 -1.374091268086335731e+02 0.000000000000000000e+00
4 0 7.232623371829686221e+01 0.000000000000000000e+00
5 0 -1.506139431907255926e+02 0.000000000000000000e+00
6 0 1.282945077470212709e+02 0.000000000000000000e+00
7 0 -3.481551727759477899e+01 0.000000000000000000e+00
8 0 6.133821370470104739e+01 0.000000000000000000e+00
9 0 -5.950227278136654263e+01 0.000000000000000000e+00
10 0 -7.995375309183145873e+00 0.000000000000000000e+00
11 0 -3.537668980437154431e+01 0.000000000000000000e+00
12 0 -8.011920365344849415e+00 0.000000000000000000e+00
13 0 3.731392686771336287e+01 0.000000000000000000e+00
14 0 -9.869299946207320318e+00 0.000000000000000000e+00
15 0 1.451543684256455968e+01 0.000000000000000000e+00
16 0 -3.042596457837498747e+01 0.000000000000000000e+00
17 0 1.774507951911786785e+00 0.000000000000000000e+00
18 0 -4.188672021264210343e+00 0.000000000000000000e+00
19 0 8.986093347868733261e+00 0.000000000000000000e+00
20 0 1.243929449003189802e+01 0.000000000000000000e+00
21 0 -1.171694836794876338e+01 0.000000000000000000e+00
22 0 1.806034154797089286e+00 0.000000000000000000e+00
23 0 -3.170393706023143565e+01 0.000000000000000000e+00
24 0 9.095501623320160434e+00 0.000000000000000000e+00
25 0 -1.213640057620796497e+01 0.000000000000000000e+00
26 0 1.885780602278828155e+01 0.000000000000000000e+00
27 0 -3.655307763057558557e+00 0.000000000000000000e+00
28 0 6.249960314424242824e+00 0.000000000000000000e+00
29 0 -6.160913351866419418e+00 0.000000000000000000e+00
30 0 6.587468281184555963e+00 0.000000000000000000e+00
31 0 4.406631997247835386e+00 0.000000000000000000e+00
32 0 3.656910610457998700e+00 0.000000000000000000e+00
33 0 -8.817151714619351210e-01 0.000000000000000000e+00
34 0 1.203184382291510701e+00 0.000000000000000000e+00
35 0 -2.237749120861353358e+00 0.000000000000000000e+00
36 0 3.491907258736318909e+00 0.000000000000000000e+00
37 0 -1.609851263098715624e+00 0.000000000000000000e+00
38 0 5.124986319089657627e+00 0.000000000000000000e+00
39 0 -1.781865004523308205e+00 0.000000000000000000e+00
40 0 2.593099411635193974e+00 0.000000000000000000e+00
41 0 -8.666143421657807044e-01 0.000000000000000000e+00
42 0 -2.352028739696834236e-01 0.000000000000000000e+00
43 0 -1.948364795296012864e-01 0.000000000000000000e+00
44 0 -1.787050298677058890e+00 0.000000000000000000e+00
45 0 2.361049977933558086e+00 0.000000000000000000e+00
46 0 -2.446748432586900890e+00 0.000000000000000000e+00
47 0 3.215109732574456647e+00 0.000000000000000000e+00
48 0 -1.035029055827180855e+00 0.000000000000000000e+00
49 0 -2.954853814898700248e-01 0.000000000000000000e+00
50 0 -4.717791054266854189e+00 0.000000000000000000e+00
51 0 -1.556770105969388807e+00 0.000000000000000000e+00
52 0 2.748109967185882851e+00 0.000000000000000000e+00
53 0 4.183223592949662617e+00 0.000000000000000000e+00
54 0 4.283121222935733385e+00 0.000000000000000000e+00
55 0 -2.726289508099678516e-01 0.000000000000000000e+00
56 0 -2.751541889112559147e+00 0.000000000000000000e+00
57 0 -4.088522909128006866e+00 0.000000000000000000e+00
58 0 -2.751559625539812259e+00 0.000000000000000000e+00
59 0 2.055031470409167227e+00 0.000000000000000000e+00
60 0 -5.959785782906692475e-01 0.000000000000000000e+00
61 0 2.011692748318783808e-01 0.000000000000000000e+00
62 0 -1.743467791835428216e+00 0.000000000000000000e+00
63 0 -1.358111472388424668e+00 0.000000000000000000e+00
64 0 -1.989069381161243655e+00 0.000000000000000000e+00
65 0 2.153297815030393636e+00 0.000000000000000000e+00
66 0 2.637090202289982699e+00 0.000000000000000000e+00
67 0 6.024913426932516636e-01 0.000000000000000000e+00
68 0 6.229731596540659666e-01 0.000000000000000000e+00
69 0 -1.636994779271970790e+00 0.000000000000000000e+00
70 0 -8.100513326644431800e-01 0.000000000000000000e+00
71 0 6.930609628079772433e-01 0.000000000000000000e+00
72 0 -3.229322958795819432e-01 0.000000000000000000e+00
73 0 3.945112576314733777e-01 0.000000000000000000e+00
74 0 -3.165840149988071062e+00 0.000000000000000000e+00
75 0 1.102722411083592036e+00 0.000000000000000000e+00
76 0 7.924441008362919092e-01 0.000000000000000000e+00
77 0 4.634703216465611675e+00 0.000000000000000000e+00
78 0 -1.862147485691821203e+00 0.000000000000000000e+00
79 0 -5.429638227397767247e-01 0.000000000000000000e+00
80 0 -2.070444396391394548e+00 0.000000000000000000e+00
81 0 -1.333877077779398901e+00 0.000000000000000000e+00
82 0 9.660476743738399819e-01 0.000000000000000000e+00
83 0 3.393863600755152587e-01 0.000000000000000000e+00
84 0 1.431472395852324553e+00 0.000000000000000000e+00
85 0 -6.449034679565655015e-01 0.000000000000000000e+00
86 0 2.059588724019704387e+00 0.000000000000000000e+00
87 0 -5.718841639933576193e-01 0.000000000000000000e+00
88 0 1.303565743874059990e-01 0.000000000000000000e+00
89 0 -3.901953734240503069e-01 0.000000000000000000e+00
90 0 7.933422804781002924e-01 0.000000000000000000e+00
91 0 6.531606745705536010e-01 0.000000000000000000e+00
92 0 -2.904400620609521866e-01 0.000000000000000000e+00
93 0 9.384712579371420338e-01 0.000000000000000000e+00
94 0 -2.066244533707504161e+00 0.000000000000000000e+00
95 0 -1.831060509960259042e+00 0.000000000000000000e+00
96 0 -1.566229967153049074e+00 0.000000000000000000e+00
97 0 1.042699230591979526e-01 0.000000000000000000e+00
98 0 6.661577304475940764e-01 0.000000000000000000e+00
99 0 2.015828261119439357e+00 0.000000000000000000e+00
100 0 2.036796057465835474e+00 0.000000000000000000e+00
101 0 -2.633941570101770435e-01 0.000000000000000000e+00
102 0 -5.436712539230939001e-01 0.000000000000000000e+00
103 0 -6.834488850842568297e-01 0.000000000000000000e+00
104 0 6.335191624093567953e-01 0.000000000000000000e+00
105 0 4.248978292356909159e-01 0.000000000000000000e+00
106 0 6.741660859406692907e-01 0.000000000000000000e+00
107 0 2.247530849145830401e-02 0.000000000000000000e+00
108 0 -9.593789698410546407e-01 0.000000000000000000e+00
109 0 -1.400526440125302363e+00 0.000000000000000000e+00
110 0 -8.197509736637584865e-01 0.000000000000000000e+00
111 0 -2.234650915259360771e-01 0.000000000000000000e+00
112 0 8.799975974470726214e-01 0.000000000000000000e+00
113 0 4.781259811773532209e-01 0.000000000000000000e+00
114 0 6.491125525062670931e-01 0.000000000000000000e+00
115 0 -5.166309692776103191e-01 0.000000000000000000e+00
116 0 -8.766411276010330766e-01 0.000000000000000000e+00
117 0 -3.814236239797986761e-01 0.000000000000000000e+00
118 0 2.563190979053615592e-01 0.000000000000000000e+00
119 0 5.672818740029162976e-01 0.000000000000000000e+00
120 0 3.812693624786334112e-01 0.000000000000000000e+00
121 0 2.580665375436189124e-01 0.000000000000000000e+00
122 0 -6.388369164342293516e-01 0.000000000000000000e+00
123 0 1.522423373807658409e-01 0.000000000000000000e+00
124 0 -3.222560557114775293e-01 0.000000000000000000e+00
125 0 3.110680960345423296e-01 0.000000000000000000e+00
126 0 -2.391865172830875963e-02 0.000000000000000000e+00
127 0 1.063212462845616990e+00 0.000000000000000000e+00
128 0 7.620032403574441560e-01 0.000000000000000000e+00
129 0 -3.053053660912583359e-03 0.000000000000000000e+00
130 0 -7.693427729827817529e-01 0.000000000000000000e+00
131 0 -2.975122102192553353e-01 0.000000000000000000e+00
132 0 -6.394388207409065217e-01 0.000000000000000000e+00
133 0 3.826013173144038881e-01 0.000000000000000000e+00
134 0 9.286361146660055965e-01 0.000000000000000000e+00
135 0 -5.834787107194534805e-02 0.000000000000000000e+00
136 0 -1.899348670325707644e+00 0.000000000000000000e+00
137 0 -1.425774984815034951e+00 0.000000000000000000e+00
138 0 -2.391992053089779802e-01 0.000000000000000000e+00
139 0 1.057660097242833830e+00 0.000000000000000000e+00
140 0 4.255618142778985202e-01 0.000000000000000000e+00
141 0 2.565429125062056448e-01 0.000000000000000000e+00
142 0 -1.512400058854836971e-01 0.000000000000000000e+00
143 0 -1.691217849711302568e-01 0.000000000000000000e+00
144 0 -3.768255297036375850e-01 0.000000000000000000e+00
145 0 8.551622942988003073e-01 0.000000000000000000e+00
146 0 2.028761752444552258e-01 0.000000000000000000e+00
147 0 7.987144997528973223e-01 0.000000000000000000e+00
148 0 -6.138123184209689498e-01 0.000000000000000000e+00
149 0 -1.968667279241261003e-01 0.000000000000000000e+00
150 0 -7.700502127263462171e-01 0.000000000000000000e+00
1 1 6.757992984288927119e+01 7.224151500095319989e+01
2 1 -8.322222185746471768e-01 5.988760023626199569e+01
3 1 -1.597305308941178659e+01 6.167277438015374713e+01
4 1 -1.615371560934798367e+01 -1.025677706691097626e+02
5 1 1.256789664902050774e+01 -7.708313997998092582e+00
6 1 -1.119896018318101838e+01 -1.090172476415611840e+02
7 1 4.496099121909232821e+01 6.643637641058111853e+01
8 1 9.493684167301955412e+00 -4.362625246396346768e+01
9 1 2.994785438738575323e+01 8.678894330678738811e+01
10 1 -8.339463649575609150e-01 -6.468856203680424244e+01
11 1 3.586556898200190346e+01 -4.378442171619764123e-01
12 1 -1.893390134745746423e+01 -5.951997850437462745e+01
13 1 1.392552002203698436e+01 2.314692009388027216e+01
14 1 -9.120308154177999782e+00 1.398524933253756686e+01
15 1 1.226247479404599972e+01 2.018934177145352038e+01
16 1 -1.726953288358056327e+01 1.584400826848724542e+01
17 1 -7.167974258149418354e+00 -3.375693455622571548e+01
18 1 -8.336101649216381304e+00 -9.774154484600080295e+00
19 1 -7.165499712912128949e+00 -1.022478062837885204e+01
20 1 -4.712642056665350410e+00 3.146529609976726505e+01
21 1 -7.736768342615806482e+00 1.673574741567655622e+01
22 1 8.338743314482666591e+00 7.550267233472259143e+00
23 1 -7.521860203930057942e+00 2.291102090898617938e-01
24 1 4.133791021016792300e+00 -1.903081395432916167e+01
25 1 -5.152248229773522148e+00 5.100676665768105522e+00
26 1 3.115550111781982601e+00 -7.339011145390470503e+00
27 1 -5.564077482998170954e-01 2.141819707708040710e+01
28 1 3.049843715934373645e+00 3.571124421247925396e-01
29 1 8.596821465967117160e-01 4.642608051057127483e+00
30 1 -5.651633083248847278e+00 -6.751317203875104589e+00
31 1 1.552243646549467559e+00 -6.881091142881675005e+00
32 1 -3.821989033292187532e+00 4.183218571462138158e+00
33 1 2.445355047101946511e+00 -2.992887066123241624e+00
34 1 -3.307174982403301655e+00 1.046689996933423927e+01
35 1 -2.743438465194823372e+00 -8.376632383922142822e+00
36 1 9.140452881045972866e-01 8.580485406807333959e+00
37 1 -4.402703849420519511e-02 -4.548367929875593241e+00
38 1 4.816522805824014597e+00 3.920717541976326714e+00
39 1 -4.107618525342062732e+00 -1.957284820508447210e+00
40 1 8.035508683166218802e+00 9.234541923176633471e-01
41 1 -6.520140690714846698e+00 -1.000387835275062809e+00
42 1 5.198054608795226628e+00 -4.097809898360059044e+00
43 1 -6.386931363105258441e+00 3.984930962099182405e-01
44 1 6.857982448535804743e+00 -3.358131511991441442e+00
45 1 -8.669365500222054877e-01 -2.062710253965050367e+00
46 1 4.267324365701432143e+00 -1.973204424679076530e+00
47 1 -2.069769881055174121e+00 -1.424237105754199706e-01
48 1 9.450463687300294513e-01 4.423361516865281118e+00
49 1 6.365254123464088032e-01 3.064717588823280270e-01
50 1 -2.692831601488240301e-01 1.110763019875316004e+00
51 1 3.346971523356917499e-01 -4.990543666941205103e+00
52 1 -1.062936489266085305e+00 -4.522644802952634713e+00
53 1 2.212253532132273826e+00 -2.526551467713085586e+00
54 1 -4.478582672461900449e-01 5.396301870517003607e+00
55 1 -5.489936433318164388e-01 6.621168552593685419e+00
56 1 -6.575040404040961572e-01 6.392554824561575977e-01
57 1 -2.571940233492809202e+00 -9.660403608080245785e-01
58 1 -8.315785698724232899e-01 -4.542284385102171917e+00
59 1 -7.798468833581191362e-01 -2.463113556514763491e+00
60 1 3.752454523368371930e+00 8.463329839392755849e-01
61 1 -4.853227462457287977e-01 2.211528628441099542e+00
62 1 2.121820000452789845e+00 3.681247335974341617e+00
63 1 -3.542239005514498107e-01 -2.115983457504152732e+00
64 1 1.942632526029493878e+00 6.852487646094068685e-01
65 1 -2.089231784647872736e+00 -3.112235257553437773e+00
66 1 1.825951593246683824e-01 1.892956690485382065e+00
67 1 -1.537304544046028010e+00 2.678405768268835585e-01
68 1 -4.749446903154950217e-01 2.324868647047221015e-01
69 1 -1.053930712579707496e+00 -2.051812906605911202e+00
70 1 -5.553616007832120616e-01 -2.120040145068444293e+00
71 1 2.605546254398156680e-01 1.813260115426381880e+00
72 1 -4.316954879281552082e-01 -8.182168854613143250e-01
73 1 1.233518379666546316e+00 1.066365759547243774e+00
74 1 -5.990513821301275410e-01 -1.857702484373289664e+00
75 1 4.920500046352709322e-01 4.494401572110482967e-01
76 1 -1.717264082028002292e+00 -2.511478085953331232e-02
77 1 1.302675473032189224e+00 1.502015194307052326e+00
78 1 -4.384989645661907520e-01 2.893915848590728590e+00
79 1 7.484928223024567284e-01 1.072754444273253949e+00
80 1 -4.610276827149508705e-01 1.592292949703768112e+00
81 1 1.195228512182656688e-01 -1.381072458066167519e+00
82 1 -3.045163604369715005e-01 -7.022610398392656883e-01
83 1 7.100641959295505012e-01 -1.583081045987850155e+00
84 1 7.495557619910071523e-01 6.806986530533788438e-01
85 1 -8.694527222299652802e-02 2.117822477156751759e+00
86 1 8.828067133402905942e-01 -6.290312505011483313e-02
87 1 7.888064663647593733e-01 5.958942618594373908e-01
88 1 -1.025266273183178090e+00 -1.798175001294699316e+00
89 1 -1.522904840434392781e+00 6.721409820251860179e-01
90 1 -1.309129940339166742e+00 -2.250705393196100079e+00
91 1 -1.719630670864433775e-01 -4.635187409769025435e-01
92 1 -8.047852316653416604e-01 -1.116070384695261042e-01
93 1 1.018088927580113268e+00 1.283675565856140066e+00
94 1 2.832694171919413750e-01 1.380800015156019134e+00
95 1 1.228108642914910620e+00 1.775307980728947355e-01
96 1 3.836169010420471537e-01 8.861861457660171748e-01
97 1 9.631041483640943035e-01 -2.025989434179968463e+00
98 1 -1.542332360391179824e-01 -1.430088490675491153e+00
99 1 -5.897472134169572389e-01 -1.185528877418081661e+00
100 1 9.963799222990472604e-01 5.370259226482361203e-01
101 1 8.962157665536585327e-01 1.592632629116868204e+00
102 1 -4.341531729487451557e-02 9.648712452831822439e-01
103 1 -1.160030467659436848e+00 -1.616180500700408473e-01
104 1 -1.081040570939233447e+00 -3.388050468188622322e+00
105 1 -1.180026822915269058e+00 -1.259164532548160409e+00
106 1 -8.866989272002937517e-01 -4.001082934405473246e-01
107 1 -8.135508118251333354e-02 1.910586360449585852e+00
108 1 3.891151082234635683e-01 1.236964817936913263e+00
109 1 6.726635337811055493e-01 1.412980027315077214e+00
110 1 5.146054340726511356e-01 -4.132511002970060687e-01
111 1 3.705298921884070396e-01 -9.605009970218136850e-01
112 1 6.402944066591541306e-02 -1.132253810968462809e-01
113 1 -6.256506714057311624e-01 -3.300395790541603702e-01
114 1 6.005489144554214676e-01 1.038018513793901754e+00
115 1 -9.469422336187416356e-03 2.826915732555295158e-01
116 1 1.014168403450603329e+00 2.477199025871326399e-01
117 1 -4.598569103965141069e-01 -3.487714033307410810e-01
118 1 3.924067687752427758e-01 -6.001984445571332261e-01
119 1 -9.241404586426205103e-01 -9.377765263976415300e-01
120 1 -7.176173810426764721e-01 2.172282450962526312e-01
121 1 -2.285191298707226482e-01 7.546041758782123798e-01
122 1 2.086701693869551788e-01 1.143178392892156392e+00
123 1 -1.206561241112038552e-01 6.225208161743498447e-01
124 1 -6.877665256577811803e-01 -1.624050933545561348e-01
125 1 8.898962996243533485e-01 -1.591819383546635214e+00
126 1 -9.177823436446065630e-02 -6.350010913918574529e-01
127 1 5.539617190403566260e-01 1.894403666373781214e-02
128 1 -1.877232791973892922e-01 5.866924029545709240e-01
129 1 4.700056484022396841e-01 2.422223799335615491e-01
130 1 7.205287924430842095e-01 9.564653030076342155e-02
131 1 4.122788409912375718e-01 -1.348636428042051527e-01
132 1 8.402337066735606763e-01 -1.082534862074814530e+00
133 1 1.002566861780973539e-01 -2.156407692369891327e-01
134 1 5.994867685797251600e-01 2.855641334228000705e-01
135 1 -6.183089080654633474e-01 1.488063799113116925e+00
136 1 1.162784493262891961e-01 7.074432819208457124e-01
137 1 -1.012058367340797460e+00 -4.191487641581362888e-01
138 1 -2.217934989387266576e-01 -1.449669072633530842e+00
139 1 -1.170782836080313194e+00 -9.036063921983330527e-01
140 1 -3.441694389168938883e-01 7.321298176571627847e-01
141 1 -1.689281868206345960e-01 1.112068249792599772e+00
142 1 -9.283650446896064834e-02 1.616999136874862408e+00
143 1 -5.876861286556116504e-01 -9.824382249881646878e-02
144 1 -1.122915859103328778e-02 -5.496858167194688116e-01
145 1 6.806891451723358077e-01 -1.730537569657142338e+00
146 1 7.651861635416570273e-01 -2.701359697438169283e-01
147 1 5.126057255408220659e-01 1.121812818087552843e+00
148 1 3.417318061474337587e-01 1.122529499918512697e+00
149 1 2.030084181679184807e-01 3.057449930997372389e-01
150 1 -1.088019512996548199e+00 -8.929939584801118713e-01
2 2 -4.806334549712836690e+01 2.009668090342970004e+01
3 2 -9.144579497704182813e+01 4.565038910676700823e+01
4 2 -9.826766232026457715e+01 6.199082472404715993e+00
5 2 -1.091387537749058367e+01 -2.658680054662064762e+01
6 2 3.547836733861520031e+01 -2.420680053570583112e+01
7 2 8.210681271784442004e+01 -2.345250080787911529e+01
8 2 1.203262969485811951e+01 -2.735616159991667473e+01
9 2 4.749372903544695212e+00 -1.051456680814485267e+01
10 2 -5.541637299996582300e+01 -2.358360849658748926e+00
11 2 4.950182233367529605e+00 -1.287763894978448853e+01
12 2 -6.530236445478761809e+00 -9.964651025042943644e+00
13 2 4.363424916139203447e+01 -2.876427416678769688e+01
14 2 -6.367461122722806621e+00 -1.603686300718961277e+01
15 2 -4.745764529373758478e+00 -2.632650137611613061e+01
16 2 -3.189817884790156199e+01 1.682785960104192569e+01
17 2 -8.867726312559378599e+00 -7.016106675290360251e+00
18 2 -1.157423717723236489e+00 1.702563762920197021e+01
19 2 2.216714459405915960e+01 -1.017429967781073863e+01
20 2 1.713419325165292406e+01 9.640763097595108633e+00
21 2 4.511911525185818839e+00 -1.361912542785597147e+01
22 2 -2.103106345813284861e+01 7.050725397036072373e+00
23 2 -9.499468538483469615e+00 9.465074291122705930e-01
24 2 -1.039569211318463893e+01 3.455522200529910659e+00
25 2 1.798637024807082696e+01 3.941259733342413973e+00
26 2 -2.272120562000737642e+00 -4.121241865766461565e+00
27 2 9.208864211434368841e+00 2.899261805745143139e+00
28 2 -1.319579316279394199e+01 -7.318953946513334863e+00
29 2 2.791253003683594081e+00 1.000854582198116738e+01
30 2 -6.764765232504120540e+00 -3.570270526807995726e+00
31 2 5.830440333919559848e+00 9.355732889291454413e+00
32 2 2.589456829387076109e+00 -1.718582623352939098e+00
33 2 -1.066723010279151618e+00 9.248018318696512807e+00
34 2 6.958718616474124374e+00 2.240156899963165582e+00
35 2 -6.628351880195856971e+00 6.430376035334584017e-01
36 2 5.513330394889067065e+00 -5.507965204445476104e+00
37 2 -5.973442522945100919e+00 1.266145674190395809e+00
38 2 7.445790515999784809e+00 1.108087199836845560e+00
39 2 -4.995841772301676365e+00 -2.031373127739626749e+00
40 2 3.955006279361367394e+00 -2.196306916248663976e-01
41 2 1.302182143841470741e-01 3.555111886280464706e+00
42 2 -1.605089046950595177e+00 9.769675665646333496e-01
43 2 -1.397381270732319214e+00 1.410522536410035332e+00
44 2 -3.431340397865008995e+00 2.290728017250419635e-01
45 2 3.859690803820864602e+00 1.876590513072712296e+00
46 2 1.541690868815326354e+00 -5.405126446039829613e-01
47 2 6.668287467517027167e+00 -1.756622008474581165e+00
48 2 9.446153173648950130e-01 -2.525506354617421234e+00
49 2 -3.881126695447477459e+00 -1.662090728840259990e+00
50 2 -4.923917930569153611e+00 -3.218457437251644460e-01
51 2 -7.586258484382354617e+00 -1.206533692200225438e+00
52 2 3.793331980407733450e+00 -4.474093538810410831e-01
53 2 -1.281648052782746516e+00 -3.411418991881747242e+00
54 2 8.062356591565601249e+00 2.905242823495159943e-01
55 2 -1.210993720777951088e+00 1.336926517469828823e+00
56 2 -1.038303772834466177e+00 2.171232773957793682e+00
57 2 -5.234882224327316536e+00 8.589012074698493260e-01
58 2 6.974059842857354141e-01 1.895973392290592197e-01
59 2 4.105960934010387753e+00 -6.649933120130255837e-01
60 2 2.008558339467563236e+00 3.778565024169333597e-01
61 2 3.978413926357868835e+00 3.867436274108290162e-01
62 2 -3.642961367225063363e+00 1.179701016017757009e+00
63 2 -5.250586306801380970e-02 -1.998941963859304671e+00
64 2 -4.433885167271439443e+00 7.887301092800341751e-01
65 2 2.056704332498297649e+00 -1.923719998095989814e+00
66 2 8.098230493128100171e-02 6.882714250059143724e-02
67 2 2.547980837390213804e-02 -3.004471689085636221e+00
68 2 -9.925181029705713032e-01 3.199995101892914029e+00
69 2 -2.702516809691273281e+00 -1.962180395805933619e+00
70 2 1.447227596821334172e+00 2.504175379940221657e-01
71 2 -4.967223325718269633e-01 -2.785176770518885903e+00
72 2 3.190957262485489832e+00 2.276990482814514882e-01
73 2 -2.932894039173315814e+00 8.241060766079912059e-02
74 2 -4.128985267752229849e-01 2.460586459101848700e+00
75 2 -1.976930850119346328e+00 1.265372415679085982e+00
76 2 2.990640342505508809e+00 8.366841876329007555e-01
77 2 1.194276675989665470e+00 9.591003604253467429e-01
78 2 4.052140281635578378e-01 -1.234743743853703446e+00
79 2 -8.826627814038935371e-01 -4.749526878846457856e-04
80 2 -1.345431910151844601e+00 -5.897382533150665740e-01
81 2 5.112786216539791373e-02 7.933914833405038003e-01
82 2 -2.054091135026974158e-01 -6.874201365978676037e-01
83 2 1.240559595957294814e+00 -1.175903760856874675e-01
84 2 -5.510921663535799375e-01 -1.308767542721637422e+00
85 2 1.476245996618697820e+00 1.411350405268758101e-01
86 2 -9.306188598956102176e-01 -1.186057560164721414e+00
87 2 3.137095934577086020e-01 7.643614279971198133e-01
88 2 -1.612890863610492609e+00 5.500647584889568620e-01
89 2 6.200339516949855412e-01 7.827483517408138081e-01
90 2 -4.431355279853995688e-01 9.397416633822845977e-01
91 2 9.708083660947808280e-01 5.895245042520506906e-02
92 2 9.752005699017733953e-01 4.595371162892039618e-01
93 2 1.589121678204478139e+00 2.496868931276290116e-01
94 2 3.898551601264626520e-01 1.967490772520366527e+00
95 2 -1.110585877034405033e+00 -3.627607155560802488e-01
96 2 7.053819341035255652e-02 1.240548565448521545e+00
97 2 3.644644803315351678e-01 -8.611390994798421294e-01
98 2 9.893997528271738506e-01 -7.840115760271776368e-01
99 2 4.497628937620475331e-01 -1.781148276205030356e+00
100 2 -9.868014559307669575e-02 -1.680607954561775808e+00
101 2 -1.343703793711558347e+00 -1.417093974112766941e-01
102 2 -1.953629757403066325e+00 -6.467218653980011389e-01
103 2 -1.134052820484545282e-01 1.288323057880262024e+00
104 2 -6.774782421561144075e-01 -1.266327286879051162e+00
105 2 1.587836770250061758e+00 1.360238518572215671e+00
106 2 4.548544111759209030e-01 -8.686076638632065361e-01
107 2 1.370179577503322976e+00 1.424735139194049038e+00
108 2 -1.444314394154684766e+00 -1.047571598267550641e+00
109 2 -1.176579129584371053e+00 8.204071398505363710e-01
110 2 -2.384617283525591325e-01 7.888111055380980785e-01
111 2 5.547147087973326451e-01 5.886180194096420903e-01
112 2 1.876155116092145025e+00 3.571512666612298714e-01
113 2 4.796443489503648405e-01 -1.416175561720532272e+00
114 2 5.786413687907258074e-01 -3.614315796970935524e-01
115 2 -2.162018832796492873e+00 -5.558777833033401450e-01
116 2 -1.458399219567137806e+00 6.263621980594564764e-01
117 2 -2.070644730577289927e+00 -2.857611204203118205e-01
118 2 4.012316871011730179e-01 4.431088850719204775e-01
119 2 6.209828744141495660e-01 -2.654400952633426680e-01
120 2 2.247291125170233772e-01 -7.730719761621716035e-01
121 2 8.762304534856747429e-01 -2.775578166034586292e-01
122 2 -4.334105987662243975e-01 7.144480360941047881e-01
123 2 1.512256813826335852e-02 9.486465436154263298e-01
124 2 -1.254355815373331628e+00 4.088825985496494231e-01
125 2 4.173812610570767356e-01 4.241892892784409619e-01
126 2 2.208994360772385535e-01 4.066462722131408136e-01
127 2 1.924223360739838906e+00 5.793594911976669426e-01
128 2 9.222247613209658690e-01 3.615008133170894977e-01
129 2 5.192529849284823612e-02 -4.788177660237583622e-01
130 2 -9.000361223738913008e-01 -2.030891678514297749e-01
131 2 -1.398862774460554625e+00 5.125196346473950282e-01
132 2 3.713118002294950593e-01 -1.126099386437496186e+00
133 2 6.812767355662150415e-01 -1.052523939418406940e+00
134 2 1.885297712855229735e+00 -1.128099193401905787e+00
135 2 -4.265042404619424632e-01 -2.524963601036863126e-01
136 2 -1.052595819191968207e+00 -7.166712645686266203e-01
137 2 -1.909828195185509836e+00 -2.815143483552559611e-02
138 2 -5.433548729634232743e-02 2.861574501314420038e-01
139 2 5.948997313904618167e-01 -2.371039539161768489e-02
140 2 1.257186264268829401e+00 5.639207486770914102e-01
141 2 6.468756439591034635e-01 -1.981678122081588778e-01
142 2 -1.295127871692216548e-01 1.480188438566605758e+00
143 2 -3.898847218979382689e-01 -1.090109189538280177e+00
144 2 -4.439477361960114110e-01 3.792806999333354079e-01
145 2 3.506137026962744541e-01 -4.795998999052639711e-01
146 2 2.612812956343146809e-02 1.092783286477008176e+00
147 2 7.030620844933809233e-01 -5.017489451174448334e-01
148 2 2.955705061268679157e-01 -1.482644627717180641e-01
149 2 -6.712494460657252027e-02 2.223231432051558376e-01
150 2 -9.542972340681772359e-01 3.677032989142310915e-01
3 3 7.757933422756749131e+00 4.531326079716573219e+01
4 3 4.802514396988055978e+01 -6.401900226243009229e+01
5 3 2.812647668831818848e+01 -5.848858152551542133e+01
6 3 1.285388058041635695e+01 -9.650501766560759975e+00
7 3 2.255097842405432829e+01 1.467771435578755224e+01
8 3 5.906549296574229224e+00 2.500534040989457907e+01
9 3 5.717979768992399237e+00 1.925762038946898613e+01
10 3 -2.266390215525125384e+01 -3.449111082687595342e+01
11 3 -1.442702870755395272e+00 -3.555675274074728520e+01
12 3 -3.724934674080625996e+01 -3.653731466044766307e+01
13 3 9.768411372642606949e-01 6.724592515620051003e+00
14 3 -1.203449119671177847e+01 -1.558080900675474334e+00
15 3 2.327340695012730265e+01 1.876801182626140729e+01
16 3 -3.127061414098623970e+01 -3.145042395322995787e+01
17 3 4.908334676704684263e+00 -1.375352886558538934e+01
18 3 -3.185552748439026871e+01 -3.550886368180628239e+01
19 3 6.127497268283168985e+00 8.153452381499265655e+00
20 3 -1.550744429344526232e+01 6.376922863816322895e+00
21 3 2.199929236663637155e+01 2.612547316133660757e+01
22 3 -7.457939060768784323e+00 -7.634458262140277007e+00
23 3 5.121648185822510690e+00 -6.707763060405878441e+00
24 3 -1.567993593244012018e+01 -1.515716350695119452e+01
25 3 -1.340175823675614497e-01 -3.734686693433816540e+00
26 3 -5.891003571528595550e+00 1.134483478782875743e+01
27 3 4.511454486720116286e+00 9.771358080807548419e+00
28 3 -1.144854619810491636e+00 8.033250128881379126e+00
29 3 -7.302912016083943358e-01 -4.370144897538113860e+00
30 3 -2.414326735352537723e-01 -6.226705757859071211e-01
31 3 1.699897053966384908e-01 -7.871609883526090812e+00
32 3 2.742572226298568339e+00 9.279132603931359302e-01
33 3 -2.231925613821450494e+00 4.773815622805728687e+00
34 3 3.685011317874498094e+00 2.859519484392256672e+00
35 3 -1.269252452447285351e-01 1.021610693745332643e+00
36 3 3.235535877431082952e+00 -8.654766768155761625e+00
37 3 -1.464926362356866241e+00 3.756342200865678826e+00
38 3 2.362123271093369503e+00 -2.105606987642338002e+00
39 3 -8.526242969203591260e-01 7.994505900477115290e+00
40 3 1.012018309296248253e+00 -3.440502395369244404e+00
41 3 3.919331852373099778e+00 6.880451966814407960e+00
42 3 6.305213851155765381e-01 -1.338287145458229466e+00
43 3 2.544630896037670453e+00 3.210966016877152107e+00
44 3 -2.806040820141402659e+00 -2.861933287822449934e+00
45 3 2.640257834797831826e+00 -3.585913241836704124e+00
46 3 -2.255950646181610786e+00 -2.345196677795892803e+00
47 3 2.711342406647604175e+00 -4.852669127163642404e-01
48 3 -1.533403422774111124e+00 4.300556574093032047e+00
49 3 2.524636089505344128e+00 -1.026483054604428791e+00
50 3 -6.764401107449028450e-01 3.403519938460966010e-01
51 3 -2.943964043045780521e+00 -4.408955866454874695e+00
52 3 -3.422464390926579503e-01 -1.808197854633546209e+00
53 3 9.029384951562124950e-02 -1.166011781177441087e+00
54 3 3.306565989309917963e+00 1.996368022552428290e+00
55 3 6.184677744989230952e-01 6.175878543035732804e+00
56 3 1.483797437202688529e+00 3.088458092698418866e+00
57 3 -4.119269239756831347e+00 1.129911543155062592e+00
58 3 -2.860152932315597418e+00 -4.413470557152425755e+00
59 3 -1.282164750687953436e+00 4.691360448180414977e-03
60 3 1.281783159395914584e+00 -2.168035905959663445e+00
61 3 5.402491549280608041e-01 4.624445648874008441e+00
62 3 -8.622306362280610093e-02 7.255105182010521681e-01
63 3 1.383255442183251582e-01 -1.137131818779433479e+00
64 3 4.194413367452806130e-01 -3.595851964441576509e+00
65 3 -4.281365464234594964e-01 -1.070682256422486045e+00
66 3 1.491003834024567487e+00 -2.097527290301974823e+00
67 3 -1.420404690458627606e+00 1.654848610141910203e-01
68 3 1.779334957621824032e+00 -5.749886814066405838e-02
69 3 -8.366440511971134919e-01 -1.592102123050864515e+00
70 3 1.915067151175487092e+00 3.227053301831827592e-01
71 3 -8.556051526357580927e-01 1.443822222170501268e+00
72 3 2.199762892953780913e+00 1.749913436600867067e+00
73 3 1.961685069269355486e+00 -5.562483788415324426e-01
74 3 -9.471218453672329840e-01 5.709298492647334466e-01
75 3 -9.490656085410976717e-01 -4.537339533879118925e-01
76 3 -2.968339133456566525e+00 1.569661751997261989e+00
77 3 4.353905661702089369e-01 -1.249322294253556676e+00
78 3 -4.426224525880714467e+00 1.892678214843420248e+00
79 3 -3.637400472950701458e-01 1.894761524823862509e-01
80 3 -1.022428740650538570e+00 -1.083454802316397014e-02
81 3 2.206319282164038054e+00 -2.341450837462410117e+00
82 3 1.579970840005708310e-01 -1.114119319253395746e-01
83 3 -9.793423467904482926e-02 -1.598045054502726270e+00
84 3 3.176579462006007271e-01 6.730519980770318655e-01
85 3 -1.398944474023936513e+00 1.739187969952934010e+00
86 3 2.804353965490178346e+00 1.762814766369159347e+00
87 3 7.748038421376703122e-02 6.370493004934640879e-02
88 3 1.803606263417722344e+00 3.064015376993282913e-02
89 3 -2.990841341407653786e+00 3.009784213271404774e-01
90 3 3.683117130812427198e-01 1.916725184272206201e-02
91 3 -1.104257072599073464e+00 -8.113029521851544690e-01
92 3 -5.175979736177920287e-01 1.051286454110786028e+00
93 3 -6.010348230765759636e-01 8.241034833393474646e-01
94 3 5.205682551771920741e-01 7.193952397319121062e-01
95 3 1.875146445248660587e+00 -5.923560913889696078e-01
96 3 5.450386955958652635e-01 -8.813257457228271807e-01
97 3 2.208445678865865069e+00 -2.457390906622966664e+00
98 3 -2.073924591381554328e-01 -9.050325722344014778e-01
99 3 5.678263918430414003e-01 -5.963718168278431264e-02
100 3 -4.484683528010424691e-01 5.003167755301863862e-01
101 3 1.369143676163000256e+00 7.579047026207224036e-01
102 3 -2.111895070896768756e-01 2.629948208496039053e-01
103 3 -2.956546022497265613e-01 -4.122391649752479292e-01
104 3 -7.416527244913370120e-01 -1.555761692910483163e+00
105 3 -1.025738489287454147e+00 -8.860526724170219026e-01
106 3 -1.243701988990668861e+00 6.574385061237507655e-01
107 3 2.939974304087151769e-01 2.425130471246646824e+00
108 3 1.196818379728251225e+00 1.289325836664714897e+00
109 3 1.873365305464925745e-01 -7.127491684867963695e-01
110 3 3.698640679097383033e-01 -1.969936757434627816e+00
111 3 -1.581937977280636343e+00 -1.367989201403046140e+00
112 3 -9.864000724810351173e-01 -5.349702934609301685e-01
113 3 -8.800178504092582843e-01 7.960569673244293210e-01
114 3 9.858320665988061782e-01 8.012855199005791684e-01
115 3 8.444802310833330328e-01 6.286204985028613912e-01
116 3 1.678554928336734919e+00 -3.769107258362278112e-01
117 3 -3.377382214301963281e-01 -4.495077137664877931e-01
118 3 -6.353794188485781813e-01 -9.171028632863155172e-01
119 3 -1.467066937992621556e+00 2.006619111203451489e-01
120 3 -1.098074395576699613e+00 -2.517004343960884127e-01
121 3 1.095242793484356492e+00 1.756374374244746850e-01
122 3 8.758356001779886713e-01 1.557129993512681443e+00
123 3 1.119315311158658677e+00 1.620954757120502743e+00
124 3 -8.558978710983181637e-01 4.182263629035434804e-01
125 3 4.722419235143587163e-03 -8.947887303758148558e-01
126 3 -9.948683461724341370e-01 -3.752711429100176743e-01
127 3 2.188863258339438234e-01 1.292565166457231296e-01
128 3 7.004383150460726792e-01 6.767836972683052288e-01
129 3 5.605547246651572113e-01 9.284156049732088523e-01
130 3 2.853598896813500096e-02 5.368615928094591094e-01
131 3 -9.297856079980363342e-01 -1.853600551153840037e-01
132 3 5.656356254063864553e-01 -1.489729912045852922e+00
133 3 -8.517565770656801982e-01 2.910050811515065838e-01
134 3 5.463923610650572860e-01 -1.962400324305710320e-03
135 3 -5.404745051158298397e-01 1.186335237425550915e+00
136 3 5.754872115038596192e-01 -8.452996257075943987e-02
137 3 7.554760969921218983e-02 5.239285578984863578e-01
138 3 3.230498102345202294e-01 -1.022250233438149136e+00
139 3 -2.676654071781842670e-01 -1.239394999484305870e+00
140 3 8.956329911410974842e-02 -6.136988855559655232e-01
141 3 3.253893438547276751e-01 1.037738592967858864e+00
142 3 -4.991259544483637317e-02 1.023168343082718090e+00
143 3 -2.750366024904373208e-01 -7.230130283475699748e-01
144 3 -7.238127837063007552e-01 -5.111957963260276294e-01
145 3 -4.430071123854227300e-01 -1.202747187323655265e+00
146 3 -2.623797778139588810e-01 3.672525283583836786e-01
147 3 -6.704031661574837431e-01 2.253963086226162815e-01
148 3 5.309315597918233820e-01 6.798539531209416564e-01
149 3 5.233874810626975016e-01 -3.658228670582233111e-01
150 3 1.920519174933248419e-01 -3.811012193561001959e-01
4 4 1.501567157214836890e+01 6.441291822409122858e+01
5 4 7.531092281794660437e+01 -4.900451190841425841e+01
6 4 6.292695346225888642e+01 -2.855153498793982081e+01
7 4 1.480890054280535040e+01 3.272141672940653390e+00
8 4 -1.936746630938067426e+01 -3.385508510373708368e+00
9 4 -4.554858467326365457e+01 1.472557851782735483e+01
10 4 -4.791900864173606323e+01 2.776177631386169509e+01
11 4 -1.125565311968750670e+01 -7.152005448121073528e+00
12 4 -6.868978386491543020e+00 -8.391737129574742937e+00
13 4 -1.311879885008356283e-01 -1.582933496851262767e+01
14 4 -1.402875141448865470e+01 -1.101212471741383858e+01
15 4 -1.676347536360466250e+01 -1.338480235298812637e+01
16 4 -2.638990170706694371e+01 1.872932272085274263e+01
17 4 -9.451106227667179782e-01 5.150218937306831890e+00
18 4 2.658827537893618587e+00 8.223633000001285609e+00
19 4 8.484696399105692066e+00 -1.760175423107859061e+01
20 4 -2.438554639552937164e+00 -7.358075855865586767e+00
21 4 -1.170450085814542973e+01 -3.986213712714989477e+00
22 4 -2.218711461531639273e+01 3.145903491706633748e+00
23 4 -1.895147144221823154e+01 -9.667712296020327667e-01
24 4 4.007775588152732382e+00 3.320677110964323386e+00
25 4 7.099893001072795862e+00 1.256849911723527891e+00
26 4 8.194843505927577709e+00 -9.891126978604839692e+00
27 4 -7.432781493527289562e+00 4.665900441358765249e+00
28 4 -7.057002359138676795e+00 -8.693137772329340152e-02
29 4 -1.251749421355503777e+01 8.501429278090082420e+00
30 4 -3.613579069104279284e+00 -4.877741617331437851e+00
31 4 4.025956490085126127e+00 8.177842214275672816e+00
32 4 6.163390536982984003e+00 -6.642748890408264550e+00
33 4 4.189506033980682886e+00 1.035749594744257251e+01
34 4 -3.176330128422148569e+00 -6.045370038897148746e-01
35 4 5.460359747866669888e-01 1.058514587187612221e+01
36 4 -1.724616299499341476e+00 -4.356111610616885343e+00
37 4 4.307954742753334010e+00 3.126225350695917893e+00
38 4 2.103486353450136459e+00 -6.898423358826941687e+00
39 4 -9.783719306718285935e-01 5.967949642595399284e-01
40 4 -7.360626377009557020e-01 -5.692022045764707272e+00
41 4 -2.157032216923044476e+00 1.050432790658586857e+00
42 4 3.911920776831344426e+00 6.457482270328713803e-01
43 4 -3.419070799912928393e+00 1.036069574125484616e+00
44 4 3.540913567112677907e+00 2.011784461320598183e-01
45 4 -3.296697600526112382e+00 -5.014324095307808982e+00
46 4 5.885274365725551959e+00 -4.106863914206208221e+00
47 4 1.322960802950638559e+00 -1.794988936671789714e+00
48 4 4.382998636965597328e+00 1.841930067354289768e+00
49 4 -2.025110595759142651e+00 2.381234585767838308e+00
50 4 -2.351658113255231886e+00 2.064510267848050695e+00
51 4 5.415358972218122791e-01 3.830562810095812676e+00
52 4 -8.351901789785194374e-01 -2.697452429124243878e+00
53 4 3.685686996341880572e+00 2.516193625516371379e-01
54 4 -1.614377696345798530e+00 -6.741901297559282469e+00
55 4 2.880928190839715519e+00 5.202578078120461136e+00
56 4 -5.361739914549485064e+00 -2.879421570263043684e+00
57 4 -2.306881784528229673e+00 5.153613857792551656e+00
58 4 -3.148125393761081803e+00 -4.181634578531138402e+00
59 4 3.816667765160067560e+00 3.332545291140034838e+00
60 4 4.087666930390164488e+00 -5.050019466910528720e+00
61 4 2.001410230689354197e+00 1.572215420826918564e+00
62 4 1.931717110683397465e-01 1.494389195515959834e+00
63 4 -4.084582348872566548e+00 3.203720672326176633e+00
64 4 9.086906765944763320e-02 3.361582922312427169e-01
65 4 -2.508099047413980376e+00 3.712888929693371198e-02
66 4 2.790138431528260465e+00 1.109037080627882199e+00
67 4 -1.612763142737683397e+00 -1.315952566121332712e+00
68 4 6.203282274634587257e-01 1.750794025670176168e+00
69 4 -2.486304289427879510e+00 -5.916939636686925352e-01
70 4 1.499518470450817098e+00 8.155455616311990674e-02
71 4 -4.731591411189978169e-01 -2.341678867535691655e+00
72 4 1.509195330148755954e+00 -1.785016825368586524e+00
73 4 -1.098272012494554639e+00 -7.015141968330841360e-01
74 4 -3.243534291219030141e-02 -8.159312824930708974e-01
75 4 2.212834072290334186e-01 -3.642221577948109162e-02
76 4 9.998774055907264646e-01 3.422186052323374916e-01
77 4 8.785296201148945494e-01 1.461434484841275028e+00
78 4 1.199578061701776388e+00 -1.952727351785278342e+00
79 4 -1.985830965100647827e+00 -1.016693955765870294e+00
80 4 -2.318305698249180757e+00 -1.016079690108749656e+00
81 4 1.566501515201663697e-01 8.977453760783589143e-01
82 4 2.193004310718517313e+00 1.211923064943896566e+00
83 4 1.278448084850542843e+00 1.714009935399761098e+00
84 4 -1.831143800949368572e-01 -4.929479425813638738e-01
85 4 -1.028787622586657013e+00 3.593936115968413558e-01
86 4 -1.258290133755822993e+00 1.447275478603193832e-02
87 4 -1.652316100030686519e+00 3.226311091830937894e-01
88 4 -1.486926852512048924e+00 -1.778068677670672226e-01
89 4 -4.956339307083512669e-01 1.602162207708249575e+00
90 4 8.524335782611934809e-01 7.951162490566607843e-01
91 4 1.709571461462423780e+00 -1.105545540000668847e+00
92 4 2.343921127110044189e+00 -2.242732831592788578e-01
93 4 1.410654482772903062e+00 8.550166005570630778e-02
94 4 2.463819963616216691e-01 1.568742953581852451e+00
95 4 -1.215711017486777124e+00 -2.876273881040505853e-01
96 4 -1.152858793445748153e+00 1.934381771937597527e+00
97 4 2.440688773418116519e-01 -1.145017670790101194e+00
98 4 1.402165578595702122e+00 -7.105619209189342200e-01
99 4 1.285344220070604893e+00 -1.257511111032163731e+00
100 4 -3.092285264742860584e-01 1.395716378001802482e+00
101 4 -8.666745829409243651e-01 -1.332387719051687791e-01
102 4 -2.450093718093751427e+00 4.619670218665929973e-01
103 4 -3.680251007479593550e-01 1.660819103319538248e-01
104 4 -1.341411243857218993e-01 -8.617805261543218798e-01
105 4 2.267876669266831957e+00 -9.379399798354816076e-01
106 4 1.067763558142298619e+00 -1.167620444036024274e+00
107 4 1.329961733987879535e+00 -2.648316652188609788e-01
108 4 -1.694472090113425367e+00 -6.665721734454919112e-01
109 4 -6.108901051699452411e-01 3.770263138702470429e-01
110 4 -1.281988156931219924e+00 1.286660199063869303e+00
111 4 6.400913885070317333e-01 3.128743699755488494e-01
112 4 2.880465330915926159e-01 -6.693347897660830714e-01
113 4 2.781382092393500094e-01 -2.017347148497946385e+00
114 4 -9.107826552168039047e-01 -3.414188955304300332e-01
115 4 -1.216943256182992927e+00 1.626829791916410972e-01
116 4 -7.030427518997246494e-01 1.603203850300182420e+00
117 4 6.932738895690475356e-02 1.171393646145543199e+00
118 4 4.886359443748725662e-01 1.020807730637856015e+00
119 4 -3.174694346034526715e-01 -1.463884635745878349e+00
120 4 1.944910788426985615e-01 -1.186857996182921982e+00
121 4 1.052324571332750869e-01 -7.446127962821331714e-01
122 4 3.284251254400504250e-01 1.007870644234625246e-01
123 4 2.115074549983868291e-01 1.758810084558063425e-01
124 4 -5.599565909282687715e-01 9.816878040768592939e-01
125 4 -2.743704526438308089e-01 1.530620154188956084e-01
126 4 -3.827355816589681492e-01 -5.577342121175634659e-01
127 4 3.448813461071907338e-01 -1.107263359899391508e+00
128 4 4.424380362163158331e-01 -8.106388848903006705e-01
129 4 1.159212445586865092e+00 5.042924252455822653e-01
130 4 -9.352018778682339439e-01 7.758772989629563188e-01
131 4 -5.153359275539814988e-01 1.859704646355898827e+00
132 4 4.429363620943650437e-01 3.477826045099168262e-01
133 4 1.839853339999857562e+00 2.871699276572763360e-01
134 4 1.078425699087772527e+00 -7.650786181285484933e-01
135 4 1.727520572266913121e-02 5.289276052024566299e-01
136 4 -6.545528262568074407e-01 -3.334297171391880088e-01
137 4 -1.239587821062783757e+00 7.384698290133502319e-01
138 4 -1.496224606526309620e-01 1.564528121900974345e-01
139 4 -1.177233888829910535e-01 2.203694231312250049e-02
140 4 1.456272599743557050e+00 -3.923063741626109380e-02
141 4 -3.019092009934912224e-01 -2.271782185011497479e-01
142 4 1.156913435542542556e-01 -1.045410902265279107e-01
143 4 -9.565699539694363374e-01 -8.247511540026974952e-01
144 4 1.190077252015819376e+00 -1.259464161056822462e-02
145 4 4.396778427442258469e-02 4.970618263264539594e-02
146 4 3.276708822728765513e-01 1.075841806149790969e-01
147 4 -7.086065871254130233e-01 2.136944782389734176e-01
148 4 8.050496591868219753e-02 5.490546372510122231e-01
149 4 -3.886146580589010524e-01 6.611620988556926592e-01
150 4 -1.990244981530754353e-01 -1.704463145200038054e-01
5 5 -1.518918954823301348e+01 4.521803814741781480e+01
6 5 -3.541703915274942460e+01 1.074137252330952563e+01
7 5 -1.072129765910384513e+01 4.566421592710164390e+01
8 5 -1.802381383059526598e+01 4.625156345338237429e+01
9 5 -1.647832848797589023e+01 3.009848474582875522e+00
10 5 -5.426011061456139650e+00 -1.076390552331964656e+01
11 5 -1.088393856747997379e+00 -7.987275099958178970e+00
12 5 -2.281681764826258618e+00 -2.732991891367223314e+00
13 5 3.239587639317766055e+00 1.144356782167626996e+01
14 5 8.503375200800318723e+00 2.323103338148408525e+01
15 5 2.584081597248521156e+00 9.238368279842756436e+00
16 5 -1.219315419258877498e+01 -2.260673990947663636e+00
17 5 -1.306366790511740739e+01 -5.743358619973070844e+00
18 5 -1.666941012776604580e+01 4.041365383135493872e+00
19 5 -1.161649664436650298e+01 9.429409089929428944e+00
20 5 -1.066747278507516050e+01 1.046253846256796471e+01
21 5 -3.268366492673759893e+00 8.449706886315874854e+00
22 5 -1.663029730694492514e+01 -1.675008568926755537e+00
23 5 -1.461389081402946388e+01 -7.834510780361245708e+00
24 5 -1.753638460830255497e+01 -1.422865800829866068e+01
25 5 -4.782898514084929609e+00 3.157922976216842592e+00
26 5 -6.113684228106140983e-01 2.621870148310213366e+00
27 5 1.044046899331426914e+01 1.442864286454936185e+01
28 5 1.911486312913001751e+00 3.771111729858582340e+00
29 5 -1.573605124621663132e-01 5.913423926334252734e+00
30 5 -6.539645934494797253e+00 -2.165306321786215904e-01
31 5 -2.175869906519979580e+00 3.827559893932473756e+00
32 5 3.115720205678621291e+00 2.454591388115124229e+00
33 5 7.498679603682829597e-01 1.913603508995164182e+00
34 5 2.601505849371648527e+00 6.384288826189316701e+00
35 5 -1.119956718364353510e+00 -6.382765004320383184e+00
36 5 -3.950640301600484072e+00 1.854376321588292242e+00
37 5 -1.051150614484354939e+01 -6.033826280648184159e+00
38 5 2.231036970662387375e+00 8.976140483782625523e+00
39 5 3.089053892345335228e+00 -3.991531773145234663e+00
40 5 5.041340963131851538e+00 3.690900263382713486e+00
41 5 9.644059747409887695e-01 -5.821333616821792845e+00
42 5 3.107566901348354449e+00 3.743864450301205071e+00
43 5 -2.428299259129758525e+00 2.437144701677740777e+00
44 5 -2.574141006147162791e+00 2.201373661708894147e+00
45 5 -1.391919652334645097e+00 -3.218701134933446451e+00
46 5 1.455111489341286646e+00 -6.137923881899379097e+00
47 5 3.235782918965016464e+00 -9.533016225854660242e-01
48 5 9.483800979410155207e-01 -4.404970177167382706e-01
49 5 -7.588587906168094976e-01 2.500667214110006142e+00
50 5 -2.862227294658536536e+00 -9.610521321302980535e-01
51 5 -3.496729879886597558e+00 -3.081525822279248317e+00
52 5 -1.276967832448619777e+00 -2.281560191066367427e+00
53 5 2.472438380037246475e+00 -3.227456779793540509e+00
54 5 3.066831377408370862e+00 2.502533002537432605e+00
55 5 3.427529977935444450e+00 -1.371732017432233608e+00
56 5 1.126128647578215736e+00 4.476932006220808447e+00
57 5 -2.274517050360554293e+00 -1.207668559867097979e+00
58 5 -3.222874685632520109e+00 -1.016523846432138445e+00
59 5 -3.276032528920864273e+00 -4.230233307128102638e+00
60 5 1.838169931553071068e+00 6.701246699474820989e-01
61 5 2.643234316928781524e+00 2.015634777061649174e+00
62 5 3.504298965481622563e+00 -2.696993011896062220e-01
63 5 -8.074129353251580099e-01 1.111759518428032001e+00
64 5 -2.587830186243246788e-01 -3.389357717110937696e+00
65 5 -2.443941083979551010e+00 2.485941599553299852e+00
66 5 3.157508450705903691e+00 -4.456087639265522427e-01
67 5 -1.466737001825843434e+00 3.303410319372287685e+00
68 5 2.238021912319473117e+00 -7.041213627199227609e-01
69 5 1.436279497281981232e+00 1.946710879483859236e+00
70 5 1.476677034013613055e+00 -1.586843846590539342e-01
71 5 -2.853838240330555109e+00 1.807178292262601182e+00
72 5 -1.241538707201273128e+00 2.182286425204559954e+00
73 5 -1.300440284988260142e+00 -2.441856376498755532e-01
74 5 8.895265876647146658e-03 -3.455742732534230477e-01
75 5 7.876589275247605215e-01 -2.129568828491767540e+00
76 5 3.667504533022285518e-01 -9.977200894815827503e-01
77 5 1.869115504837508546e-01 -1.278621707404596242e+00
78 5 -9.647185760755467854e-01 1.016049901400921884e+00
79 5 -1.799174294169370025e+00 7.691114153113971508e-01
80 5 3.929247337551857733e-01 -3.954333465556432725e-01
81 5 -1.296253065429616047e+00 -9.575131057375253496e-01
82 5 3.218239202678166988e-01 -2.397331401025461162e+00
83 5 -2.234049643346046832e+00 1.104274011818641821e+00
84 5 -6.094137385217536229e-01 3.445342446138719428e-01
85 5 -2.934399457192037985e+00 2.351871149487452239e+00
86 5 2.125202773930263689e+00 -2.736510216086465719e-01
87 5 5.738416104719769040e-01 7.173701601748319057e-01
88 5 2.572685098022616579e+00 -1.730110585440060467e+00
89 5 -1.438095495087862830e+00 -8.299303935823580947e-01
90 5 6.310637286660547574e-01 -1.018662481953243715e+00
91 5 1.040535005745097497e+00 1.064327556103354944e-01
92 5 1.786287032863787649e+00 4.086964904352821115e-01
93 5 3.619277924052629603e-01 4.245420159852500430e-01
94 5 1.451064700014163877e+00 2.326446869338189671e+00
95 5 2.773103566923112995e-01 5.533802771009519450e-01
96 5 -1.074753012251922213e+00 5.520447037767122200e-01
97 5 -1.628173551923957074e+00 -1.765252205215754433e+00
98 5 -1.035974905506626298e+00 -2.345213781865231398e-02
99 5 -4.173097323058599928e-01 -7.224347366494209277e-01
100 5 1.664566568143079905e+00 1.733259967102554810e+00
101 5 1.646617805017069891e+00 3.276900268988701681e-01
102 5 1.393835445889626268e+00 4.309134036102802989e-01
103 5 2.761701555900574756e-01 -1.622703004041698982e+00
104 5 -1.715039758436394668e-01 -1.527653515960765596e+00
105 5 -3.270506336751146659e-01 -8.114825509531089498e-01
106 5 5.008184734665527965e-02 1.262274283009620357e-01
107 5 7.422680512653891949e-01 1.447696348904489394e+00
108 5 1.079012324178068249e+00 -4.889009492343704411e-01
109 5 1.443504518094662625e-02 -4.269820712857722578e-01
110 5 -1.815261406696826230e+00 -1.613967341078690998e+00
111 5 -2.367206623974258406e+00 6.864610639477302101e-01
112 5 -2.005462609852149303e+00 3.251205580718345978e-01
113 5 -1.986511585639578192e-01 2.162778577917656708e+00
114 5 7.337524577255989389e-01 -1.285195590049115488e-01
115 5 1.202037635042701336e+00 -2.185897531861485943e-01
116 5 7.756429312642784124e-01 -9.385365462130470515e-01
117 5 2.926948727774582593e-01 1.582074962440236932e-01
118 5 -1.076986501203672342e+00 1.107920759331609606e+00
119 5 -7.354189683184614301e-01 -1.149761807964291283e-01
120 5 -5.337345958382212485e-01 -2.039126811179697296e-01
121 5 1.104620612787775347e+00 -1.034417985096925285e+00
122 5 6.413415229183178079e-01 4.676146953497017922e-01
123 5 9.022808255242439346e-01 -2.497507966438478610e-01
124 5 -1.133027473297999910e+00 4.326820966750332120e-01
125 5 -9.926177573222756401e-01 3.830707385456866287e-02
126 5 -2.003015926081802345e+00 4.029150787239248466e-01
127 5 2.870351047113746112e-01 2.570721112276578846e-01
128 5 8.683772651964749567e-01 -7.018071782693095784e-02
129 5 1.275020402758622495e+00 6.232039447874222482e-01
130 5 -6.536606940239163555e-01 -9.881184993125368132e-01
131 5 -1.936462497571384556e-01 1.172466773735098555e-01
132 5 -2.790633205787806936e-01 -6.828256589609345006e-01
133 5 -3.930492905694148997e-01 3.802955647957464991e-01
134 5 -6.741400281998282118e-01 -5.190525336909113108e-01
135 5 3.734455505333937886e-01 3.449160098528548102e-01
136 5 8.712145694914456007e-01 -2.760664276727003638e-02
137 5 7.334174394109012063e-01 1.744784522314613007e-01
138 5 2.347706453585247099e-01 -5.886406225463215458e-01
139 5 5.018407588223976479e-01 -1.031778519712197584e+00
140 5 5.491327535242450375e-02 2.353994704162002127e-01
141 5 -8.478592509727522764e-02 8.324352745949112897e-01
142 5 2.971410065343425555e-01 1.259301792727705038e+00
143 5 4.786977128335488385e-01 -8.600912341416994122e-02
144 5 -1.047236163502915929e+00 -2.400822615000838267e-01
145 5 -1.740906802745736948e-01 1.095276342628301314e-01
146 5 3.281328966191615071e-01 6.980505992387712189e-01
147 5 6.653663495868205047e-01 2.241314049697198385e-01
148 5 -4.155287402521868900e-01 -3.270245468818893109e-01
149 5 -4.599233615488592108e-01 -8.380899847273792780e-01
150 5 -4.987773441641408373e-03 -9.849838076049408642e-01
6 6 -2.780981221129654557e+01 -8.931251228751472260e-01
7 6 -2.601034761407521145e+01 1.031392280712896570e+00
8 6 -9.549301632263848205e+00 1.506484904098335242e+01
9 6 -1.497216411050482421e+01 2.075901777288351013e+01
10 6 -1.706621831144053525e+00 -2.668970868335095670e+00
11 6 2.269565510423387167e+01 -8.570445198950403798e-01
12 6 2.401071749170966285e+01 -3.419947066619580589e+00
13 6 3.630854725956124351e+00 -6.750943230979457255e+00
14 6 -3.147779592327847986e+00 -4.910378611454599529e+00
15 6 -6.010726255295289810e+00 -3.385465217997241982e+00
16 6 -1.630890019827680959e+01 2.408517162359938624e+00
17 6 -1.244331515086905959e+01 1.837065786226233044e+01
18 6 5.333352668160149079e+00 1.047216832494709848e+01
19 6 -8.525407830003273180e-01 7.919328191867872846e+00
20 6 -1.134237958815847236e+01 4.508901655798008279e-01
21 6 -1.553227527861021429e+01 1.138698253028952578e+01
22 6 -1.550504090316783845e+01 5.188624149849880851e+00
23 6 -7.548063582500657454e+00 1.382441179996751579e+01
24 6 2.466793890303544678e+00 5.785358554428411182e+00
25 6 9.513317708279069862e+00 5.952144082383013846e+00
26 6 1.772844740329017288e+00 -2.848189442190034004e+00
27 6 9.243924384709268915e-01 6.353564333454334800e+00
28 6 -1.019010554982590300e+01 6.684510996048811826e+00
29 6 -3.086254801604861875e+00 7.828950901398133766e+00
30 6 -6.811657910920091652e+00 3.564996171793273660e+00
31 6 1.414222127563287579e+00 1.365699492110175495e+00
32 6 -4.959699133616270572e+00 -9.471516115547009562e-01
33 6 2.107880839078909219e+00 -2.687680581476131980e+00
34 6 -2.502208510487743176e+00 5.051725080890649977e+00
35 6 5.415214368152980740e+00 5.186198074226455290e+00
36 6 4.312384824654127868e+00 4.944830658232262977e+00
37 6 2.810842001642355203e+00 -2.431580643783555207e-01
38 6 -2.003441701516340157e+00 2.063453442378108127e-01
39 6 -1.066779953997663233e+00 -1.934632947205381814e+00
40 6 -1.583058983361670169e+00 3.201618422024917088e+00
41 6 6.884347997393756025e-01 1.643646322975694130e+00
42 6 3.244928726624538129e+00 1.999827146835091440e+00
43 6 -7.254815212039501804e-02 -3.321401206860726818e-01
44 6 -6.338404683691697628e+00 2.132894785475387245e+00
45 6 -4.379840185400673214e+00 -4.249033651611449081e+00
46 6 -3.238764794019086679e+00 -2.747704943378483922e+00
47 6 3.042821898426356864e+00 -4.444760841334145063e+00
48 6 2.230429858140317023e+00 5.278421750258648792e+00
49 6 3.641376427592534881e+00 1.500133779905496345e+00
50 6 -3.761657736594572476e+00 4.485533036285315411e+00
51 6 -3.023326485078862702e-01 -2.834425714783073591e+00
52 6 -9.982134522454676473e-01 7.609382716157782056e-01
53 6 3.873813954463000808e+00 -6.398118445881300076e+00
54 6 5.496554899850680798e-02 3.112314029418203898e-01
55 6 -1.295108869917646954e+00 -8.671700684557633876e-01
56 6 -3.380983747779735538e+00 2.674089639444064748e+00
57 6 -3.581793940072000471e+00 4.121490606000302037e-01
58 6 -3.872975022435912074e+00 1.612906266079212170e+00
59 6 -1.550154254812071919e+00 -1.690588978809956622e+00
60 6 1.257680821384203451e+00 -4.679396096075669753e+00
61 6 7.170336253072804311e-01 -2.238137902410965108e+00
62 6 8.018693660425508796e-01 8.355680764342232614e-02
63 6 8.895332500951391719e-01 3.680487951471502317e+00
64 6 -1.002982255243414222e+00 -2.139086505273763095e+00
65 6 8.503385170162444107e-01 -1.040660900991870363e+00
66 6 4.571312453108045126e-02 -3.274536964696106889e+00
67 6 1.440572946212455907e+00 6.027003840978453209e-01
68 6 -5.609500070173212283e-01 -5.710044072668547521e-01
69 6 2.732289375186347069e+00 2.693974685625458942e+00
70 6 1.022978103168064257e+00 7.219192835258037011e-01
71 6 4.488976336753553120e+00 7.892920099874951578e-01
72 6 5.456828748007394037e-01 7.923973945589930512e-01
73 6 -9.394396703057714682e-01 -1.337079272637195837e+00
74 6 -2.339306721114458032e+00 -8.037914236820216107e-01
75 6 2.955020932842752912e-01 5.868933953124217950e-01
76 6 8.613071165874413015e-01 2.617605229593920058e+00
77 6 3.400109368159373036e-01 -9.181419618966550900e-01
78 6 -3.117345900291372818e-01 -4.617602874698032434e-01
79 6 -1.756909465167404649e+00 -1.326875114166873093e+00
80 6 -1.569324413212859204e+00 2.494217737154034997e-01
81 6 -2.063804666434057467e+00 -3.266089491603744177e-01
82 6 1.196951670076822571e+00 1.337143153317915223e+00
83 6 9.444551147652482381e-01 8.008050998971776302e-01
84 6 1.434401716089853451e+00 2.986702393615238149e-01
85 6 -1.755730826478232975e+00 4.026618353183669119e-01
86 6 3.496524225719316314e-01 9.752515730230681967e-01
87 6 -1.021734452268112658e+00 -1.780261218384684430e-01
88 6 2.056728197636226163e+00 1.440536028117172518e-01
89 6 -1.730246236454311637e+00 7.097687062784810985e-01
90 6 9.746154851664858842e-01 1.289047316473401317e+00
91 6 -1.549217107470364674e+00 -1.329275446504974312e+00
92 6 1.911231447661227989e+00 -1.219334154829510464e+00
93 6 -1.481254825248972340e+00 -4.616499492097962953e-01
94 6 9.920885958005187799e-01 7.679417336787848214e-01
95 6 -1.761469706751258357e+00 1.012627486520061515e+00
96 6 -3.101662783397934886e-01 1.108127555056353186e+00
97 6 -1.363483848769440288e+00 2.058606683070358101e-01
98 6 7.991254736548356608e-01 -2.029668369831256314e+00
99 6 1.566375209269172952e+00 -6.284191778803547290e-01
100 6 1.620907219948907407e+00 2.633620620667109780e-01
101 6 1.436743511404711349e+00 1.754780366459849139e+00
102 6 -1.326578486605866081e-01 1.884648270822885663e-01
103 6 -1.668299470758162206e-01 -5.736867258750261156e-02
104 6 2.570794905601314628e-02 -1.138517135439053085e+00
105 6 9.502952522331986618e-01 -1.484709263494554898e+00
106 6 2.144928188519297230e-01 -9.497931240645027806e-01
107 6 -9.086590156194173096e-01 -1.246078469997409899e+00
108 6 7.703213124188190708e-01 -6.420654005319424984e-01
109 6 -9.862330999614056237e-01 -2.289196854964593575e-01
110 6 5.074363980388202355e-01 1.749151627512074869e+00
111 6 -1.003876522229439683e+00 -6.009056278114856958e-02
112 6 6.853388213256728090e-01 9.306234245128700011e-02
113 6 -1.956892672726036286e+00 -1.261039639805168866e+00
114 6 1.380317110271743752e-01 1.349819153181607279e-01
115 6 -6.563356121668253440e-01 3.234526288728136190e-01
116 6 1.898945090427265336e+00 1.133049042527381811e+00
117 6 5.379997901201000188e-03 4.343797671670888150e-01
118 6 -5.460743176026173762e-01 -6.336429629966963684e-02
119 6 -9.778688129783177363e-01 -1.176648006282092318e+00
120 6 -5.873613438589262437e-01 -1.751220033474753524e-01
121 6 -2.332009568998783811e-01 -8.097309964716253861e-02
122 6 4.616659532893436779e-01 3.903096414837292083e-01
123 6 1.415115804772908881e+00 8.023263732690850691e-01
124 6 7.221525441606906348e-01 1.138289720319231035e+00
125 6 -2.976859502443080507e-01 5.733183184277157451e-01
126 6 -9.134878493760831830e-01 -3.798971911652560540e-01
127 6 -4.461504783120526230e-01 -7.590986728093793712e-01
128 6 1.240011079343833478e-02 -3.711121817616959140e-01
129 6 -2.759072847528531991e-01 8.044497416514105881e-01
130 6 -1.440044403906802772e-01 4.940877426534019401e-01
131 6 -5.819001308618522161e-01 7.273281285286000708e-01
132 6 4.890821960452018669e-02 -2.481187025222916787e-01
133 6 5.276757466058304979e-01 -5.416229044077558452e-01
134 6 1.687126504588082332e-01 -1.191734690169233168e+00
135 6 -4.298160389980027474e-01 -6.419760508659735354e-01
136 6 -6.858732004849259489e-01 1.602865505543266678e-01
137 6 -5.286070447606776301e-02 4.989865005546194054e-01
138 6 9.162747348810530434e-01 3.098705935787584576e-01
139 6 1.342467397118949357e+00 3.209312712045501170e-01
140 6 2.126796669705575682e-01 3.690804715526895263e-01
141 6 -6.329452283781051847e-01 1.398907645067453687e-01
142 6 -8.929109072589184182e-01 -5.854161354378224491e-01
143 6 -1.263733111936746756e-01 -3.183473340614211833e-01
144 6 9.377056882730105958e-02 -1.133313644333848735e-01
145 6 5.380180738988521449e-01 8.027155022824749020e-01
146 6 3.770645361204072454e-01 -3.222687564958491291e-01
147 6 1.254017367572656472e+00 9.721263200334507859e-01
148 6 -2.110220993619371654e-01 -1.955904581262252195e-02
149 6 1.262923634837740117e-01 -3.403282668712233061e-01
150 6 -5.662259360710504286e-01 -1.540318196632859626e+00
7 7 -1.924914865771382821e+01 -3.206415126727107179e+01
8 7 5.165263053398775384e+01 -1.746552264010384192e+01
9 7 2.581851848065198851e+01 -4.330232502607108813e+01
10 7 1.204181910972818947e+01 -3.316292644514783916e+01
11 7 4.069003827788556515e-01 -2.315364288219934963e+01
12 7 -1.145701550154823778e+01 -6.288901506772947236e+00
13 7 -6.546103258207997655e+00 1.644717862387210161e+01
14 7 1.657430299853056122e+00 2.334185774661707313e+01
15 7 5.452514806594372487e+00 4.456216254835126733e+00
16 7 3.333995029220980566e+00 -8.540229537927102044e+00
17 7 1.173032757368905887e+00 -7.452542633749437151e+00
18 7 -7.523618633270817035e+00 6.902990199607469179e+00
19 7 5.069389788620803472e+00 1.136345928754154322e+01
20 7 -8.081068595452494119e-01 2.242695096266917432e+01
21 7 8.944774343303434350e+00 1.082282468062025771e+01
22 7 6.119065717801508875e+00 7.829353447142751499e+00
23 7 8.262533852644930121e+00 -2.779885030145925917e+00
24 7 -9.232494711581020752e+00 1.029094016274155798e+01
25 7 7.649874305622930137e+00 6.253219895837747178e-02
26 7 -8.080546499029857443e+00 1.178767297060671559e+01
27 7 -1.205408160045452259e+00 5.032665821711368892e+00
28 7 -5.978025858346931010e+00 1.246656491503311770e+01
29 7 5.749995937600772322e+00 -9.307251846158035580e-01
30 7 -6.141048081538548864e+00 7.398957368384047939e+00
31 7 2.276494143798068581e+00 6.553509739755694952e+00
32 7 6.431940982293747888e-01 1.283600617474174044e+01
33 7 3.795659652816774532e+00 -2.360427513029342284e-01
34 7 2.894758074623033917e+00 -2.024286327227740490e+00
35 7 2.188405581242201858e+00 -2.987397763747580370e+00
36 7 3.656765864529285093e+00 2.137363875458532902e+00
37 7 7.443244968091244917e-02 4.688540742901213143e+00
38 7 3.155938323174329430e+00 6.192676636082206976e+00
39 7 2.453780321042158263e+00 5.350092433501778544e-01
40 7 3.596938060445258767e+00 -2.208960413664548650e+00
41 7 -3.682204122308705863e+00 -2.532342009849464226e+00
42 7 -2.166216547249673496e+00 2.151943756728468937e+00
43 7 -1.276017352844573960e+00 2.365574122085456477e+00
44 7 -1.429187829590489622e+00 3.046756215973725812e+00
45 7 1.719288785985680246e+00 -1.835542229278327442e+00
46 7 -2.503363168677299466e-01 -1.038499251659242617e+00
47 7 4.196946675837364360e+00 -5.064591094366222013e-02
48 7 1.711536064060300566e+00 2.857403670220946879e+00
49 7 2.929484863506162107e+00 4.065346502969655162e+00
50 7 -6.354404004589665256e+00 4.072671098299721848e+00
51 7 -2.231188842498079250e+00 -8.152006525969701656e-03
52 7 -4.288522721390376269e+00 -5.103837840229583200e+00
53 7 1.989445842133701348e+00 -2.597573301218261577e+00
54 7 -9.082958105105062296e-01 -1.614782156874012164e+00
55 7 3.044113923529353283e+00 3.081343978123543437e+00
56 7 -4.012823493007989795e-01 1.292080297392563359e+00
57 7 4.274447047429876800e-01 2.358241949433444340e+00
58 7 -3.497270906097652787e+00 9.210080746634595750e-01
59 7 -7.230583795688239057e-01 5.427411927637846301e-01
60 7 -5.208342737547416723e-01 1.275010348233978741e+00
61 7 3.865900546372726954e-01 1.084602713285039766e+00
62 7 2.729219147562375603e-01 1.255426515515861485e+00
63 7 3.478330589421342323e-01 3.112336640409426036e-01
64 7 -2.618793289433025251e+00 1.156006145521296435e+00
65 7 -3.295888106379308624e+00 -1.647711490523256828e+00
66 7 -5.940540384877764923e-01 1.445299238519701657e+00
67 7 -8.425572863994486017e-01 -2.055499847067368879e+00
68 7 -3.819219777303000662e-01 -2.224040710902228213e+00
69 7 1.262128238169304417e-01 -1.442051147763606211e+00
70 7 1.193878723600969138e+00 -1.150681415899107884e+00
71 7 -2.674779352317274705e-01 4.300953639532272832e-01
72 7 -1.345216323700264782e+00 1.564409045723481828e+00
73 7 -4.514582938262023948e-02 2.891713694225740205e+00
74 7 6.918344661407573870e-01 -2.425112352665157012e+00
75 7 2.370944786863958598e+00 -1.975417989981436584e+00
76 7 -4.392452797723857272e-02 -2.792558231762927168e+00
77 7 3.967802633903713128e-01 3.070402804681003239e+00
78 7 -2.152632932855226944e+00 -5.536176451061224357e-01
79 7 4.147178040551600109e-01 5.649078513034347937e-01
80 7 -7.282502825861246754e-01 -5.751690552815703628e-01
81 7 2.142449875202041998e+00 -2.041381492355998084e-01
82 7 -1.074174602863326777e+00 -2.690396658163233479e+00
83 7 1.476546359267507658e-01 -6.942386134237181761e-01
84 7 -1.674175434088104542e+00 7.732364752606704084e-01
85 7 5.069990750411352831e-01 5.705919139039545840e-01
86 7 2.297329344053918865e-01 4.451055175192776270e-01
87 7 1.602475360703864871e+00 -4.664081976412672859e-01
88 7 1.575722635943305194e-01 8.883950758649619139e-01
89 7 1.786049652275405464e-01 -2.454245277069098674e-01
90 7 4.345033448893950712e-01 1.274169341429871372e+00
91 7 2.427146834147092536e-01 5.379249650323174592e-01
92 7 4.301472157390207607e-01 2.035243691048209680e-01
93 7 1.691476543354946127e-01 -9.878946100792290741e-02
94 7 2.937543462470791344e-01 9.925303577024423562e-01
95 7 -8.192803648497707369e-01 1.079150992224093386e+00
96 7 7.191903012491143721e-02 3.856383815044000518e-01
97 7 -2.933777102541630377e-01 9.655665269609435830e-01
98 7 1.783887606929838443e-01 -3.248601135906470927e-01
99 7 -7.066613016720579843e-02 -6.781967785858726838e-01
100 7 1.370243970417434953e+00 -4.332889593268535178e-02
101 7 1.039767493055262282e+00 1.135389678116566770e-01
102 7 2.864867235815959368e-01 -2.876748457777816848e-01
103 7 -6.267806844813847977e-01 -1.465639690457697597e+00
104 7 2.122536204059325970e-01 -3.179925135549164783e-01
105 7 -9.030999087856939056e-02 -6.628158676760771417e-01
106 7 7.007728656748127838e-01 8.434850504547296568e-01
107 7 -2.970595017757883261e-01 -7.489344405757221157e-01
108 7 3.989080361733704505e-01 1.266302265843105568e-01
109 7 -1.050810858496140643e+00 -1.537467493181695843e+00
110 7 -2.516940495124058708e-01 -3.713477920763825768e-01
111 7 -1.299118747893453163e+00 2.621615914273419667e-01
112 7 6.254740450016356146e-01 1.212356109748321975e+00
113 7 -3.782415601121332793e-01 5.791203172469583382e-01
114 7 4.269666177653069772e-02 -9.455918995570694596e-01
115 7 9.894759156349797191e-02 -1.184277858330173183e+00
116 7 5.896671180968714454e-01 -7.443368934966651529e-02
117 7 -4.295878820690890443e-02 5.474343608635872105e-01
118 7 -3.744629030815368465e-01 1.044587589184392096e+00
119 7 -7.490281515604770846e-01 -2.975580915752910061e-01
120 7 -9.020598735075802121e-01 -1.095214414242778878e-02
121 7 5.859329526298008295e-01 -1.414456558135605446e+00
122 7 6.182700922510747654e-01 6.487726692614839141e-01
123 7 9.202198436002961834e-02 -2.335602871930642088e-01
124 7 -2.833174008517896358e-01 2.188898267066992087e+00
125 7 -1.373682915729300902e+00 4.799348300019307678e-01
126 7 -4.337154649607272705e-01 2.948025616253969750e-01
127 7 7.333352217983313270e-02 -7.481942555079075241e-01
128 7 1.222171333394516335e+00 4.440994481228979773e-01
129 7 3.247475044186390880e-01 -3.842054180747452863e-01
130 7 6.902273381089755189e-01 -6.873134378583272142e-01
131 7 -3.163700249991241442e-02 1.749943970847523400e-01
132 7 6.150592341508233085e-01 6.143230359723987899e-01
133 7 -7.939495612529290369e-02 1.195859390896815144e-01
134 7 -8.642386519924093458e-01 -1.004630164759505589e-01
135 7 -5.157263133296696722e-01 -2.877814504277445562e-01
136 7 -3.779004492925401859e-01 6.304925064052280259e-02
137 7 6.899562065064168692e-02 -9.310495978570993980e-01
138 7 -1.559171956136311266e-01 -2.497149084035246158e-01
139 7 -8.703604958694566296e-02 -1.838616528225352487e-01
140 7 -8.684640031249928338e-01 1.089118968822307965e+00
141 7 -5.102640850133695061e-01 1.334547417959300319e-01
142 7 2.416851411082147072e-01 3.116408173387034131e-01
143 7 8.712695712329173725e-01 -4.402780061453960281e-01
144 7 3.125221373426586569e-01 -1.493017765506721606e+00
145 7 4.712321633225400874e-01 -1.966252939568093883e-01
146 7 7.096184668988785305e-01 6.762621202593700476e-01
147 7 7.438379554374081604e-01 1.956306766940983932e+00
148 7 -3.805960127202699939e-01 5.344451534493744882e-01
149 7 -2.841629892733114060e-01 8.663392079884407737e-02
150 7 -3.127145396834285496e-01 -1.411733556025031699e+00
8 8 -1.723203384983682440e+01 -8.940653899647394098e+00
9 8 4.593340184038229523e+01 -1.286944330229928379e+00
10 8 2.882251213722561989e+00 -2.150202040124644220e+00
11 8 9.528046992243790925e+00 3.556734664099234777e+00
12 8 6.788040170977891474e-01 1.052615304014205000e+00
13 8 -1.861218170392565696e+01 -7.652443585003652515e+00
14 8 -1.608019666842191597e+01 6.008444782377187821e+00
15 8 -9.791581933233523216e+00 1.209135327304585772e+01
16 8 -2.697711266904653904e+00 9.234410513484773375e+00
17 8 1.213854042725806970e+01 1.139096239010198097e+01
18 8 2.041780835385630866e+01 6.820459420651888038e+00
19 8 1.178854878273011053e+01 -9.743628833714661042e+00
20 8 2.971741624162760331e+00 -4.996337779955695169e+00
21 8 -1.211517798834828952e+01 -2.212181873911882590e+00
22 8 2.939555321119507791e+00 5.989767672796909359e+00
23 8 1.339578865216117975e+01 5.184784076925854635e+00
24 8 1.885126759186283252e+01 1.469619028470106770e+01
25 8 6.482047573089390724e+00 2.455221885378874092e+00
26 8 1.206787196635391446e+01 1.032220523876699048e+01
27 8 -9.075902975191493027e+00 -3.810025793741430800e+00
28 8 -2.449477930546666737e+00 5.960373433428013179e+00
29 8 -5.224038831653188275e+00 -6.775248436624072834e-01
30 8 1.216923531000013448e+01 8.448731468226517549e+00
31 8 2.597190152928817053e+00 -6.904731314985178559e-01
32 8 7.769808053120019764e+00 8.289838871426333355e+00
33 8 -5.295050534263888053e+00 4.459913854121952959e+00
34 8 2.811438024562008309e+00 1.048546840585775719e+01
35 8 2.766468091931866713e+00 3.327565472293131155e+00
36 8 8.594553614668704711e+00 -1.120490209636422652e+00
37 8 2.235586071403136366e+00 -8.886809329196687646e-02
38 8 1.599078927336408551e+00 2.571872823892286775e+00
39 8 -1.250967592737668166e-01 2.003554494103048089e+00
40 8 1.155113567916913109e+00 -8.050661132146618160e-01
41 8 -2.765846978298857062e-01 1.909090469304933535e+00
42 8 2.196144262606291697e+00 2.335250308217930448e-01
43 8 1.656925864738175491e+00 -4.905633125896096125e+00
44 8 1.427901871058999239e+00 -2.559865790289433729e+00
45 8 -1.817437256521192257e+00 -2.245349873925290396e+00
46 8 1.849125529726038941e+00 1.897105823672780023e+00
47 8 -1.822628936020384560e-01 1.613226256145796067e-01
48 8 3.981406223766548624e+00 5.525812491775145219e+00
49 8 6.443377536823956531e-01 1.842534163756291754e+00
50 8 -1.920167680329109672e+00 5.156710970762802271e-01
51 8 -4.681455479804013997e+00 -1.418198763142698660e+00
52 8 -8.629906826703912515e-01 1.139981249875310354e-01
53 8 4.835526048761964901e+00 4.907076434810151433e-01
54 8 3.209643581167167969e+00 -1.809650032289843447e+00
55 8 4.043979649251714936e-01 3.309535381150170874e+00
56 8 -4.170329888667321683e+00 -1.305180457253907744e-01
57 8 3.963595161998615390e-01 4.192749110375671329e+00
58 8 6.804221867528503775e-01 -6.325649614766926110e-02
59 8 2.096277817240756125e+00 2.426414309252585610e+00
60 8 1.568432578595216231e+00 -1.689258249138410495e+00
61 8 1.835151583112665685e+00 -1.007357831968513695e+00
62 8 1.938989268382452780e-01 -3.727225288371822653e-01
63 8 -1.719597887151442794e+00 2.344198138180245472e+00
64 8 2.310777663840799079e+00 2.751902328608481163e+00
65 8 -8.047505782385773188e-01 6.051946221217792132e-01
66 8 1.628124496234188534e+00 1.080075897559201303e+00
67 8 -4.096811616576196413e-01 -7.477371699990709164e-01
68 8 -5.191292963385780723e-01 2.902518997392387945e+00
69 8 -1.738506189205688557e+00 1.087274933982947056e+00
70 8 4.423498813283266440e-01 1.318142761113137329e+00
71 8 3.212830378235357331e-01 1.121426926042738303e+00
72 8 -1.119407260260567583e+00 1.224717082232391174e+00
73 8 -1.151858214479956954e+00 -2.855512365945634401e-01
74 8 -2.989385377990394943e+00 -1.080746334018006238e-01
75 8 7.120643736899027187e-01 4.523485831735543639e-01
76 8 1.290211964824248492e+00 1.275525576538767414e-01
77 8 1.058771342360018242e+00 -1.495820728027597302e-01
78 8 -1.398807947234610438e+00 -8.235286454798059763e-01
79 8 -1.450975724791856214e+00 -7.666126115433279375e-01
80 8 -1.106948362231695793e+00 -1.431992706288428341e+00
81 8 5.384797779329140166e-01 -3.775911241159650711e-01
82 8 2.483069848090729281e-01 4.556023486827394109e-01
83 8 6.852446908246215829e-01 -9.295260953938108694e-02
84 8 1.076818316935513331e-01 -1.094414557612114258e+00
85 8 -6.649511348402331601e-01 4.208024991502987144e-01
86 8 -1.827609568816654040e+00 -1.548867076755527927e-02
87 8 9.105146556516169332e-01 -7.451645049693086942e-02
88 8 2.272665981055433382e-01 -8.478415519645796650e-01
89 8 3.485073294467524452e-01 4.170971589685224523e-01
90 8 -1.575364971218827126e+00 1.141987305431087840e+00
91 8 5.571621841589685653e-03 8.725697992602307052e-01
92 8 5.540859788620788873e-01 -3.512881261256787235e-01
93 8 -1.875132218402191797e-01 -2.059767564026091513e-01
94 8 7.505519349544691465e-01 5.307347673784421627e-01
95 8 -2.380585106587471828e-02 1.349742825829287340e-01
96 8 -4.255204926821160027e-02 -4.459868680300150823e-01
97 8 -2.601096837062591760e+00 -9.378098565228528694e-01
98 8 1.170339019207053965e+00 -7.977357725835068081e-01
99 8 8.546529558773081625e-01 2.613601452153433424e-01
100 8 3.062511168815296614e+00 9.700762913883019811e-01
101 8 5.052008222961822392e-01 8.378638577709544011e-01
102 8 -2.296466984626925889e-01 -4.472783240920251702e-01
103 8 -1.342510795731859163e+00 -5.909125887497357343e-01
104 8 1.189444390435864252e-01 -1.177848480626240146e+00
105 8 1.857290064203356572e-01 6.191757096640451014e-02
106 8 3.839417796868149768e-01 -3.041594061580966679e-01
107 8 4.167859048519115261e-01 4.939399350392544852e-01
108 8 3.370324254148241439e-01 -1.618525886000315439e-01
109 8 4.635345363166723520e-02 -2.044342056853782896e-01
110 8 -1.756071572295996308e-01 -3.804041368387542921e-01
111 8 1.147446716228132935e-01 5.367685370852740556e-01
112 8 -2.337873916492583248e-02 -6.177627856452003741e-01
113 8 -6.429893905958723455e-01 -8.803139442666887415e-01
114 8 -1.263998840724183115e-01 -1.437941223188657247e+00
115 8 7.172357753932937507e-01 -7.055238952358335869e-01
116 8 9.320561895162854382e-01 3.303255530260961192e-01
117 8 -6.937680175120325421e-02 9.330645516725404320e-01
118 8 -6.531068068158171203e-01 7.748617863343713053e-01
119 8 -7.234463251202198908e-01 3.868976856731005110e-01
120 8 -1.317690386805368874e+00 -6.076065514327838590e-02
121 8 -8.123457108914107216e-01 -1.006795144562140809e+00
122 8 5.213887312307086130e-01 -3.658473965775381198e-01
123 8 8.172404425352259860e-01 1.518021901184037348e-01
124 8 3.923310582474910380e-01 1.536673337957077168e+00
125 8 -7.679813264492537650e-01 1.573339235222229737e+00
126 8 2.438297008216289141e-02 1.080653713328080023e+00
127 8 -2.611734451716082317e-01 -2.171165716912069332e-01
128 8 4.013002749052606011e-01 -8.285241955007853765e-01
129 8 -4.111916405151778281e-02 -6.090498592607078709e-01
130 8 9.454735914111804806e-01 -1.161151111670485903e-01
131 8 -1.953252973133046411e-01 2.478119492360640330e-01
132 8 6.653803514798539709e-02 -1.965644162171886755e-02
133 8 4.118447337444177681e-01 -2.938085573756962776e-01
134 8 3.635374490656608226e-01 -2.003854084846490302e-03
135 8 -9.720454490753729360e-01 -2.517853253449640061e-01
136 8 -1.236047865693165493e+00 -2.098451237142764936e-01
137 8 -2.450242820194668547e-01 -9.705198605188517513e-01
138 8 1.447524124825988689e+00 3.506892149201129572e-01
139 8 1.367059421607084602e+00 5.656089097346640726e-02
140 8 5.803168915877789935e-01 1.314715024107781849e+00
141 8 -1.414784734471698391e+00 5.703810617232418778e-01
142 8 -1.201809781857940518e+00 8.972890020532944266e-01
143 8 -6.888245847152582035e-01 -5.750430148237303252e-01
144 8 3.346614027286434756e-01 -2.360918960141625278e-02
145 8 4.603974600698418351e-01 -6.009922667720753175e-02
146 8 1.391467440367143871e+00 -2.208874312810585328e-01
147 8 3.901242357156304297e-01 5.526825957204125478e-02
148 8 -1.236211975561053222e+00 -1.780380533582785474e-01
149 8 -1.090420532283994826e+00 8.473746184880362464e-02
150 8 -8.205000024432772543e-01 -2.842653269056554244e-01
9 9 -4.637972283920236194e+00 4.592836359023949377e+00
10 9 1.222423152599985130e+01 1.263404331749306309e+01
11 9 -2.060177800334101050e+01 3.945090155970308388e+01
12 9 9.180042888368251663e-01 2.452193614115878617e+01
13 9 1.628544484006840065e+01 1.658782460487739741e+01
14 9 1.097405723446194870e+01 8.110324249885680459e+00
15 9 1.298502760352920760e+01 -2.091459956307875068e+00
16 9 5.813302081586748660e-01 -1.735927653832852968e+01
17 9 -1.477452107436542228e+01 6.570693627277413018e-01
18 9 -8.218236523485551004e+00 1.609917402232492023e+01
19 9 1.951338512756716659e+00 5.236755217229734249e+00
20 9 4.118321244307656670e+00 -3.938756477064362382e+00
21 9 1.718078159725317189e+00 -3.169138477296260525e+00
22 9 7.098598386662121840e+00 -1.179841054507959086e+01
23 9 4.945047126618031252e-01 -6.094898661024417130e+00
24 9 -4.400549347245295007e-01 -3.971907520036396910e+00
25 9 -6.504328888585757973e+00 1.186525738896500215e+01
26 9 -1.720967215340321932e+00 5.396646403405291004e+00
27 9 -4.691245245437178468e+00 1.161304065067529123e+01
28 9 7.049252513617416227e+00 -7.816235508122002962e+00
29 9 6.801872679115200881e+00 -4.757110165784392830e-01
30 9 1.028885625629930090e+01 -9.449598567437254459e+00
31 9 5.938713814631842780e+00 1.213904855923925830e+01
32 9 1.149356097377475194e+01 3.813071456555482186e+00
33 9 8.810680930880877781e+00 9.965277219598387859e+00
34 9 1.931518643999398988e+00 -6.631053451554366873e+00
35 9 3.138787418190964296e+00 4.269520797028286019e+00
36 9 -1.295727255703607028e-01 -9.337069783768128239e-01
37 9 7.054802507570379078e+00 7.154858628098248463e-02
38 9 -6.951544965984167435e-02 -7.858524775211251923e-01
39 9 7.516434979797084637e+00 -1.474548420182479669e+00
40 9 -1.132248992220646677e+00 -1.265781694014538106e+00
41 9 4.571208878328655523e+00 -5.567920659406198070e+00
42 9 -6.864970928860350874e+00 4.084482597621545530e+00
43 9 -1.582364950216688104e+00 -5.694663918149891479e+00
44 9 -9.650792605476343766e-01 1.376243337411121148e+00
45 9 5.496582010375933969e+00 -8.596402141820608023e+00
46 9 4.017086769732477691e+00 9.014421293700626281e-01
47 9 -2.403578394357665182e+00 -3.955839616314440477e+00
48 9 2.756627079509808009e-01 8.791649358736780329e+00
49 9 -3.495086315752976791e+00 2.381775839278688078e+00
50 9 7.154953935595630421e-01 4.582736014260188284e+00
51 9 -6.622205104033894507e+00 -4.377472769295874144e+00
52 9 3.111461123375180993e+00 -1.359560062317039852e+00
53 9 -5.585486773873145072e-01 -3.056223941797171051e+00
54 9 3.900231997429078667e+00 2.972579910360372502e+00
55 9 1.280745387379520261e+00 3.395227858488114592e+00
56 9 3.196929763431110683e+00 3.432085288009369517e+00
57 9 -1.316158647879755783e+00 -4.483480056987588114e+00
58 9 -1.297669763512827812e+00 -4.573378164812538671e+00
59 9 8.377988543414756073e-01 -2.311972816851174173e+00
60 9 -7.480130691501779561e-01 1.552589680451429865e+00
61 9 1.442188655017580423e+00 1.184387754375497925e+00
62 9 1.577279225620451086e+00 7.551362652253738039e-01
63 9 2.074879367779154826e+00 -6.954350773514936801e-01
64 9 3.112828222111925225e-01 -2.061307001960757557e+00
65 9 -5.002423480016607860e-01 9.407036296179795976e-01
66 9 7.595858844094511841e-01 2.324548494901200524e+00
67 9 2.480347994684755086e+00 2.830561657726681890e+00
68 9 3.110034689176263800e+00 3.231783000590017219e-01
69 9 2.025013834345070207e-01 -4.349521312289329478e-01
70 9 1.119622400919449312e+00 -1.595228994806671408e-01
71 9 -6.120000856608165396e-01 -3.303132044951214707e-01
72 9 -6.566296894328297329e-01 1.624239147066850242e+00
73 9 5.149036486943053825e-01 7.034767246653597095e-01
74 9 3.282160890723911234e-02 1.417004898710965355e+00
75 9 8.446975738484140406e-01 -2.600503055175041656e+00
76 9 4.462916552049379093e-01 8.060564295687936420e-01
77 9 -9.447106794345805358e-02 1.146456494437181339e-01
78 9 -1.405783358048058318e+00 2.840252414101005041e+00
79 9 2.152328135711301105e-02 -5.976095892069462900e-01
80 9 1.158645350843275690e+00 -1.020289026259008747e+00
81 9 1.653196583401292052e+00 -1.082888514301051153e+00
82 9 2.441405559136210712e+00 4.067501866005956979e-02
83 9 5.964001404863277234e-01 1.867240293568959597e+00
84 9 8.254774345124742396e-01 3.857594134167424138e-01
85 9 -9.334424201941600163e-01 1.017217346585219673e+00
86 9 5.981756345202864367e-01 -3.712961699512317137e-01
87 9 -2.713029037774192798e-01 1.405387690650081733e+00
88 9 -7.505558802154299602e-01 -1.211758368199144370e-01
89 9 -1.292364781374953253e+00 8.203745299813780534e-01
90 9 -1.293526640243212844e+00 6.963726761934329046e-01
91 9 -1.193074669101899798e-01 4.327095044072828411e-01
92 9 -9.593459943239166510e-01 -7.207099041920913551e-01
93 9 2.412280017259388898e-01 -6.186153982557297537e-01
94 9 -1.078963751013920280e+00 1.187508931764815756e+00
95 9 7.413954483605554868e-01 1.157702685366975626e+00
96 9 -4.360848189911802758e-02 8.011293196554430951e-01
97 9 1.037705438353510479e+00 -6.427064455244220209e-01
98 9 -4.694674576177362835e-02 -1.882891537548228911e+00
99 9 6.498125340743718947e-01 -1.409894701069259959e+00
100 9 -5.537126592917821638e-02 5.735126445494714842e-01
101 9 5.128464649064856662e-01 1.654427928141939397e+00
102 9 -6.419155216629881533e-01 1.293793320800280533e-01
103 9 -6.622632894116957658e-01 -4.964673741504117555e-01
104 9 -1.339680797884259089e+00 -2.782838238638540504e-02
105 9 -8.202877289796145499e-02 -3.328103286474251021e-01
106 9 2.307688802724259802e-01 -4.890092328303530245e-01
107 9 3.493450731324855840e-01 -7.801440118595059925e-01
108 9 -4.655114098232847608e-01 6.089777106489369096e-01
109 9 -5.053144151604814782e-01 -1.143309164209707962e+00
110 9 1.885488619299507951e-01 1.375475070772241015e-01
111 9 -2.576201650887205430e-01 -5.803997319135044686e-01
112 9 4.573863799862512569e-01 6.987948757045765458e-01
113 9 -3.961802814901084213e-01 -1.924554969454286835e-01
114 9 8.189758794682842069e-01 -5.118670293224318879e-01
115 9 -8.468226172521524653e-01 -7.913289974484142286e-01
116 9 5.635437654874612123e-01 -1.144875337975703511e+00
117 9 1.005042254925436473e-01 -3.125081842171202329e-01
118 9 2.754198939161434101e-01 8.398084478064378189e-01
119 9 -1.176944365559301708e+00 1.746968797226458925e+00
120 9 -6.807102269736281519e-01 -5.707034113230321504e-01
121 9 2.015801496716426722e-01 1.444229459432093687e-01
122 9 1.213538895005200180e+00 -1.050467353104423518e+00
123 9 8.816935151726471576e-01 4.766027207952546751e-01
124 9 -2.153043825621429597e-01 -1.409314611748911095e-01
125 9 -9.260680366179772083e-01 5.801704204019175748e-01
126 9 -5.624711317271731126e-01 9.514802576795620970e-02
127 9 -9.276778128998257600e-01 1.238328901743917410e+00
128 9 5.860452686363960134e-02 2.287983904531193935e-01
129 9 -2.477433179581056688e-01 -2.265790325262090898e-01
130 9 1.319800798106066431e+00 -1.048565883428472345e+00
131 9 7.957616524916533152e-02 -1.188303088304848432e+00
132 9 8.662348026403792201e-01 -3.018584005598183850e-01
133 9 -3.452969910366094353e-01 -3.488295479631975948e-01
134 9 6.445269459569938908e-01 7.327707109622205728e-01
135 9 -6.473697149780925919e-01 5.344613289967157232e-01
136 9 6.822434420969030189e-01 7.859854266249199917e-01
137 9 1.569472386197758862e-01 -1.493088548503866964e+00
138 9 1.126532468800997888e+00 -8.391086722633479544e-01
139 9 -4.748823533389582296e-01 -9.003811431116325315e-01
140 9 6.948621030793358799e-02 7.941022030165303391e-01
141 9 -7.837074387236040440e-01 9.071888758306418943e-01
142 9 -2.718912096053112681e-01 1.388965922274450371e+00
143 9 -1.113290568621970733e+00 -7.097525864993897704e-02
144 9 4.712599175964322651e-01 -1.157840736322455211e+00
145 9 1.224789500520984675e-01 -3.751750220398190061e-01
146 9 4.043118258329683190e-01 9.243201283171141869e-01
147 9 3.585380783511652458e-01 1.076101335569314976e+00
148 9 2.919685211163922101e-01 3.255063001785744592e-01
149 9 -4.634655378974993356e-01 -2.922435220486450658e-01
150 9 -9.902173858141479768e-01 -4.597648084597111273e-02
10 10 1.952708241019015389e+01 -9.840908504716262328e+00
11 10 3.120135764136609424e+00 1.238995015720208848e+01
12 10 2.143006396531000668e+00 6.191757327261081301e+00
13 10 5.033126814140263861e+00 -1.700014398236738700e+01
14 10 1.535202476379554426e+01 -9.159481697553978563e+00
15 10 6.530755946781022558e+00 1.114701336082938310e+00
16 10 1.318074400622966813e+01 -2.633889522921662341e+00
17 10 4.558113093124303461e+00 -4.659929035100236483e+00
18 10 -7.422776406750265288e+00 3.804332254301692195e-01
19 10 -9.878041976331138230e+00 -1.089958154511351696e+00
20 10 -1.432223114898059713e+01 -9.117102945066292818e+00
21 10 -1.074576080903655573e+01 -3.814474184116995126e+00
22 10 2.173796288191232051e+00 4.676705845580790388e+00
23 10 1.459722623381111895e+01 2.024788672528603506e+00
24 10 1.302653436677451637e+01 8.120223866126041745e-01
25 10 8.557128379546298902e+00 -1.626579834892221355e+00
26 10 -6.470033211300865617e+00 -8.983221508210753825e+00
27 10 -7.411672686596028292e+00 -6.012515073546729205e+00
28 10 -3.060684844635466639e+00 -3.148303810889162779e+00
29 10 1.349144472237093595e+01 -9.220053712402522805e+00
30 10 8.500798808151206032e+00 -1.215306552017992558e+01
31 10 8.832016322269481634e+00 -1.121658277759895306e+01
32 10 -3.336818713737876863e+00 -6.045132196927174739e+00
33 10 3.702838218557604311e+00 -4.120806592724531647e+00
34 10 -5.315311960150929771e+00 8.340615076459831911e-01
35 10 7.839322916064725533e+00 -2.795186527730075809e+00
36 10 3.328004253839360604e+00 2.598050174961165748e+00
37 10 8.483647171475285020e+00 -6.818858232281625575e+00
38 10 -1.623324434235742908e+00 4.593633749853828774e-01
39 10 5.576159735029627029e+00 -4.181514765698254088e+00
40 10 1.478609639662469277e-01 6.240474328606882892e+00
41 10 4.351219028365973074e+00 -1.838146686421948450e+00
42 10 1.516803152863015924e+00 8.850733363941060361e+00
43 10 2.272687976436707391e+00 -4.855833594863770308e+00
44 10 -2.884011141092657216e+00 -1.811820401439259820e+00
45 10 -3.254716143262501582e+00 -5.985933826670325253e+00
46 10 1.244789670525695557e-01 2.666892250090338923e+00
47 10 1.763066791111536524e+00 -9.187041995002820371e-01
48 10 -6.412540819915680812e-01 1.221391347470112798e+00
49 10 -5.484802466565052548e+00 -4.401623333442030717e-01
50 10 -5.374649204429615246e+00 -2.712744673796435357e+00
51 10 -2.244290045122680155e+00 -3.336421011632332845e-01
52 10 1.002130200909793434e+00 -3.599569519711033561e+00
53 10 8.132875421322102838e+00 -1.008050726812329323e+00
54 10 4.912553064607019238e+00 -2.085493840806365462e+00
55 10 -2.262452549418262487e-02 1.642836017458433329e+00
56 10 -5.369168706171823402e+00 3.086826794358556114e+00
57 10 -1.197452573743927662e+00 2.195961739474313834e+00
58 10 -3.108970459594372349e-01 9.718083242447086434e-01
59 10 4.124248218759784201e+00 -4.574601209489092213e+00
60 10 2.404739034613744275e-01 -1.144093174854976747e+00
61 10 -2.609680977729882945e-01 -2.588182070903043641e+00
62 10 -3.265204957817086306e+00 5.677247755567354837e+00
63 10 -1.822120811879151203e+00 6.087225793170950583e-01
64 10 5.615265977907852868e-01 3.693790129068189376e+00
65 10 7.266309208618508819e-01 -2.293129416084149774e+00
66 10 8.282097917670963039e-01 -2.007202565273041639e+00
67 10 1.814283310629276391e+00 -3.159627793040435506e+00
68 10 5.147620451276777587e-01 -1.065314685830970554e+00
69 10 -3.217176282465853965e-01 9.553763572291830153e-01
70 10 1.194275196784883919e+00 -5.498983071992951110e-01
71 10 -6.762644564111461309e-02 -1.193041414911474751e+00
72 10 -7.190863892315796368e-01 -3.630793798288094010e+00
73 10 -5.543792493769781338e-01 -2.110709467942475825e+00
74 10 1.468268838499051654e+00 -1.722131598537181674e+00
75 10 -2.100781115117507647e-01 3.543212164778259954e-01
76 10 1.171618342573197857e+00 1.336013595506613694e+00
77 10 1.312089807789668106e-01 5.025918016997183990e-01
78 10 1.463228447363455587e+00 2.141178684891189121e+00
79 10 -1.729550903534356143e+00 -6.213466968310394911e-01
80 10 1.317066635424362309e+00 2.716143727414779274e-01
81 10 1.718895976643905144e+00 -1.878350994629328197e+00
82 10 2.436320882326750592e+00 -3.110322730486865250e-01
83 10 7.778727372678236884e-01 -8.210925964426524226e-02
84 10 3.378077926965574740e-01 1.067301089470984676e+00
85 10 5.448215592543097230e-03 -8.613928170984351818e-01
86 10 -7.535744761369589373e-01 -1.538104080943133223e+00
87 10 1.294282291542697028e+00 -1.271958818541129466e+00
88 10 5.255071452309455493e-01 6.560954722798192362e-01
89 10 1.677937194906885754e+00 9.742345392548415473e-02
90 10 -1.382280700920435645e+00 8.003275586221429982e-01
91 10 2.107746823594639773e-01 -1.186012129944572641e-01
92 10 1.819148069369852516e-02 2.032125336446105823e+00
93 10 7.498411490309735417e-01 -1.996135184993879763e+00
94 10 1.305599561402867703e+00 7.505070875528832008e-01
95 10 1.904492371700015618e-01 3.304106579514307640e-01
96 10 -3.922658612415038104e-01 3.510940553485943472e+00
97 10 -1.965373800150942651e+00 2.320141906950474731e-01
98 10 1.104977453942605603e+00 5.525545986174309476e-01
99 10 5.511011770635387830e-01 -9.194667369262539136e-01
100 10 1.935119206076121090e+00 -6.242833775272138563e-01
101 10 1.382983023219363505e-01 5.140182100874524096e-01
102 10 8.762018050435682603e-02 -5.828290333024404024e-01
103 10 -1.309862025622031467e+00 1.687880155949498917e+00
104 10 -4.086713455248601745e-01 -2.219163986792760390e-01
105 10 2.936396674746730162e-01 8.610716973412106956e-01
106 10 6.042529620691550196e-02 -1.549906214514454650e+00
107 10 -9.738440801196505958e-02 -2.133139342203146382e-01
108 10 -5.841942712466787757e-01 -1.389216498520453813e+00
109 10 2.426413517554276700e-01 -2.952802456382176977e-01
110 10 -3.993120949385809970e-01 3.359035390576404767e-01
111 10 -2.364169851524916266e-01 1.200162154914128809e+00
112 10 -9.966174745781939404e-01 9.811027922683805969e-01
113 10 -1.341598199104633293e-01 -1.515730292125225809e+00
114 10 -2.684943326342864589e-01 -6.452683878593706845e-02
115 10 2.423707342233506479e-01 4.128809560567570647e-01
116 10 3.644030110230314645e-01 1.163816365542580389e+00
117 10 1.045502279608398366e+00 -1.998591704804258962e-01
118 10 1.346402640450938826e-02 9.228921958413736082e-01
119 10 -3.366209763964722601e-02 4.654117909739651227e-01
120 10 -1.445363164302468029e+00 -3.968629484537750107e-01
121 10 -6.543440657742977118e-01 -1.459319754456506191e+00
122 10 -2.576412424082534791e-01 -8.515335028555262031e-01
123 10 4.136168972158166257e-01 2.827274975944070734e-01
124 10 -1.602940067556452020e-02 5.569984015740223615e-01
125 10 -2.714410257621492351e-01 3.928866074374055550e-01
126 10 -3.183530824440379825e-01 2.828581720134779598e-01
127 10 -6.644588483556511660e-01 -9.546910836356795049e-02
128 10 1.303380827945892495e-01 -7.299338180620814631e-01
129 10 -1.669919906028677903e-01 3.082797678239802830e-02
130 10 5.625031921924255052e-01 7.605593770019095645e-01
131 10 -1.090322466747168928e-01 8.522231126580432914e-01
132 10 1.224735804796967642e+00 -2.579942500024473562e-01
133 10 6.129418897144365275e-01 -2.535617144029100878e-01
134 10 1.281269075430411797e-01 -5.586431314322403141e-01
135 10 -1.384694978859297487e+00 -3.305299417992138000e-01
136 10 -1.241155695728122454e+00 1.737338053178594244e-02
137 10 -9.941852914082563997e-01 -2.239224140163461607e-01
138 10 7.296066313617308730e-01 -1.610001148206560706e-01
139 10 1.142065596834742625e+00 -1.385398705531062591e+00
140 10 1.359769247063984832e+00 -7.791699240866195586e-02
141 10 -2.125631715329887594e-01 -6.653889477185471746e-01
142 10 -5.265169422548041656e-01 9.248565519976712501e-01
143 10 -7.451373313253563113e-01 -6.113926342796150992e-01
144 10 3.292133091059746830e-01 5.655170968174934032e-01
145 10 -1.919005742940880221e-01 -4.131966566147678988e-01
146 10 1.230137338980829664e+00 1.253313468138436360e+00
147 10 -4.748656340844192303e-01 -3.184683781098996969e-01
148 10 -9.877374333441824028e-04 1.325998780477292138e-01
149 10 -7.032526525805897766e-01 1.682628400420267678e-02
150 10 -3.708357642272080423e-01 6.187311947358801190e-01
11 11 8.381303845583518708e+00 -1.892503210710205153e+01
12 11 1.818577718601653181e+00 2.230674149730337774e+01
13 11 1.059203869469186188e+01 -2.495046209921745373e+01
14 11 -4.199046280828558686e+00 -1.430891903152111944e+01
15 11 -2.246395152734165457e+00 -6.596458220960088603e+00
16 11 -5.545797006993941736e+00 1.772234414305021266e+00
17 11 -1.249449865717955888e+01 1.113082656833947759e+01
18 11 -7.328001710392427981e+00 1.234160175055154518e+01
19 11 6.216880250230604865e+00 6.018945050505009497e+00
20 11 6.276771530872824911e+00 -6.497660096368448102e+00
21 11 4.789905369686200842e+00 -1.629168138492272178e+01
22 11 6.412452374377093811e+00 -4.449033678827760241e+00
23 11 3.874014445471523072e+00 2.165987175589952241e+00
24 11 1.041500696316101371e-01 1.517249602809057851e+00
25 11 -1.462035477490851942e+00 1.065038659290728695e+01
26 11 -2.277840093665011167e+00 5.647407397016594111e+00
27 11 -1.908225466516895175e+00 -1.205910432703065993e+01
28 11 -6.321734941610380965e+00 -1.229925049888789346e+01
29 11 -3.532795597881793093e+00 -6.575408893644190123e+00
30 11 -7.294067018056543672e-01 2.304128127336295129e-01
31 11 6.067070354826245016e-01 2.586513520364597252e+00
32 11 -1.033269390070441496e+00 4.721599257817886475e+00
33 11 2.812580661080683164e+00 -7.303932114954796440e+00
34 11 5.194541359490110199e-01 -8.265293269301709600e+00
35 11 4.674171020600890181e-01 -1.080585951985686499e+01
36 11 -3.175028069724276092e-01 -5.302146591127631092e-01
37 11 2.701567024295974395e+00 -1.079587589704444461e+00
38 11 4.888375349499675337e+00 3.257173146213119708e+00
39 11 7.291632679516122373e+00 -7.404645430454154464e+00
40 11 4.146721703755827271e+00 -2.756390485216349440e+00
41 11 -1.593051942500204543e+00 -6.389213108420743303e+00
42 11 -2.067110836746737235e+00 3.810041545679369701e+00
43 11 -3.209043898039638520e+00 2.213169059268942362e-01
44 11 -2.135002701366472522e+00 -2.509140126710877605e-01
45 11 8.693558602609119390e-03 -4.450329511293428020e+00
46 11 2.032111995616244560e+00 -1.259820575542582866e+00
47 11 -8.306043852099632696e-01 -1.341363344000563451e+00
48 11 -1.314870647330773412e+00 3.706165643005852495e+00
49 11 -1.977700498060078194e-01 3.422810281222233630e+00
50 11 -1.944949078013569199e+00 -1.427237724349695425e+00
51 11 -3.635337420555793120e+00 -2.734575081560682630e+00
52 11 -2.292752312062694475e+00 -4.359115688529407451e-01
53 11 3.306774199957968730e+00 2.339305220910595118e+00
54 11 5.220834270476554906e+00 2.343367926376122679e+00
55 11 3.425970157093957802e+00 3.659516471744161059e+00
56 11 -5.059728560028766697e-01 3.084749387573874291e+00
57 11 -3.621930321677329978e+00 -2.470027147637645193e+00
58 11 -3.645921432496116221e+00 -3.508561482151767663e+00
59 11 -3.415082795996576159e+00 -1.154802204197607374e+00
60 11 2.468474665653337397e+00 2.356819271541881644e+00
61 11 3.245892478306684037e+00 1.818807910199157662e+00
62 11 5.010280086660181098e+00 6.636755742249136336e-01
63 11 -1.676852904662141652e-01 6.322088449804461607e-01
64 11 -1.241988452006234922e-01 -1.419007513693641753e+00
65 11 -2.887362689468956134e+00 -3.673117587694254005e-01
66 11 -1.730462384792606612e+00 -1.500281439543782458e-01
67 11 -4.669883160609518136e-01 8.434802100472276187e-01
68 11 2.114861155739064635e+00 -3.574742132931780336e+00
69 11 1.185076506795373907e+00 2.532234373452865728e-02
70 11 -2.439616438386083441e+00 -7.033664929777545538e-01
71 11 -2.045573261708613089e+00 1.995470822694501489e+00
72 11 -2.727783806798758981e+00 3.340900901665532774e-01
73 11 -6.176157577951066902e-01 -4.123592204489886504e-01
74 11 9.110822731892904702e-01 -2.231613831638998402e+00
75 11 2.292003492704990819e+00 -8.024262699637537688e-01
76 11 9.667465980550479232e-01 2.515279423166223438e-01
77 11 -9.320446645455470192e-01 -9.031006738093029229e-01
78 11 -9.282631347482733775e-01 4.186323430729499417e-01
79 11 -1.111369189698760307e+00 -1.493143734675248302e+00
80 11 1.987755159787219172e+00 -1.204742292356592248e+00
81 11 2.620909514688563036e-01 -3.013965236020144101e+00
82 11 2.462158808146895694e+00 -6.169452669590712590e-01
83 11 -2.405323937229414399e-01 9.152517148074537090e-01
84 11 -1.193725640216111605e+00 1.493925246460654499e+00
85 11 -2.688521332015795462e+00 -4.578016740743635626e-01
86 11 -6.922710466640417115e-01 -1.407570655381316316e+00
87 11 4.369937435270784265e-01 -9.369692453105572527e-01
88 11 -1.351996498955034542e-01 -8.920786414558526944e-01
89 11 3.753024515501278691e-01 6.425881213984063756e-01
90 11 -4.592314806862575205e-01 7.603172072477679677e-01
91 11 1.263598138224981904e+00 1.157763982743112707e-01
92 11 -3.573709518336843360e-01 -1.493056500781356766e+00
93 11 3.480721726180363573e-01 -1.695043366580752053e+00
94 11 -3.293925249106806064e-01 -2.141693047352445922e-01
95 11 1.636279189360878350e+00 -8.817711889211127252e-03
96 11 6.552967096497140931e-01 1.606578144886712800e-01
97 11 -1.724387384583712102e-01 -8.974208645558565678e-01
98 11 -7.143255779215421652e-01 6.156490298360268731e-01
99 11 4.333071298674607830e-01 -3.454386704655866280e-01
100 11 4.234700262396287052e-01 4.207186898298465594e-01
101 11 1.503766839054207161e+00 -2.816445695501358926e-01
102 11 1.135474804119044112e+00 2.168462005059121067e-01
103 11 6.915889514567945540e-01 2.885856653991057674e-02
104 11 -1.038260313602836105e+00 9.467408717443750316e-03
105 11 -2.501661484185999651e-01 -5.076604332026671829e-01
106 11 -8.036901700384146974e-02 2.289591111032301118e-01
107 11 5.137005559264333776e-01 -6.904651395348708753e-01
108 11 -4.215346804348967247e-01 -5.911436024971464809e-01
109 11 2.848855494209211470e-01 -2.880227466235082412e-01
110 11 4.597058351995521597e-01 1.075975814515968576e+00
111 11 -3.156826569472799271e-01 5.001601715612163934e-01
112 11 -4.632087450788975325e-01 7.639203582485057931e-01
113 11 -1.162926713302550041e+00 1.796835729313885632e-01
114 11 3.147433591822704213e-01 9.266401253845810704e-01
115 11 -4.583637831552778708e-01 -2.965869154985731337e-02
116 11 4.106764214712146921e-01 5.896515800096110982e-02
117 11 1.004607343838130440e+00 9.868322248339667091e-02
118 11 3.638048418919569982e-01 6.025391477008298358e-01
119 11 -3.932599297503023283e-01 -2.026660694083795566e-01
120 11 -2.276719746233398789e-01 -8.481068558395888912e-01
121 11 8.885240055667424919e-01 -6.372084961005161086e-01
122 11 4.431470775507812543e-01 -5.622841345780080213e-02
123 11 9.515433722298985986e-01 3.023174287460858034e-01
124 11 -4.579574422164486291e-01 7.298649674046265856e-01
125 11 -1.067457427305508744e-01 8.901982967199443264e-01
126 11 -1.553682496138820701e-01 1.888917320375083919e-01
127 11 -3.142091554340884496e-01 -3.945757571027567745e-01
128 11 -1.756556842126448803e-01 -2.080474321951011341e-01
129 11 2.082352364650996712e-01 5.221585229182755805e-01
130 11 4.347546441171163401e-01 -4.707209922697013771e-01
131 11 -4.420334444456222589e-01 -4.687619957022406414e-01
132 11 -3.259075755807162578e-01 -1.642877159832570322e-01
133 11 -5.286271961341626469e-01 1.039764573243859624e+00
134 11 2.255483130395214558e-03 -1.029714663489219584e-01
135 11 6.316186088704366375e-01 2.991346462168181231e-01
136 11 6.122596812594008897e-01 -2.773575465219890734e-01
137 11 5.309117400854546087e-01 -1.483807607420096486e-01
138 11 -7.230388627730055529e-01 -5.699985800863345276e-01
139 11 -5.901736368997005933e-01 -4.301022786039901402e-01
140 11 -5.851065608405752183e-01 1.759302362308430290e-01
141 11 6.757742484518092230e-02 8.213826725466115697e-01
142 11 -2.792326996894653468e-01 9.368494277539066717e-01
143 11 -3.379359370893225689e-01 -3.626849739478809620e-01
144 11 -8.297706267840172095e-03 -1.076879383407222113e+00
145 11 -5.926756516408773212e-01 -6.779621599548155686e-01
146 11 -2.235769646284445911e-01 6.525744519656029308e-01
147 11 -3.308901395565424508e-01 6.328317925588829995e-01
148 11 2.891241612400728411e-01 8.484075502192145457e-02
149 11 -3.757252998828797819e-01 -3.852363940284045385e-01
150 11 -4.377508103462951494e-02 -2.874109612528100155e-01
12 12 -1.353999095298922128e+01 -8.843744126050456345e+00
13 12 -5.541557241691409175e+00 2.565661229216005523e+01
14 12 -1.032582760488093498e+01 -1.850458117758502397e+01
15 12 -9.460942916983777096e+00 1.809420354008340581e+01
16 12 6.947033598074637162e+00 1.552862245692632825e+01
17 12 -1.788899977534589070e+00 7.956255305789446730e+00
18 12 -1.432007844301547372e+01 4.825992773570808581e+00
19 12 -7.813287377217761898e-02 3.632856233783352096e+00
20 12 -3.884330705477210266e+00 -2.503580676470956057e+00
21 12 -1.890255203396727257e+00 -7.733841256925078067e-01
22 12 1.347974875609455125e+01 -1.672891067575914548e-01
23 12 1.619773141257017812e+01 -4.109376917297779208e+00
24 12 2.685490350101618962e+00 -6.157719365541461265e+00
25 12 -1.124047409082226956e+01 -3.233353075474563632e+00
26 12 -1.532310444978871011e+01 9.591668218406756985e-01
27 12 -1.144838615489027411e+01 1.388306601017369690e+00
28 12 -1.269748472143334972e+00 -2.014104640016970205e+00
29 12 2.318243108170733535e+00 -4.998561025079106379e+00
30 12 -2.594146168179805034e+00 -9.485090744211365887e+00
31 12 -9.702838959521272955e+00 1.713876072601805411e-01
32 12 -1.049216769064221921e+01 6.303497473646195282e+00
33 12 -4.974895564994536556e+00 5.488025936936732130e+00
34 12 -3.030543098035487493e-01 -2.394124077377026261e+00
35 12 -7.868985447540473022e-01 -2.347905662611951882e+00
36 12 3.831862740615711971e+00 -1.017936644897241116e+01
37 12 4.983609974292330103e-01 -6.049340486987598631e+00
38 12 -4.511692504064630072e+00 -6.884454175361322648e+00
39 12 -4.356469072924448405e+00 3.447650674986777908e+00
40 12 4.106499493066043449e+00 1.304360827072074791e+00
41 12 2.163823707025319010e+00 1.618586494380414464e+00
42 12 2.885749473509017449e+00 -6.254882053149769305e+00
43 12 5.459453641085986186e-01 -2.061122943029709109e+00
44 12 1.278932333292925438e+00 -6.561990791702585035e+00
45 12 -2.648716128431915173e+00 -2.004057420939949985e+00
46 12 3.586690462176023164e+00 7.258081293235096876e-02
47 12 2.734994214236863286e+00 5.715363983566020600e+00
48 12 1.013836955414798346e+00 2.963064777926901261e+00
49 12 -4.721855866544965252e+00 2.058431673464078848e+00
50 12 -2.951543343818142873e+00 -7.186286616677768357e-01
51 12 -3.769025098609792845e+00 -9.044825614668290381e-01
52 12 -3.184283129827868430e-01 -1.874129638832122025e+00
53 12 2.170646315676658222e+00 -1.430418997965035910e+00
54 12 2.295353063738007293e+00 3.395308631309054692e-01
55 12 -1.979235182086655831e+00 3.301654661601709950e+00
56 12 -9.692266489512065819e-01 4.470309700327140590e+00
57 12 7.277031229630870346e-01 3.447049613102368237e+00
58 12 2.570167406997894588e+00 1.424482118722951718e-01
59 12 2.091597344411238346e+00 -3.695458546130967026e+00
60 12 3.685869537583822630e+00 -4.510705693646183789e+00
61 12 -9.747826955425548112e-01 -9.463729520061699985e-01
62 12 1.827976354826679417e+00 2.229247068540317400e+00
63 12 1.456122185057536100e+00 3.080285846850767228e+00
64 12 3.646752580386036335e+00 3.418332821905175400e+00
65 12 -1.607560206308569883e+00 -1.809228597366136171e+00
66 12 -5.656174481541509369e-01 -1.898261839834423537e+00
67 12 -4.022052754072871217e+00 -2.668908216876133110e+00
68 12 -1.153235732792359691e+00 1.925224345862403541e-01
69 12 -5.259024932658111773e-01 1.031219584070180106e+00
70 12 1.217736642361916255e+00 5.330128152592555679e+00
71 12 7.848707536980686905e-01 5.984068192548317455e-01
72 12 -1.584483449269249000e+00 7.133006278860054561e-01
73 12 -1.500956847023936946e+00 -3.069198206266280149e+00
74 12 -5.552333009998554336e-02 -2.207172125718934286e+00
75 12 1.605543505855800301e+00 -1.902372404653842608e+00
76 12 1.473110022904142724e+00 6.880807499105080494e-01
77 12 8.785061269876209833e-01 4.597018317962163203e-01
78 12 5.769173843694950232e-01 1.294867846434482050e-01
79 12 -1.450640142739014093e+00 -1.634880442159411529e-01
80 12 -5.461304382127629697e-02 -2.586940549609305862e+00
81 12 -1.694597285398314002e+00 -4.273030952008444183e-02
82 12 1.172157807283592090e+00 -9.514071750241952508e-01
83 12 -1.655544012695332468e+00 3.005443605749274827e+00
84 12 1.571313380693513673e-01 1.838421304544727741e+00
85 12 -2.813594946510600270e+00 2.272335793697797257e+00
86 12 -9.729214916464008489e-01 -1.191086534386664564e+00
87 12 7.113134444961287384e-02 -2.023694148516280988e-01
88 12 8.818902522426084190e-01 -1.339247826136952257e+00
89 12 4.255981195011173113e-01 -2.062387990785109482e-01
90 12 -9.019536373107154281e-01 2.171733300259421906e-01
91 12 -3.115720283414171732e-01 3.466792692109326585e-02
92 12 -1.627914156192123984e+00 3.394134151734066185e-01
93 12 8.804099664229619870e-01 -1.883322434831942616e+00
94 12 2.089392632993203880e-01 -2.712132497836060585e-01
95 12 4.689138660386314994e-01 -3.830241358575924293e-01
96 12 -1.175871176963963816e+00 1.214326135986839583e+00
97 12 -2.695850532459630466e-01 -3.543481248061256528e-01
98 12 1.408453026118823559e-01 7.133541582503170053e-01
99 12 -8.129181212720810734e-01 -7.904126499390307092e-01
100 12 -4.544476097114211743e-01 -1.072145907668795028e-01
101 12 2.646197387659899314e-01 -5.229352231750852287e-01
102 12 1.118976125784349351e+00 -2.932660299082351374e-01
103 12 -6.508808130839273121e-01 -3.894480443711134110e-01
104 12 1.947550665452339458e-01 8.049150770475564931e-01
105 12 9.364110714179427752e-01 -1.706450469477953091e-01
106 12 7.597119206212712417e-01 -8.575079846255480032e-01
107 12 -1.001071685775433595e+00 -2.459771832637675626e+00
108 12 -6.403397738797527161e-01 -8.318721150568365585e-01
109 12 4.927973507049430713e-01 -4.557350349992841942e-01
110 12 4.758779835375341882e-01 1.073174485270980805e+00
111 12 -4.346232968525799434e-01 5.550845827886530248e-01
112 12 -3.977046033083727616e-01 3.943749728690992273e-01
113 12 -2.658461005065299032e-01 -8.225148464949055827e-01
114 12 -4.802793780238617805e-01 -8.290130617521851430e-01
115 12 -4.774489990380944571e-01 -1.721979498727666258e-01
116 12 5.376598680059434532e-01 1.434359882122697272e+00
117 12 1.115353949261462807e+00 1.412818674398419461e+00
118 12 -1.742153790321517293e-01 7.167541852251201329e-01
119 12 1.974316200078696237e-02 9.144454609946295331e-01
120 12 1.100679320714312015e-01 -5.276148642191886839e-01
121 12 1.323631054718973132e+00 -1.344108824354428799e+00
122 12 3.183872298459959893e-01 -7.706995061351495924e-01
123 12 1.038750931710543002e+00 -4.927635385536741630e-01
124 12 -3.473115154664681570e-01 1.131686146692644002e+00
125 12 -4.388482558302099767e-01 5.380510451302121799e-01
126 12 -1.960173733037660071e+00 5.971624558053921783e-01
127 12 -3.151591979908934249e-01 -1.615833759639253575e+00
128 12 1.136501301142067433e-01 -1.527663977019575459e+00
129 12 8.308394335347484283e-01 -1.368006011444423242e+00
130 12 2.290663588499722847e-01 9.132701708507128258e-01
131 12 1.122697701016819982e+00 4.706494799578100352e-01
132 12 6.705535299636317115e-01 6.564805959745501074e-01
133 12 4.601068922180767684e-01 6.165090160295781940e-01
134 12 -5.492972353591525358e-01 2.002453200569243030e-03
135 12 1.590857614712593016e-02 -2.225257044845476567e-02
136 12 3.882118875067797070e-02 -1.534804874099691685e-01
137 12 4.438482880054478441e-01 1.769557151084568958e-01
138 12 1.016494639299794778e-02 -3.821915072340430486e-01
139 12 6.644654556294605774e-01 1.507627202627948304e-01
140 12 1.375604017429862824e-01 5.163208584496958853e-01
141 12 -7.078523691932523398e-01 3.448009545962508748e-01
142 12 -5.861140028871182350e-01 -1.768194772774594470e-01
143 12 -3.743093035541814606e-01 3.022940680187610196e-01
144 12 3.212905804102957896e-01 -5.383951963064326218e-02
145 12 -8.806529724241017598e-02 -6.906767019023540843e-01
146 12 2.836040172898206535e-01 8.345162830378838326e-03
147 12 -3.926279033669836105e-01 2.687547979302876838e-02
148 12 7.645865011508296005e-03 -2.506011309496274930e-01
149 12 -6.246992881497097638e-01 3.685633191074245141e-01
150 12 -8.232295039957551741e-02 5.098400738065493876e-01
13 13 -1.310419829889068843e+01 9.403842245763325280e+00
14 13 3.536937788499086910e+00 2.009203707986608745e+00
15 13 -1.547023928076513855e+01 -1.085689906935020765e+01
16 13 1.341144704408619504e+01 1.430078609770569642e+01
17 13 1.214436073231789237e+01 9.489786421910906711e+00
18 13 8.272223776694143105e-01 -1.283248666651360992e+01
19 13 -8.170687318298197610e-01 -9.003255574922569338e+00
20 13 6.903296314314145476e+00 -1.318129693847842709e+01
21 13 -8.538044537713568971e+00 -8.125021473949457729e+00
22 13 -1.181813248197936694e+01 7.061082246344900781e+00
23 13 -1.742096284051940502e-01 1.168252088592855031e+01
24 13 3.272254723599083093e+00 4.918179942312556285e+00
25 13 -2.098905584632290711e-01 1.102778010367292394e+00
26 13 -5.169142805910315275e+00 -6.511513590742828983e-01
27 13 -9.316618505312808551e+00 -4.938382573426626010e+00
28 13 -6.856665492778797777e+00 5.454991424985076165e-01
29 13 9.779496305804256107e-01 7.087774637111132314e+00
30 13 3.108298863026454750e+00 7.388739619587318508e+00
31 13 2.675069212209755243e+00 5.256852489816821183e+00
32 13 -1.363645625202360101e+00 8.076815630715755034e+00
33 13 -1.065877047211106099e+00 2.793615427879333701e+00
34 13 -4.351410423333181399e+00 -6.318852706372179995e-01
35 13 -8.366113356691423419e+00 -1.167887300254738525e-01
36 13 -9.198699126912622148e+00 3.210857788453809647e+00
37 13 8.795560193905604951e-01 -3.776796738811501797e+00
38 13 7.314410518537485251e-01 -3.620504244563407692e+00
39 13 1.289557648084810992e+00 -8.108919396076608166e+00
40 13 -2.752522597671420712e+00 -4.454166052679082277e+00
41 13 -3.718658845092022602e+00 -1.565902659465204794e+00
42 13 -7.557706442408714587e+00 5.007056763767680607e+00
43 13 -1.291440153223887277e+00 -2.041852855710662773e+00
44 13 -6.372768484692717395e-02 -4.413430803258382440e+00
45 13 1.563032237121548540e-01 -7.775774074233021693e+00
46 13 1.007557636681440494e+00 -9.021648842235844290e-01
47 13 2.252457279636566945e+00 1.538672867782087117e-03
48 13 -3.507941855784024038e-03 4.188059058193523754e+00
49 13 -2.251839722847516434e+00 1.651648725127852657e+00
50 13 -1.725154864330654958e-01 2.803560683440032619e+00
51 13 -1.085824493943200242e+00 -3.971273311303144649e+00
52 13 2.332248975043238470e+00 1.711449995647328137e+00
53 13 1.569432128596606635e+00 5.187250249160076931e-01
54 13 7.097905295669222347e+00 2.510863637917990498e+00
55 13 2.114900689316836946e+00 -1.572726810118994845e+00
56 13 -2.188323231808693703e-01 2.938756941833076564e+00
57 13 -2.530618904332171404e+00 -2.331751540192663175e+00
58 13 2.926977939108837412e-01 3.670341701837299686e-01
59 13 -1.521503876722752224e+00 -1.595748247980789403e+00
60 13 3.155708856421156394e+00 1.547190381620074939e+00
61 13 2.347812576770470727e+00 -4.363802326773776885e-01
62 13 2.637327535541320156e+00 -1.386274481610507259e+00
63 13 -1.759247220641537046e+00 -2.238592028903298115e+00
64 13 -1.786842313187157805e+00 -1.313408667951237563e+00
65 13 -2.629372609730004751e+00 2.569060823062784049e+00
66 13 1.386738009632149937e-01 1.459131557904815413e+00
67 13 3.712343207090249009e-01 4.903065370106145515e-01
68 13 3.126960012710932268e+00 -5.138482423839289659e+00
69 13 3.429104626633271424e-01 -2.230706340481416028e+00
70 13 2.539743766605953912e+00 -1.057783942080234185e+00
71 13 1.056411978866560464e+00 2.568591093528805658e+00
72 13 1.419550194029178369e+00 1.349023539376454917e+00
73 13 6.873254502051102666e-01 1.129318959038833947e+00
74 13 2.136959439276408634e+00 -1.647417826686547349e+00
75 13 8.709212216641382120e-01 -2.928957441882601209e+00
76 13 -8.156602755240964786e-01 -4.599965447857620737e-01
77 13 -2.012045207025519922e+00 1.730377016180761895e-01
78 13 -3.311561834478651267e+00 9.918268689104572378e-01
79 13 -2.370486366665178757e+00 -1.320469118354027360e-01
80 13 -1.403304837718079012e+00 5.244296869700776353e-01
81 13 1.085827807452395266e+00 -2.459679823683885047e+00
82 13 1.353727085255521212e+00 -7.693361145049428806e-01
83 13 -3.740463423815041932e-01 4.813126565311496297e-01
84 13 -2.940963021376581388e-01 1.643245234383519549e+00
85 13 -1.228785434272443133e+00 -8.172341882735272289e-01
86 13 5.568340340853911163e-01 -3.724536238522878628e-01
87 13 -9.312645051153016773e-01 -3.680827766023790915e-01
88 13 2.706529867609507090e+00 1.400114234534979518e+00
89 13 1.419427264900177788e+00 3.703628154676655848e-01
90 13 2.011492440130450809e+00 7.608801726939874444e-01
91 13 -2.376046107201959412e+00 1.915933847452359062e-01
92 13 -4.409394695133340147e-01 4.134223388404834609e-01
93 13 -1.497675051058179774e+00 2.194904385918546863e-01
94 13 -7.940343238585436669e-01 1.586899126252696135e+00
95 13 -4.645361253907104304e-01 1.886233669621053544e+00
96 13 5.139044531983197883e-01 -3.214017810259924279e-01
97 13 8.752119371854190089e-01 -5.157047334998192678e-01
98 13 -1.124793727275927191e+00 -1.492764791664192403e+00
99 13 3.134262537378937341e-02 8.570980727869066396e-01
100 13 -1.090735922889797704e+00 -4.055820053534623382e-01
101 13 7.140698814093625613e-01 1.950958799156111034e+00
102 13 7.271741638055514989e-02 6.952222114645140172e-01
103 13 1.052400604019509522e+00 1.050949313896784698e+00
104 13 -3.096457553466293033e-01 -7.661493316720521252e-01
105 13 -1.086674054851305415e-02 -8.224992561127804080e-01
106 13 -6.833592706134864470e-01 -5.814534100032919817e-01
107 13 1.851122994075434791e-01 -1.198831584496255598e+00
108 13 8.667620361282342145e-01 -1.735534728322004339e-01
109 13 -2.439326577665251738e-02 -4.753187448454746500e-01
110 13 -7.545094334381026169e-01 1.938000109447701069e+00
111 13 -1.323024249992786450e+00 -7.087651920868924815e-01
112 13 -2.749669925332643428e-01 -9.000886463774816770e-02
113 13 -1.291254702881040384e+00 -8.169955496439225140e-01
114 13 -5.184153482862584594e-01 3.044886107971435663e-01
115 13 9.132216121427011446e-02 -9.939391915380874076e-01
116 13 1.549729110656848485e+00 -1.690140940892451427e-01
117 13 4.290593456902261904e-01 1.474261708585832276e+00
118 13 -5.318582596860406131e-01 1.257046185128616322e+00
119 13 -5.163096118711685278e-01 5.191004117019446529e-01
120 13 3.351034952912449461e-01 -8.995232517848582576e-01
121 13 3.518848887784989943e-01 -7.468972161484634942e-01
122 13 7.610532243349975579e-01 -1.002129858099885640e+00
123 13 1.363877480530778286e+00 -4.404494379636194612e-01
124 13 8.829690793186912856e-01 7.226494367818428466e-02
125 13 8.434494285669005831e-02 3.439449034720598597e-04
126 13 -8.224918230370862338e-01 2.321597300365830785e-01
127 13 -3.861207980320816580e-01 -5.670598881339988795e-01
128 13 -1.528550534470859146e-01 9.902533186021847400e-02
129 13 -1.045431205546178965e-01 2.186829364321885016e-01
130 13 5.146313825115430562e-01 -4.600119350024010623e-01
131 13 8.038864579673079547e-01 -2.423099897551922455e-01
132 13 -8.123937511573632309e-01 -9.132573401682211878e-02
133 13 -1.440003901551241583e+00 9.119340455605897677e-01
134 13 -1.169217248552017807e+00 -3.028257432892921333e-02
135 13 -4.129578082197915556e-01 4.749131346441235468e-01
136 13 1.198142070793716540e-01 -1.152180690033842714e+00
137 13 9.511525622280971870e-01 -4.267277213090659438e-01
138 13 6.234374521984514111e-02 -1.604851462515147764e+00
139 13 6.202064775825872900e-01 -5.810800993857092589e-01
140 13 1.130166763004790964e-01 5.615307423854493801e-02
141 13 5.784045107955360088e-01 8.961828607083234255e-01
142 13 -1.830462485976121559e-02 6.772862131355360527e-01
143 13 3.078592976317839347e-01 3.249156122694558113e-01
144 13 6.451591797595881972e-02 1.740117834485228054e-01
145 13 8.539366894366828831e-02 -9.914964590536090583e-03
146 13 7.823325570110394034e-02 2.513235999370346807e-01
147 13 5.154974997075306709e-01 3.738993413690844259e-01
148 13 -2.610364259715703961e-01 5.614652415036545108e-01
149 13 -4.745042274551001249e-01 -2.616274559849039449e-01
150 13 -2.583991713174719762e-01 -1.419904588431652737e-01
14 14 3.045703352075743275e+00 7.026022318242461040e+00
15 14 1.739295352010438167e+00 -1.595999239239839262e+01
16 14 9.540077683708055645e+00 -3.265423010024956163e+00
17 14 1.135141452590093536e+01 -7.521798435067045041e+00
18 14 1.856140972540168965e-01 -1.073137568077193293e+01
19 14 -7.365285932061035545e+00 -1.015234001092459692e+01
20 14 -2.415587180446824300e-01 -6.667150170701479084e+00
21 14 6.566396630823263969e+00 -9.042854389082108924e+00
22 14 -2.563231194674819413e+00 3.027086412510024083e+00
23 14 -4.002092395949287784e+00 6.114607114247704978e+00
24 14 -6.579606524526644407e+00 5.267948793866672474e+00
25 14 -1.376889302938355364e+01 7.944255550088309192e+00
26 14 -4.297770927770701022e-01 1.111406796062487246e+01
27 14 9.708721807295408013e+00 3.013392024885833020e+00
28 14 2.344426273360035839e+00 -5.002757251819194728e+00
29 14 9.895629277065631779e-01 -1.139029459831768287e+00
30 14 2.296472382868301576e+00 1.773964172606864675e+00
31 14 -2.580004420487245653e+00 5.702846132914498600e-01
32 14 -2.288125551416049674e+00 5.187438820572332077e+00
33 14 3.421881115420134289e+00 7.344856622337881724e+00
34 14 2.054527316050925645e+00 2.659594036232332925e+00
35 14 -2.751624340163048466e+00 -3.196154860020076427e+00
36 14 -7.029631044488310998e+00 1.148051660355750681e+00
37 14 -8.773010886678717313e+00 -1.143166699204646752e+00
38 14 -4.478727187146311017e+00 3.145497931187809293e+00
39 14 -4.040572259468236394e-01 3.791762727098605623e+00
40 14 9.470986156809556578e-01 7.221513434775242324e+00
41 14 2.252536918283024825e+00 7.807381842872108679e-01
42 14 -3.048306342208717545e+00 4.109985699306413665e+00
43 14 -5.730513768870424407e+00 -3.198995932949262766e+00
44 14 -3.894029720954531815e+00 5.742195707477687483e-01
45 14 -8.669293795459269703e-01 -6.076769446058952973e+00
46 14 2.551277827167816259e+00 5.723355071334810251e-01
47 14 3.944759124195442723e+00 -2.772884541447918849e+00
48 14 -9.570171827732072423e-01 2.843987125232192437e+00
49 14 -2.899542344762139123e+00 -3.060824693306831268e+00
50 14 -3.531765064501602769e+00 9.671680204676852410e-02
51 14 -1.487275966728091703e+00 -3.668264486413345793e+00
52 14 1.802820648692787575e+00 -2.212153984806345952e-01
53 14 4.428364700778433694e+00 -6.612470786795068278e-01
54 14 2.423896982652837373e+00 1.811461393015747712e+00
55 14 -1.300296768528864666e-01 3.566355249396137572e-01
56 14 7.452972718836978760e-01 3.232958273011082184e+00
57 14 1.059763911564999050e+00 3.644253743924024569e+00
58 14 1.560797901501820739e+00 -1.866356121469319396e+00
59 14 -1.257192573879476694e+00 -3.218660434351985344e+00
60 14 -4.112422224395455572e-01 -2.087673709764205299e+00
61 14 -1.644995217375802676e+00 -1.825224865551211550e-01
62 14 1.339750345816366872e+00 6.939410887635051317e-01
63 14 5.435214966612392784e-01 1.038757269014529916e+00
64 14 2.098947734777074636e+00 -2.307864284292496571e+00
65 14 -1.881007046082481482e+00 -2.990154412682878071e+00
66 14 -2.457772934404605980e+00 -1.924387214114032130e+00
67 14 -1.902137231643675541e+00 2.077979708251640911e+00
68 14 2.243422168538210304e+00 6.564040957061291204e-01
69 14 2.630510025870178126e+00 -8.660100282720777365e-01
70 14 2.748326319184028588e+00 -1.508804862782448630e+00
71 14 1.488405041690540553e+00 4.377411773199056388e-01
72 14 -1.865294852629374445e-01 -2.507991005418520380e+00
73 14 -1.556869009905820667e+00 -2.191226789737749758e+00
74 14 -1.412013813600718759e+00 -5.801215845158537165e-01
75 14 -8.400678961977721126e-01 4.880071641313934450e-01
76 14 1.217474726084849745e+00 3.496946706671265059e-01
77 14 1.044516481083175297e+00 -4.415072116707620675e-01
78 14 1.990964691402924980e-01 -4.706673355790210733e-01
79 14 -2.015600048004830391e+00 -1.845820913546648567e+00
80 14 -6.923815272638721430e-01 -1.259655287438516735e+00
81 14 -1.289533919248065263e+00 -2.036902994245540999e+00
82 14 1.226128427474999227e-01 6.244358020085305494e-01
83 14 3.412613242851030293e-01 4.391703758109464228e-01
84 14 1.248269997241513218e+00 1.341207674440686004e+00
85 14 8.040063723121148032e-01 -1.189804879812466631e-01
86 14 -4.576517670711496288e-01 -1.401358765425117170e+00
87 14 -9.617787949932996572e-01 -1.843728775149450438e+00
88 14 -9.694996082787850078e-01 -9.068006183894957717e-01
89 14 -1.964873692955119155e-01 9.439124913496782510e-01
90 14 5.178699221260666397e-01 9.057080831246465680e-01
91 14 1.247639233774121781e+00 7.256714218476922884e-01
92 14 3.332588627126153447e-01 -1.234562914888972074e+00
93 14 4.945134068727279342e-01 -7.760569378991059031e-01
94 14 8.563778648291172635e-01 2.406565863811194195e-02
95 14 -4.862174698692802166e-01 8.374655602101284124e-01
96 14 -1.170156407711698265e-01 7.943958537474926640e-01
97 14 -4.279481730121862393e-01 1.453581485713939525e+00
98 14 5.910908162741237426e-01 1.335357601247118886e+00
99 14 1.452027570215814078e+00 -2.848167870649508382e-01
100 14 1.470405993576825443e+00 -1.970591871132097106e+00
101 14 -2.487826516138203214e-01 -2.981214638462363897e-01
102 14 -4.944049184685977982e-01 2.438226970879904254e-01
103 14 -8.713029532233869112e-01 8.022658525520632855e-01
104 14 -3.252038403903384500e-01 9.762309956303495406e-01
105 14 3.348554001629369115e-01 2.035111948649716673e+00
106 14 5.390006328306189420e-01 -2.803431551536025856e-01
107 14 -2.458414801764897684e-01 -1.593911600764538639e+00
108 14 4.929627639828733088e-01 -1.412912918450152544e+00
109 14 9.393810436182700729e-02 9.289905364458155290e-01
110 14 1.481864809867475374e+00 9.184004876180122956e-01
111 14 -1.282871797787325630e+00 1.013254245177601515e-01
112 14 -8.725846621955467564e-01 1.897925446117271209e-01
113 14 -1.961719149076526669e+00 -5.373806463113544457e-02
114 14 5.106835595306158382e-01 -1.817156771960609096e-01
115 14 5.781444856181239267e-01 -1.317361510578967998e+00
116 14 1.451231539565775330e+00 1.777218353058127032e-01
117 14 2.993886468853893534e-01 2.397912174913949535e-01
118 14 -9.158166915954174536e-01 1.106849246820557631e-01
119 14 -1.747547837578961483e+00 6.053379855833398437e-01
120 14 -1.196345022189400309e+00 1.432914216106957461e+00
121 14 6.321274364266904477e-01 5.136292239256993325e-02
122 14 5.710405563985826438e-01 -9.554402924675818864e-01
123 14 1.207360712756429644e+00 -5.943832301930594975e-01
124 14 4.917420511747439549e-01 -1.618011198897520986e-01
125 14 4.804929809515165462e-01 4.066661036153077502e-01
126 14 -2.831559971562171429e-01 -2.907346840990342463e-01
127 14 -1.055946032049251970e+00 -7.433213607839910253e-01
128 14 -2.706838979820001545e-01 -6.554016643308829826e-01
129 14 -1.079156459813757907e-01 -3.881479131137177130e-01
130 14 8.133911499914914245e-01 -2.724259818104097786e-01
131 14 1.891311691030906073e-01 3.516395582758518601e-01
132 14 6.832862139658405498e-01 7.613725377073732314e-01
133 14 -3.156378339841944269e-01 6.275519668924654793e-02
134 14 -3.324379735687288395e-01 -2.224405659311469163e-01
135 14 -7.659800527066763509e-01 -5.515140144290532342e-01
136 14 -5.403375086528106053e-01 -6.263995341309452902e-02
137 14 -1.729461749586188035e-01 -5.457401029411618198e-01
138 14 4.934868981618574790e-01 1.390859417562362310e-02
139 14 7.544065120245325717e-01 4.778999009951122590e-01
140 14 2.691767139068693693e-01 7.411583096248332003e-01
141 14 1.131902405098067915e-01 -2.611608226654494880e-01
142 14 -1.556476501086460629e-01 -1.971105198903369549e-01
143 14 -8.313506690859608916e-01 -4.403757769464868022e-02
144 14 -2.209162301339720191e-01 -1.150962487726147621e-01
145 14 -3.537854776537113222e-01 -4.202656954092097163e-01
146 14 1.964246725379560077e-01 -3.756898457971302729e-01
147 14 5.475121726400019595e-01 -2.822202437793057128e-01
148 14 5.242617577362275183e-01 -5.223318561925857084e-01
149 14 -1.177595750749761971e-01 -1.901266547091070014e-01
150 14 5.562697783679464436e-01 3.586707219557048187e-01
15 15 7.218555205628763183e+00 -2.159424210380820330e+00
16 15 -1.894870691288225828e+01 -1.273171006617175749e+01
17 15 1.831205818278590058e+01 1.090505064465498997e+01
18 15 -1.407588367331624113e+01 -1.292250489869208607e+01
19 15 -5.708675280533368479e+00 1.308461760513029537e+00
20 15 -2.270869023395234443e+00 2.045754613594545468e+00
21 15 7.526589967662226321e+00 1.014758752656358176e+00
22 15 8.893445652993085204e+00 6.121849710683216372e+00
23 15 8.952991957723693162e+00 5.952271792028910546e+00
24 15 2.518582413041998258e+00 -5.860706488408147230e+00
25 15 -4.413892651811476497e+00 -6.559368734071116869e+00
26 15 -1.045622438483617955e+01 1.297253284772898585e+00
27 15 5.997530159057272714e-01 1.575720020883498940e+00
28 15 6.238633322967028327e+00 -7.685783896460897102e-01
29 15 1.885829122330499041e+00 -1.315263512050207861e+00
30 15 3.384214855829149382e+00 -1.045128796213686595e+00
31 15 -6.690960594528206906e-01 -2.861663731379342490e+00
32 15 -3.228163197403323359e+00 -3.502218126818564592e+00
33 15 -1.159786955923265861e+00 8.846770705109225919e-01
34 15 -1.644017526458683598e+00 1.188294440090625459e+00
35 15 -3.621330382571978479e+00 4.465134418380054093e+00
36 15 1.624628853252646499e+00 9.121616902168144136e+00
37 15 5.561861245359746242e+00 4.436427770870507992e+00
38 15 6.325305333671294328e+00 -4.195844183851241915e+00
39 15 6.596190596950743945e-01 -1.346259405640942042e+00
40 15 2.590631855074860379e+00 1.402243820410821629e+00
41 15 1.665897710647825214e+00 4.125145830978366845e+00
42 15 1.868378097312344499e+00 5.011761516577511344e+00
43 15 -2.357854693190136075e+00 6.837167006164170502e+00
44 15 1.819107779471856201e+00 -1.979785659333332060e+00
45 15 -3.641828388710866005e+00 -1.709437758478356439e+00
46 15 -1.415120293299745979e+00 -5.508081561619319055e-01
47 15 -1.697228065542577102e+00 1.570042115669614047e+00
48 15 2.981165768245178871e+00 -1.532304774029745076e+00
49 15 -4.502937819154238852e+00 2.038546069430684060e+00
50 15 -1.333357119408255409e+00 -1.397306591428713718e+00
51 15 -2.007040502982199826e+00 6.877176750175102438e-01
52 15 2.863266654144971834e+00 -2.022409319246287404e-02
53 15 2.172933407523495730e-01 2.897877128835753879e+00
54 15 2.947771522901188490e+00 -1.139792925064753160e+00
55 15 -1.758710210452074429e+00 -1.622509562447103093e+00
56 15 -3.337686072356814138e-01 -4.047146498773290801e+00
57 15 -5.544030496952624398e-01 1.697405033838315924e-01
58 15 6.121987204118434223e-01 -1.304063391043714271e+00
59 15 -3.676453667332946207e-01 7.944575451929075660e-02
60 15 5.456860170839482604e-01 -2.241448955320022307e+00
61 15 8.720046437186332877e-01 -3.698224872936645147e-01
62 15 -5.848987620962569078e-01 2.047390490428715182e-01
63 15 -1.154849445427119425e+00 1.861510771265969977e+00
64 15 -1.220103319956999721e+00 -6.135357372814264076e-01
65 15 1.358825415650679158e+00 1.010705807574487913e+00
66 15 -8.028471564367675173e-01 -7.665852677820885752e-01
67 15 5.232656462659819319e-01 -1.409912928657719444e+00
68 15 -3.597857441964973924e-01 -1.411750523804164770e+00
69 15 -4.929480921258450055e-01 -1.094332913001003105e+00
70 15 1.847775023430046071e-01 2.419682291563512999e-01
71 15 1.140073525712563818e+00 1.080108395881782091e+00
72 15 2.553702221430397268e-01 -1.508978733910447234e+00
73 15 -4.628774613249969083e-01 -2.732108180779908135e+00
74 15 1.078805346997655956e+00 -2.744179001331168877e+00
75 15 -1.291096519840112089e+00 -1.766379795519759544e+00
76 15 -6.632459364588360051e-01 -5.511437864782269269e-01
77 15 -2.380048500508943565e+00 2.772397337326403477e+00
78 15 1.555652055607143480e-01 1.277021947486235653e+00
79 15 -9.970791407386760952e-01 8.434120692895923366e-01
80 15 1.470680723848455662e-01 -1.409590281671574630e+00
81 15 -5.764999858544878064e-01 -7.452727660101068352e-01
82 15 1.371004061384804906e+00 -1.388785638288487112e+00
83 15 -1.580067114715216547e+00 1.040680407282991021e-01
84 15 -2.030637394483361113e+00 2.212330676927247719e-01
85 15 -2.678864578031218135e-01 5.484497503511416294e-01
86 15 -8.462868561546889046e-01 1.766820354528271797e-01
87 15 1.070781177303757881e-01 -1.127400634978528826e+00
88 15 1.301051178137229425e-01 -9.228693676064119167e-01
89 15 3.956840531775478453e-01 -2.627669271291526165e-01
90 15 -1.638332807290953763e+00 2.812941758470159925e-01
91 15 -4.785484002716107188e-01 -6.800482363587460055e-01
92 15 -5.788968674378250912e-01 2.336806846328260967e-01
93 15 2.116195483811212696e+00 1.244792732625197074e+00
94 15 1.277819307734054499e+00 -2.279937232945027370e-01
95 15 1.527667088578661403e+00 -2.040776666771672854e-01
96 15 1.485487007848359964e+00 -1.652982715055171026e+00
97 15 4.627098442820682389e-01 -3.551181424886984961e-01
98 15 -1.290626762580289189e+00 -1.985496269152794202e+00
99 15 -1.889688896031434862e+00 7.261219481682807952e-01
100 15 -1.419017726435961024e-01 3.182052268217160362e-01
101 15 7.402355210961786280e-01 1.598305973591363838e+00
102 15 1.806284584819326744e+00 -5.475190510124117171e-01
103 15 3.174829335859826740e-01 -5.282143734389983802e-02
104 15 -1.041858648128706766e-01 -4.450902168441960016e-02
105 15 -1.544441211951849136e+00 2.787442477014021036e-02
106 15 -1.542393938650984397e+00 -5.167672229647017890e-01
107 15 -7.300529387462230124e-01 -5.474200503900066295e-01
108 15 1.527410469012741245e+00 4.859201102426041752e-01
109 15 2.124511777297898973e+00 2.802780782445185581e-01
110 15 1.546688750565030412e+00 1.428413970458174663e-02
111 15 8.792822867247078733e-01 -4.906301656248652221e-01
112 15 4.716449014564266240e-01 -7.782714036765465693e-01
113 15 -1.580713341297582231e+00 -1.878044833282167314e+00
114 15 -1.483569593823096389e+00 -1.241056872672363642e+00
115 15 -4.075594801669138456e-01 1.871621805940913152e-01
116 15 1.572273477956858345e+00 1.467483172911065115e+00
117 15 8.159000293039623264e-01 1.776262021954891690e+00
118 15 4.428956610961452545e-01 6.169352280960329615e-01
119 15 -1.131036213667833579e+00 -3.087651610569122074e-01
120 15 -1.077299956693540173e+00 3.141529664113074105e-01
121 15 -2.176410145645168548e+00 -9.071784289016727731e-01
122 15 -1.109178862980760627e+00 5.698477737901170848e-01
123 15 -8.808952045822263099e-02 5.728051735952408574e-01
124 15 1.174716139326752451e+00 1.304152567361311910e+00
125 15 1.038055209497931397e+00 -7.894927353417723337e-01
126 15 5.950381105974078544e-01 -6.175632609130958517e-02
127 15 1.168468338775861537e-01 -7.227358413095976708e-01
128 15 -7.999249399967869323e-01 -5.290345056122799233e-03
129 15 -1.077066108533982547e+00 -1.007069682314724712e+00
130 15 7.778280218511073318e-01 -4.075320804813101910e-02
131 15 1.349897192797695933e+00 -4.038307634137577873e-01
132 15 1.962411527906540998e-01 -4.687212195993148423e-01
133 15 -8.512345858587657688e-01 2.286931420262201531e-01
134 15 -5.512372435155886707e-01 7.085778052757126799e-01
135 15 -8.927467677926199663e-01 1.547590795231482685e-01
136 15 -5.972421407294115081e-01 -2.354998797093160734e-01
137 15 -5.399316908819866700e-01 -6.620562107289853504e-01
138 15 7.903328055079816838e-02 -1.977460105589738948e-01
139 15 -3.317483583298017624e-01 3.497912820069584150e-01
140 15 -2.756782093913650034e-01 5.875539930869515537e-01
141 15 3.950791461856954512e-01 3.631362580800837070e-02
142 15 2.400041049592931408e-01 -2.149623525663955925e-01
143 15 2.676501371692536768e-01 -7.749335941244672732e-01
144 15 3.934323998894252994e-01 -2.191251809577058340e-01
145 15 4.830866099574788741e-01 -7.224947620948195537e-01
146 15 -3.021903513643352523e-01 -3.274924730533728123e-01
147 15 7.899701747836472832e-01 5.439061906312252503e-01
148 15 3.919840836319863353e-01 5.409009652173110139e-01
149 15 7.395844204862193072e-01 -1.699433640631510534e-01
150 15 -1.708517438962878776e-01 2.383008134713993365e-01
16 16 -6.951741231213192762e+00 -9.841546281493496195e+00
17 16 -1.930448936281736039e+01 3.553727712827281948e+00
18 16 1.732215921199320263e+01 -1.198518359861728833e+00
19 16 -2.240026627256081682e+01 5.182762309074695040e+00
20 16 -2.586630846675114892e+00 8.040938253213708364e+00
21 16 1.324131357529490316e+01 9.330118390079958912e-01
22 16 6.147461922889530861e+00 -2.824870653906031315e+00
23 16 4.007016500403328685e+00 1.212708550477900005e+01
24 16 5.151981807135181946e+00 3.613661877855437243e+00
25 16 -2.130022882923725991e+00 -5.293148336237136320e+00
26 16 -1.819439068223572153e+00 -5.791662900746803011e+00
27 16 3.637945948043408873e+00 -9.988625423398089787e-01
28 16 2.984980111574093264e+00 -3.344786119539118641e+00
29 16 -1.098503681345664784e+00 -6.833704032610659063e-01
30 16 -1.656799192633646722e-01 6.701468667885277064e+00
31 16 6.396127451204903780e-01 5.056643702203585278e+00
32 16 1.774950886284143436e-02 1.868017446763466261e+00
33 16 3.116018478578979067e+00 2.366093997523293080e+00
34 16 3.606343570198855542e+00 -1.971771174207191502e+00
35 16 -1.882520161450575324e+00 -6.617025820185236995e+00
36 16 -3.182815238455198426e+00 3.064311770861709583e+00
37 16 6.648930021777893495e-01 1.010747971839719739e+01
38 16 3.243747541790614974e+00 4.986180334745034415e+00
39 16 4.029675158902104037e+00 1.845035237554086827e+00
40 16 2.145396052003111897e+00 9.737903864044212821e-01
41 16 -2.550518200779504363e-02 -3.982099204140402637e+00
42 16 2.905467388691113317e+00 -3.285438035403617896e+00
43 16 3.388353997039039278e+00 1.129953016929674758e+00
44 16 3.186912876572783659e+00 1.656772196148044829e+00
45 16 3.719656026487002887e+00 1.636884479155517935e+00
46 16 2.967438855272733100e+00 4.512388235555880200e+00
47 16 1.238135927288878335e+00 3.152133160055043959e+00
48 16 1.901449562638655388e+00 -1.655590520622658879e+00
49 16 -1.369474144749230904e+00 -9.822898711061301968e-01
50 16 -9.248710214169131305e-01 -8.277207928606478138e-01
51 16 1.342657124684841496e-01 -9.965940541021672816e-01
52 16 -2.526034279004195637e-01 -2.521046176109919212e+00
53 16 -9.022492219832402016e-01 3.286787463234113194e+00
54 16 -2.447336150325753579e+00 2.842961942051203117e+00
55 16 -4.522016402754870157e+00 -7.662895149242952009e-01
56 16 -3.085773158203288791e+00 -3.687518835049583110e+00
57 16 4.931660123661854578e-01 2.401809769459079813e-01
58 16 1.308882929491502534e+00 -1.781746080601950277e+00
59 16 -1.361362575346968917e+00 -1.264479903553012097e+00
60 16 -3.030895877758017054e+00 -1.274269019879519238e+00
61 16 1.567457034224601253e+00 -1.033785554399155870e+00
62 16 3.531950831346517106e+00 -6.997133526818043459e-01
63 16 1.533816854901552507e+00 3.621391735883736640e-01
64 16 -3.201792998069425411e-01 6.076276230357552377e-01
65 16 -1.529230015385417696e+00 -3.400039367496958120e-01
66 16 -1.769339557783594641e-01 -2.244561720469604171e-01
67 16 -3.462148825655612105e-01 -8.138086554994958810e-01
68 16 2.521256811729183589e+00 -2.612796438508566688e+00
69 16 -3.545580712001646373e-01 -2.852650303736657289e+00
70 16 9.338266069942253722e-01 -1.027180158817258881e+00
71 16 -2.168196074683899965e+00 2.114439165135822751e+00
72 16 -1.013607470703127067e+00 6.630815667869359720e-01
73 16 -4.334250974334299400e+00 1.259611624245881023e+00
74 16 5.077883143180141889e-01 -1.617728965836990662e+00
75 16 -5.633641147528216653e-01 2.099637430023250373e-01
76 16 3.458206712089127777e+00 -1.539617922800686101e+00
77 16 1.085993437349356494e+00 1.701826022592693111e+00
78 16 8.534333461740710725e-01 -1.716021716561538346e+00
79 16 -2.074178221694513269e+00 -1.818446514042520723e-01
80 16 6.184665550950587676e-01 -1.248153619374696044e+00
81 16 7.984888993485229902e-02 4.287528005025940114e-01
82 16 -5.839036463676912092e-01 -1.689186247825419374e+00
83 16 -7.803261525633617968e-01 -5.337887717041560620e-01
84 16 -3.182879985409591272e-01 2.488677469192683012e-01
85 16 -3.961103539248819194e-01 3.040201994193086343e-01
86 16 -1.805624465018688340e+00 5.277803072101866499e-01
87 16 -1.411238083676747523e+00 6.219943909287121153e-01
88 16 -8.391145600492526668e-01 2.484407182180421003e+00
89 16 6.316644750430739919e-01 9.371219968525228428e-01
90 16 4.543442773057078665e-01 8.863507640457741754e-01
91 16 -2.970303460593770040e-01 -5.995200718961823938e-01
92 16 6.162663867077601276e-01 -1.812111996640402012e-01
93 16 -1.052778686153909016e+00 -5.709194187195780756e-01
94 16 -6.505390716507726268e-01 1.279974655382085658e-01
95 16 -1.199020929513582745e+00 1.533936925420004704e-01
96 16 9.822737883098644485e-01 -5.728220210066566898e-01
97 16 -1.537091002022188180e+00 3.291607846511430679e-01
98 16 1.062445839764005751e-01 -3.176662743415600287e-01
99 16 -1.066651395998904128e+00 5.011817491903790556e-01
100 16 4.828158483129372236e-01 -1.831076023542964393e+00
101 16 -1.657632351579178209e+00 -5.440136751739712562e-01
102 16 -2.718144566613616142e-01 -4.288405682664635510e-01
103 16 1.292673233299232782e+00 1.070689238782222885e+00
104 16 1.447491453700952002e+00 4.167113828778191142e-01
105 16 1.026880472285548462e+00 1.339157994550679076e+00
106 16 -2.110038428756387807e-01 -4.332423868612984008e-01
107 16 1.591902045369725516e-01 -1.529734232307993214e+00
108 16 -1.851912172839799586e+00 -2.121159630058569334e+00
109 16 -4.589102768462597903e-01 -1.008661851291196676e+00
110 16 -3.619595988214270310e-01 4.012352904154793953e-01
111 16 1.241425652911994471e+00 1.125468021228207993e+00
112 16 -8.505783432989916237e-01 7.671066227567112650e-01
113 16 -8.130818855795698408e-01 -1.009801584919445688e-01
114 16 -3.306374073904760902e-02 -8.284517453615416471e-01
115 16 1.184758200356951008e+00 -1.747096284911552555e+00
116 16 -3.445419504603952632e-01 -1.369647828486246777e+00
117 16 -1.507604867279881855e+00 -1.914513160616530818e-02
118 16 -3.160667164428720977e-01 1.535100302355138391e+00
119 16 -5.307812943065501887e-01 1.428579168696275437e+00
120 16 4.223972540873562886e-01 8.452724181516876323e-01
121 16 7.781451729704346176e-01 -1.290948846602169298e-01
122 16 1.008641173442004213e+00 -9.213996129684077774e-01
123 16 -5.977796765640416288e-01 -9.385606163899663512e-01
124 16 -8.088039147480819979e-01 2.637984745147318177e-01
125 16 -4.512582773511729095e-01 1.618056627697169292e+00
126 16 4.002978733517685850e-01 1.485673382560146472e+00
127 16 2.893371141482182773e-01 1.623882605088310394e+00
128 16 -4.139997237496247928e-01 -5.670906109198036171e-01
129 16 -3.255096997872244241e-02 -1.098990354437290318e+00
130 16 -6.393639410482803154e-01 -1.308242548543261607e+00
131 16 -1.015764622342871515e-01 -1.765109746681999825e-01
132 16 -2.557607345354176998e-01 3.182131257491927490e-01
133 16 2.735234466676464415e-01 1.236658905621448756e+00
134 16 -9.671391810209117867e-02 6.746697055099843965e-01
135 16 2.129729035632846046e-01 -4.380566513156656794e-01
136 16 -7.870752144927537497e-01 -9.161191782617491564e-01
137 16 3.586896917874775048e-01 -1.583165460858592555e+00
138 16 9.163154109492317456e-01 5.027104163912027301e-01
139 16 5.608291682941818346e-01 9.368371767966989783e-01
140 16 -1.984210722430542195e-01 1.444580695720484309e+00
141 16 -4.475135981810418051e-01 2.584786468193116249e-02
142 16 -5.430796532518329389e-01 -5.065446092629324326e-01
143 16 -7.063219166993258691e-01 -1.263116881653939094e+00
144 16 -3.649069351978165843e-01 -4.508979924430683850e-01
145 16 1.811960212939443537e-01 1.588539836028184105e-02
146 16 2.096639505009798565e-01 -3.942005118742486491e-01
147 16 -3.757354760314044473e-01 7.149630587735100740e-02
148 16 -9.749079100826874011e-02 -4.990933364373008052e-01
149 16 -1.641686189430713594e-01 6.744209744973928000e-01
150 16 -4.421914285094145636e-01 -9.337687269863056971e-02
17 17 -6.858433458266139482e+00 -1.198179794128424369e+01
18 17 2.680164122699216556e+00 7.539573844791835455e+00
19 17 1.763925385419421943e+01 -1.431321285824795808e+01
20 17 -2.204356697503563112e+00 7.104450816768083321e+00
21 17 5.878932703649300429e+00 -5.462081550821688225e+00
22 17 5.497140679433562660e+00 -1.187899984004776854e+01
23 17 -5.779193745811271654e+00 -3.760458572121997634e+00
24 17 -4.824122465016024819e+00 5.551232337620267465e+00
25 17 -8.199854982811677573e+00 -3.220272410706583044e-02
26 17 -8.296638131910922809e+00 5.325386594907974391e+00
27 17 2.080650430920944149e+00 8.341364685454449868e-01
28 17 5.979821161455533662e+00 -5.675100030842371801e+00
29 17 -5.532270784690032528e+00 -2.409530000270140970e+00
30 17 -3.695180487490504095e+00 2.678852903332032298e+00
31 17 1.701622942463449695e+00 1.806644740491496925e+00
32 17 -3.347379769861986709e+00 1.028818663872479666e+00
33 17 -4.090252344984998345e+00 2.888258906162724404e+00
34 17 3.330159120261502625e+00 1.647780493976693572e+00
35 17 3.874431896099818751e+00 -4.635461178447813246e+00
36 17 1.433917820173324476e+00 -8.261900878670179083e+00
37 17 6.001215076062540454e+00 -3.339826379760185482e+00
38 17 2.972066837755585667e+00 -1.478427074842268318e+00
39 17 -3.189950324362694545e+00 -3.965869573034030537e+00
40 17 -3.049330513358840644e+00 1.102869504383746785e-01
41 17 -1.938528105064523110e+00 9.030282274720486946e-01
42 17 7.384795069499147102e-01 -5.515552057838937650e+00
43 17 4.385545146696120611e+00 -5.960236482088227206e+00
44 17 6.261607703601094421e+00 -2.261870279695408659e+00
45 17 5.393244807385634942e+00 -2.341332189868908564e+00
46 17 -2.004481678688099788e-01 3.390614480908650807e-01
47 17 -1.295341313837319763e+00 7.771552935382699534e-01
48 17 -7.164900401256942830e-01 2.333918773151762438e-01
49 17 -5.467099289894211678e-01 -1.825114346361463191e+00
50 17 3.159463450388285688e-01 6.771585819433997289e-01
51 17 3.301001755426423934e+00 -2.596998974919307868e-01
52 17 3.425781203040452194e+00 3.120172210840244986e+00
53 17 2.157283675612077012e+00 9.048876637175642390e-01
54 17 -2.376920711242545892e+00 4.614859774133285519e+00
55 17 -4.662606241370981230e+00 1.278234332656811745e+00
56 17 -5.805032688589643719e+00 1.983057412572940770e+00
57 17 -1.351804003688280575e-01 -2.106051368357405806e+00
58 17 2.402954950061613193e+00 2.981486781065620928e+00
59 17 3.837617252038585391e-01 -1.006462689281779843e+00
60 17 -2.012149715299732300e+00 3.191578762123471691e+00
61 17 -4.319615560641693053e-01 -1.805662108121830256e+00
62 17 2.320439379626707682e-02 -9.293178456357154005e-01
63 17 4.939146006970626668e-01 -4.422668000074590822e+00
64 17 1.077316471529107256e+00 1.696969852583535276e-01
65 17 -1.471836887723855680e+00 -3.337549655257264991e+00
66 17 -1.855570482697467494e+00 -6.123453004604810790e-01
67 17 -3.561515108248262784e+00 -1.804623236697186606e+00
68 17 6.282772457892623619e-01 6.365169237316173900e-01
69 17 -5.460261600618608879e-01 -2.790505821826213761e+00
70 17 6.391573385084146075e-01 9.632004204061628272e-02
71 17 -4.866833375894785707e-01 1.159165033803538858e+00
72 17 3.780029387258533102e+00 1.173179856012184885e+00
73 17 -1.785229086423968159e+00 -5.261859387506266916e-01
74 17 -2.064242870261393303e+00 -6.038076417994348022e-01
75 17 -7.314187635366553586e-02 -6.830841621261812824e-01
76 17 2.744349718040629327e+00 -7.768981307709859063e-01
77 17 8.606043912336434065e-01 6.045574979245059710e-01
78 17 3.320094381241647796e-01 -1.530760066803419917e-01
79 17 -4.941573292480280211e-01 1.776798923444487532e-01
80 17 -1.862963552235929354e+00 -1.716207195294115362e+00
81 17 -3.383299523067933023e-01 7.827212746749580285e-02
82 17 -8.996111417824573797e-01 9.015279798432767056e-01
83 17 -1.435822986265168355e-01 9.135510110022140307e-01
84 17 -5.271761541331745349e-01 -5.673577514727561333e-01
85 17 3.286660257359041992e-01 4.283081318825085471e-01
86 17 1.055609717744215859e+00 -6.824932951354153454e-01
87 17 7.015406301245267207e-01 -6.797661196266385764e-01
88 17 7.008622899549598051e-01 -1.984861333881322298e-01
89 17 -1.631852249932246313e-01 3.202457712942729517e-01
90 17 4.785443927851696921e-01 4.069110076348420035e-01
91 17 -1.765425347725855243e-01 -4.155109834477971331e-01
92 17 1.122597142267709014e+00 -1.667382133697462299e-01
93 17 1.721356713645892933e-01 1.429566083990441605e+00
94 17 2.064938279179798497e-01 1.184349531799558708e+00
95 17 3.675519191815984632e-02 3.570797362129976560e-02
96 17 -1.188618116895044041e+00 5.326573039006480270e-01
97 17 -5.280354997976995923e-01 2.393641243112287209e-01
98 17 -1.002853563183150332e+00 6.299697212683293968e-01
99 17 2.192510368374757102e-01 1.244518820502082956e+00
100 17 -8.672687627541668665e-01 1.296007722874340073e+00
101 17 2.351827505130946738e-01 -7.944145804186655280e-01
102 17 4.814175916918993492e-01 -8.698565258183540427e-01
103 17 9.071442677950816158e-01 -2.010036920987743780e+00
104 17 -1.209435433469056687e+00 -1.772188332251474763e-01
105 17 -1.785113535197508927e+00 -5.070218112653019499e-02
106 17 -7.544975476665194414e-01 6.628329078595378565e-01
107 17 -8.718213089387669701e-01 -1.727039312432989415e-01
108 17 2.188277155862222989e-01 3.945798150774202373e-01
109 17 6.915240922769538834e-01 -6.207261118004548939e-01
110 17 1.358482559262027767e+00 -7.061241857507757347e-01
111 17 -3.056101872602329239e-02 -2.413036078304657273e-01
112 17 -1.343895779511993460e+00 9.750693649143886699e-01
113 17 -7.911173224613623489e-01 6.157867871639118862e-01
114 17 -9.282503922764507864e-01 -1.558380687892874650e-01
115 17 7.418571691785025290e-01 1.095455269036209378e+00
116 17 3.072983404483961567e-01 2.161683631994393839e-01
117 17 7.749075869379059567e-01 1.457451998901240220e-01
118 17 -1.587860630158668407e+00 -1.313954161611783356e+00
119 17 -2.026821201224760838e+00 1.812856091136863246e-01
120 17 -1.978270742130822990e+00 -1.282280973491264353e-01
121 17 -2.609492065213088186e-01 7.696061778175815604e-01
122 17 5.318415213185023749e-01 -6.740374477480044757e-02
123 17 5.849235144024940158e-01 1.097716801984724766e+00
124 17 1.556851417126120074e+00 1.997659826743518052e-01
125 17 1.053986846529381682e-01 -1.033797910467171705e-01
126 17 4.073243573720276567e-01 -3.898354538105266998e-01
127 17 -2.151902367699923158e+00 1.264526332623054472e+00
128 17 -1.204672609678837381e+00 1.989925468910652029e+00
129 17 -6.149878206004095738e-01 5.783650812202791869e-01
130 17 1.758623152744345219e+00 -3.997857675427279323e-01
131 17 1.214235096021840654e+00 -1.197490404354923488e+00
132 17 1.233582685667832912e+00 -1.007498938508557318e+00
133 17 -6.213636483805953237e-01 5.957410199260963768e-02
134 17 -1.079351362054169039e+00 1.702665205525600189e+00
135 17 -1.093615804370236200e+00 1.402710494972835731e+00
136 17 -1.033411962205042778e-01 -1.330458643274673447e-01
137 17 8.951807224208969682e-01 -1.063763229076112760e+00
138 17 1.341353050066787622e+00 -1.207133753494251227e+00
139 17 8.255072587734850753e-01 -1.798197791157100656e-01
140 17 6.008344527343090213e-01 6.934345733732170114e-01
141 17 -4.550708142482352558e-01 1.101462441557665040e+00
142 17 -6.994488365207105485e-01 -2.552006191134832958e-01
143 17 -6.768856058280914301e-01 -7.210842316002362695e-01
144 17 2.239247763978156058e-01 -5.240559409803104973e-01
145 17 5.343711200055420996e-01 -4.637272655045587832e-01
146 17 4.429275504684875853e-01 -5.024017918216932416e-02
147 17 3.718749429531664763e-02 4.964737110026210543e-01
148 17 2.359897357398070550e-01 4.663938144708350553e-01
149 17 7.034675001053758425e-03 7.282387387598079354e-01
150 17 -5.100765947892414998e-01 6.606513014513882842e-01
18 18 2.269020755246053955e+00 -2.862965741001866071e+00
19 18 1.636576311783528226e+01 2.754836873438412770e+00
20 18 -6.116827483894505590e+00 -3.785060374434126906e+00
21 18 1.732104472131392825e+01 1.016248169195972384e+00
22 18 1.159567708818376314e-01 -7.670030547570888757e+00
23 18 -2.289137017822043596e+00 -1.273572218743660223e+01
24 18 -2.754389008180438303e+00 1.097689536745562355e+00
25 18 9.455792769970579048e-01 -2.867594720931200936e+00
26 18 -3.624940070717991070e+00 -6.471559840575067390e+00
27 18 4.539091526759141182e+00 4.602559306277240303e+00
28 18 4.160420582603970630e+00 1.767336972070165491e+00
29 18 4.599638322966302928e-01 -4.955748241932965037e+00
30 18 -5.777227826190451943e+00 4.065880667986832009e+00
31 18 6.142356843270186939e-01 2.073899199906095614e+00
32 18 4.134693439656757619e+00 -3.900957490119112858e+00
33 18 -3.077446014839815724e+00 -5.055821123840004816e+00
34 18 -2.733552750290060285e+00 -6.940967524700230484e+00
35 18 -1.616490296950959582e+00 -6.456135480419225914e+00
36 18 -3.291403254565384184e+00 -3.134424404960046928e+00
37 18 2.459616772848526534e+00 -6.008281379572872893e-01
38 18 6.500161017955881526e+00 -1.046737439435954542e+00
39 18 -1.439877119835372143e+00 1.239045746235433398e+00
40 18 -5.991379591158793261e+00 2.583277611657651462e+00
41 18 -3.698942659700273694e+00 1.845882997176167828e-01
42 18 -4.969781915658604277e+00 -4.155507222495298691e+00
43 18 -2.815133470351929734e+00 -5.156364603697847215e+00
44 18 5.420767017580661040e+00 -3.694349280610108810e+00
45 18 4.080938517464049120e+00 -8.019765787056164497e-01
46 18 3.663705013468123162e-01 1.484355203197456063e-01
47 18 7.957426390063715438e-01 2.136545438459567681e+00
48 18 -3.147475474421005393e-01 -4.438088234978550872e+00
49 18 -3.059958860975941608e+00 -5.825329337635370308e+00
50 18 -1.799288546060953564e+00 -3.660512842036569126e+00
51 18 4.876380058505606213e-02 -3.941136627634209133e-01
52 18 4.299724965882472993e+00 -2.473297514256593388e+00
53 18 3.379699579843464363e+00 2.792289978591736332e+00
54 18 1.202838800735026359e+00 2.570212393509681448e+00
55 18 -3.357170043910218116e-01 2.962178756688013781e+00
56 18 -1.474512211713406573e-01 -2.524169244565132586e-01
57 18 -8.948705739934457171e-01 6.860281464031454668e-01
58 18 3.407300758337175051e+00 -1.181775974117322825e+00
59 18 6.440515211922739347e-01 1.018424431966045374e+00
60 18 -1.439598613128813653e+00 -4.486785540765395042e-01
61 18 -3.618421754685049674e+00 2.236926604136255659e+00
62 18 -1.217988459618960295e+00 -5.370981192440695828e-01
63 18 -1.596089582754522285e+00 -5.028538370971832316e-01
64 18 -8.974557967768789224e-01 -1.271717778933053378e+00
65 18 -3.573449069097686781e+00 1.480427012429962996e+00
66 18 -3.909139714710939684e-01 -1.488143387174379662e+00
67 18 -8.928525099606332560e-01 1.158059103226582121e+00
68 18 -7.709302459701256049e-01 -1.202246579299302454e+00
69 18 -6.041574590712358445e-02 1.055639290116957341e+00
70 18 -2.777430860214030739e-01 -6.363045040960318977e-01
71 18 -1.920277428591926627e-01 2.613553886915152003e+00
72 18 5.586646223421269930e-01 1.278885662917900734e-01
73 18 1.178658962718080128e+00 2.640272321211106110e+00
74 18 -1.725535649675345784e+00 -7.547845479619186282e-01
75 18 2.948767007579719546e-04 -1.567993537559747130e+00
76 18 -7.194581967499183994e-01 -2.864325529698632966e+00
77 18 5.774098710986347305e-01 -1.032299502334048436e+00
78 18 -6.615344056358525293e-01 -1.851532252308047743e+00
79 18 2.855624618313967050e-02 -1.690545186668937605e+00
80 18 -8.741849448568194125e-01 -6.160468330187462982e-01
81 18 7.044345636128880317e-01 1.819151041916936343e-02
82 18 -1.132749554316324347e-01 -6.414170063768637187e-01
83 18 -5.495973174225552427e-01 -5.898826649690570578e-01
84 18 -1.761259966844047176e+00 9.794435802232324129e-01
85 18 -7.212241829711352192e-01 1.070952078865913037e+00
86 18 9.247388931169594484e-01 -6.863859435113421892e-01
87 18 4.527827540016580721e-01 1.900541071493776490e+00
88 18 -9.006699776208302310e-01 7.386114784840361880e-01
89 18 3.272333970378762946e-02 1.004566776498232006e+00
90 18 7.204144549409626785e-01 -1.635709275550482289e+00
91 18 4.606337004526714352e-01 -4.208894157140554149e-01
92 18 -6.549439299537557213e-01 -1.354391717288221164e+00
93 18 1.695202759747745369e-01 1.446740091560691832e+00
94 18 6.067543889277488001e-01 2.584877361793551653e-01
95 18 4.451664764991359879e-01 6.837416718960218631e-01
96 18 5.694209658010899178e-01 -2.770436193056721730e-01
97 18 1.127569772077616328e+00 -1.212996014717020454e+00
98 18 1.182058135089819828e+00 -6.533059533152827392e-01
99 18 1.236017329928638553e+00 2.869235403309978727e-01
100 18 1.243749926109834147e+00 1.088849700637981144e+00
101 18 -2.537557062261402985e-02 -4.869958695100898294e-01
102 18 -1.144599633878202960e+00 -3.417253689620407542e-01
103 18 -2.138313664880843457e-01 3.056795909845216319e-01
104 18 3.094273019875348751e-01 -2.054179765094432120e-01
105 18 1.013383941833004176e+00 1.049277175485173602e-01
106 18 -7.173776537683348442e-01 -8.635780124768466237e-01
107 18 2.979125364787109376e-02 9.774170513203304100e-01
108 18 -1.250201667018385976e+00 -8.176949357658088724e-01
109 18 6.830316467105865819e-01 1.029679666567133500e+00
110 18 -6.950352113624104489e-02 -2.932261212749022183e-01
111 18 1.282641406807998985e+00 1.840030066673272957e+00
112 18 -9.293700348161292313e-01 -1.635949675289128935e-01
113 18 5.500791442268728737e-01 3.062965508405061099e-01
114 18 -4.672260321171514685e-01 -1.190530572737762416e-01
115 18 1.677726224784023223e+00 8.278983770604786407e-01
116 18 -6.155642311047064552e-02 2.430703778379584012e-01
117 18 1.078097348176808440e-01 3.023852649696410211e-01
118 18 -1.090309960462119809e+00 1.356649110192611474e+00
119 18 -4.557834823506181077e-01 1.714738247437573859e-01
120 18 -1.182633617440538021e-01 -1.449899549971866985e-02
121 18 8.284179512449245664e-01 -4.784000183488423819e-01
122 18 -9.891762383245639167e-02 -5.621032991709508098e-01
123 18 -7.817773059023770399e-01 -3.018369601109807329e-02
124 18 6.081873723527089770e-02 3.301630767017406654e-01
125 18 2.635070138269516270e-03 1.876931702360020937e+00
126 18 6.579474455584928272e-01 1.145540302448103898e+00
127 18 -5.487231196944837297e-01 9.101355477748034328e-01
128 18 2.031240999761728949e-01 -1.046401186880192569e+00
129 18 -1.788219605992194206e+00 6.414247296198676285e-01
130 18 -5.260249028248437098e-01 3.122499141315173699e-01
131 18 3.816170448901567425e-01 1.027594504391464714e+00
132 18 1.925211392493729745e+00 1.009115437309035190e+00
133 18 9.334618755009473912e-01 9.224470848173393911e-01
134 18 8.267095870290595006e-01 1.108996125458607818e+00
135 18 -6.302909332321796620e-01 -4.699785628644999047e-01
136 18 -1.446218896976959378e+00 -9.292897740841656873e-01
137 18 -2.836952488960822194e-01 -1.722838469468336742e+00
138 18 3.240743188614985115e-01 1.079694028283905149e-01
139 18 2.138497096355399307e+00 -8.125202861580620439e-01
140 18 9.376763529080456294e-01 3.850405534103500393e-01
141 18 4.403324119571840889e-01 -4.701584117273471808e-01
142 18 -1.257693383616353966e+00 -3.175642951110360657e-01
143 18 -9.500825346630479284e-01 -9.292466636289921089e-01
144 18 -1.161001378105870341e+00 -2.841662180889301115e-02
145 18 9.594976309385651048e-01 3.246650527555496879e-01
146 18 5.899767140305592905e-01 5.637631097326879503e-01
147 18 4.211905324170632237e-01 4.769365522833419746e-01
148 18 4.191670573969591973e-01 1.457290904855584879e-01
149 18 5.609744401703441186e-02 1.263851394315294585e-01
150 18 -5.527122007964916373e-01 8.425513704700282602e-02
19 19 3.967932054553716892e+00 -1.493690937987533385e+00
20 19 1.178030850735019897e+00 3.985915838752448703e+00
21 19 -2.230789395659763485e+01 1.660417627230733473e+01
22 19 5.076652306852633245e+00 -7.064981684450266641e+00
23 19 -1.189739879887962459e+01 7.180957734556001171e+00
24 19 -9.283668060467545891e-01 3.609142094077576468e-01
25 19 1.340997060132043295e+01 3.337253558029834810e+00
26 19 3.029313506807309153e+00 -4.645068237113580523e+00
27 19 3.204511001468712372e+00 -3.493716216190451362e+00
28 19 1.048191322385944702e+01 2.189793044017495305e+00
29 19 1.131304763071348418e+00 1.971351989060146082e+00
30 19 -7.429305731858327100e+00 1.135969366792633384e+00
31 19 4.106963889914526655e-01 8.907082558461326016e+00
32 19 1.249082934026317426e+00 7.984525309097508794e-01
33 19 -4.182309796573917104e+00 -1.926764777904457882e+00
34 19 -2.515037965924325380e+00 2.478552194157785937e+00
35 19 2.654099399508834445e+00 -2.696449238999664821e+00
36 19 5.266676192505692633e-01 -5.702263311515753053e+00
37 19 -1.287164285499063698e+00 -7.159113724326973127e-01
38 19 3.499042090009679473e+00 2.009386703534861152e+00
39 19 4.687311405641070849e-01 2.119751454369378507e+00
40 19 -4.922859460510324858e+00 5.204762733570503563e+00
41 19 -2.543041347190641233e+00 6.202673725123037052e+00
42 19 -1.750112406527324804e+00 -4.001134440398179670e-02
43 19 -2.372836508175211634e+00 -8.501840483351852384e+00
44 19 1.194000714309130684e+00 -6.955829336875147817e+00
45 19 6.171106239502134327e-01 -2.349373334189904128e+00
46 19 -3.663956864609352326e+00 -1.326646473961201833e+00
47 19 -3.817626592532980645e+00 2.087855377845702964e+00
48 19 -1.418222179492340196e+00 3.111822681255043133e+00
49 19 -2.425704671519808731e+00 -2.520155984273589223e+00
50 19 -2.391722482523752080e-01 -2.429212562745211468e+00
51 19 2.031579740441136206e+00 -1.645097122189882244e+00
52 19 1.901125358975922275e+00 -2.920778263496339289e+00
53 19 -1.109188742185661658e+00 -8.299023629225705800e-01
54 19 2.369422621365612880e+00 4.701667773713970599e-01
55 19 7.554458292554915300e-01 -3.986450806263874824e-01
56 19 -6.816449385891080182e-01 -1.125160990392696236e+00
57 19 -1.253154211470194568e+00 7.256198064903921496e-01
58 19 3.958704729113618370e+00 -8.891924498303853674e-01
59 19 2.221831901266178022e+00 -4.337406246841444823e-01
60 19 1.507421588112082267e+00 1.385354666532482959e+00
61 19 -1.328866044649527067e+00 4.694137819868273276e+00
62 19 3.591269614984856084e-01 -6.499111773855230645e-01
63 19 -2.480826762985385958e+00 -7.909079894036157299e-01
64 19 -7.707580059681351514e-01 3.177411713781813640e-01
65 19 -1.627055089512777331e+00 2.743169134012285237e+00
66 19 -9.148528336948098527e-01 8.960632288991421390e-02
67 19 -7.574077980624376316e-01 1.047233618286851353e+00
68 19 9.072561554276034612e-02 2.033451495862831582e+00
69 19 -1.445269282105377195e+00 1.475752219885363425e+00
70 19 -1.747047993121803477e+00 2.036664941677704121e-01
71 19 -7.827027473777855571e-01 -1.200311946649841310e+00
72 19 1.544717750496314546e+00 -1.676388962932346960e+00
73 19 9.742113386098963934e-01 -2.593653971118205170e+00
74 19 -6.259729542081310383e-01 -5.127055602450301119e-01
75 19 -9.970290541497579540e-01 1.944853352951133596e-01
76 19 -2.405316669572425403e-01 1.198922223857088465e+00
77 19 -6.981846948461637448e-01 -1.042192124037095491e+00
78 19 -2.710158930399525490e-01 -6.925134406381683316e-01
79 19 -2.819651231577698258e+00 3.525497586503204550e-01
80 19 -1.227241123221977981e+00 1.267484179270436939e-01
81 19 -5.161561759723125586e-01 1.187892633016515598e+00
82 19 1.779130180969040298e+00 1.135067280295766201e+00
83 19 -2.309038296577646254e-01 2.873724825539491601e+00
84 19 4.031555325004609336e-01 -2.867894713995586820e-01
85 19 -1.649886151578333848e+00 1.187883513362971710e-01
86 19 1.049530417514264458e-01 -2.490914799899844656e+00
87 19 -7.372227009565750500e-01 5.675449074754433942e-01
88 19 -4.386040689091198486e-01 -3.217426650569500390e-01
89 19 -1.642647801838097665e+00 1.015548313629844213e+00
90 19 -3.547296253977331171e-01 -1.636704697825001942e+00
91 19 1.244379755956735778e+00 -6.495402763177956507e-01
92 19 1.117459555887369449e+00 -1.335090229252327010e+00
93 19 2.998260660443491377e-01 -6.880054706681163479e-01
94 19 -1.071967242479762605e+00 1.012194643194292309e+00
95 19 -7.628658756868376134e-01 6.986493627955985275e-01
96 19 -1.511455335391898469e+00 -6.748561199680530587e-01
97 19 -6.506884783774787850e-01 -1.868563648108886088e+00
98 19 4.889301354312546311e-01 -1.916314046969867513e-01
99 19 1.726077245191810938e+00 -5.936918753008972871e-01
100 19 1.532251996587817633e+00 4.069450815626758367e-01
101 19 6.867453533923897346e-01 -7.826246986883389489e-01
102 19 5.944361056471010318e-01 7.315645188170011304e-02
103 19 -6.268069145007278964e-01 1.962256368440332688e-01
104 19 -5.737454637091869980e-01 -7.625076820149989665e-01
105 19 -1.502674774515124767e+00 2.692974621112440015e-01
106 19 -5.014349924532160441e-03 7.990328583424473330e-04
107 19 1.420680598508577142e-01 2.904879045234441404e-01
108 19 9.851752092092519453e-01 -9.024122381754429156e-01
109 19 6.266970593783078858e-01 1.376028375915281821e+00
110 19 7.777646646503577621e-01 8.376650277812552892e-02
111 19 5.331575712832165026e-02 6.517578018211535040e-01
112 19 -7.452810693468091552e-01 -1.064577746747126019e+00
113 19 6.149786479919816529e-02 1.694531935467474826e-01
114 19 7.362176444274556308e-01 -7.295637265806668159e-01
115 19 1.627500314346117971e+00 2.441734343603224056e-01
116 19 1.802806653790983482e+00 -5.331542005620085733e-01
117 19 1.105210902402022466e+00 1.030215302607281780e+00
118 19 4.323804111219049506e-01 1.133158510059961294e-01
119 19 -1.182614321887661135e-01 -3.591495374767345039e-01
120 19 -4.514255561549901374e-01 -6.696063857790182094e-01
121 19 1.843702892624857204e-01 6.979881764258613064e-01
122 19 1.422168764418045184e+00 4.342368839242896628e-01
123 19 3.545241748174801644e-01 8.148529867234008961e-01
124 19 -1.200189599098704374e-01 2.382462115219887433e-01
125 19 1.231678665723496269e-01 5.510112904579551607e-01
126 19 -3.434885363497000021e-01 4.255500175802900964e-02
127 19 -9.265153468529380154e-01 4.014183031798946866e-01
128 19 -3.748374717462568118e-01 9.236949301090208175e-01
129 19 7.965978649973253223e-01 4.738727372357525724e-01
130 19 1.194958499465946566e+00 -5.032528852989266444e-01
131 19 1.283971807026599965e+00 -8.345720070226879672e-01
132 19 9.238913079349915236e-01 9.088896583827073272e-02
133 19 3.708644826058926647e-01 9.733103079637701605e-01
134 19 4.035319153097331468e-01 1.963950146447645873e+00
135 19 3.489011526710156241e-01 5.478079141910228156e-01
136 19 4.993642298286686820e-01 -6.371883001551688075e-01
137 19 -1.989266018425773219e-01 -1.250252076233347998e+00
138 19 2.110021757589768954e-01 -9.883493916620939013e-01
139 19 2.024737331033946430e-01 -1.485408183530374515e-01
140 19 8.154058991310414450e-02 8.902143612622703817e-01
141 19 -1.981915447809850517e-01 1.176381924206359786e+00
142 19 -8.274623781087027397e-02 3.269593389827262775e-01
143 19 -1.214330630727999960e-01 -3.157784481302446933e-01
144 19 -8.752282770290038538e-01 -6.493457040488583853e-01
145 19 1.114733027350033323e-01 -4.174246645678830747e-02
146 19 3.508134663631299888e-01 -1.212664324144911099e+00
147 19 -3.585263418105910649e-02 -3.890669500824421312e-01
148 19 -3.005518637140577320e-01 -3.423334620117219479e-02
149 19 5.714654807793989599e-01 7.472760595916425608e-01
150 19 6.014411013368949899e-01 -2.946569683620737790e-01
20 20 4.107709530878075554e+00 -6.027630541306314704e+00
21 20 -1.180503497463999629e+01 2.249782045317431756e+00
22 20 -6.204982256467721946e+00 2.132743714408008628e+01
23 20 -2.884396393215293397e+00 -1.736669084586746692e+01
24 20 -6.106998139028820383e+00 7.236554368555361272e+00
25 20 3.491149068489050933e+00 -1.264044396171604578e+00
26 20 1.121588184882256378e+01 -2.440866993393016493e+00
27 20 -2.750828687168522801e+00 3.512300587134855157e+00
28 20 -1.065728275693427651e+00 4.541625171783659098e+00
29 20 -2.017916116957747974e+00 4.213735812605063025e+00
30 20 -3.616541573125441111e+00 9.396636227193992497e+00
31 20 -2.530790247001991400e+00 4.325391363849621307e+00
32 20 2.280298859871038086e+00 -5.040664722517171903e+00
33 20 -3.766306346543185857e+00 -7.971886425664727049e+00
34 20 -5.411945173850454260e+00 -2.777996882087963915e+00
35 20 6.496328164606559596e-01 2.337910438631448429e+00
36 20 3.234592455354508456e+00 3.334572061823887879e+00
37 20 1.215225901615735404e+00 4.100205387249454603e+00
38 20 5.850280393957973502e+00 1.871477212497205889e+00
39 20 3.174554646137951686e+00 -6.669457180265309093e-01
40 20 -6.895233581939084644e+00 6.149188118408352999e-01
41 20 -3.827492005898275096e+00 1.774018691877869536e+00
42 20 -1.266932854948463305e+00 -6.798190381939607230e-01
43 20 -3.806253208786224640e+00 -4.509997453399963163e+00
44 20 3.029306305571258795e-01 -1.119315263580930253e+00
45 20 4.520160526316801430e+00 2.166773917812993222e+00
46 20 1.787710707548634814e-01 -1.711256438431200122e+00
47 20 -4.164224270939613781e+00 -2.411358580485764846e-01
48 20 -2.693427748558475443e+00 1.619408944841115749e+00
49 20 -1.839458829603820123e+00 -5.787633183360487710e-01
50 20 -3.553151845596796754e+00 -5.334539205411216178e-01
51 20 5.271100823340996167e-01 1.899766102511729615e+00
52 20 2.946530001071084648e+00 7.940374531666789526e-01
53 20 3.732601520277099572e-01 -5.562713613502561216e-01
54 20 -3.394278436515643094e+00 -6.517169067547701200e-02
55 20 9.834952266388435893e-01 1.302188632293619586e+00
56 20 4.300571201871627558e+00 3.756509271971373298e-01
57 20 3.013254534317222788e+00 -3.925032137570086954e-01
58 20 -1.505728922243200762e-01 -5.916376462155981120e-01
59 20 1.915287054961818392e+00 -2.476258422012483917e-01
60 20 -1.450761031981480542e+00 1.574868795136065369e+00
61 20 -3.077222561363269215e-01 2.927391686537548221e+00
62 20 -7.709799240816859189e-01 2.151553065455388047e+00
63 20 1.460382256663067757e+00 -6.575743562801952269e-01
64 20 -1.056410245022205263e+00 7.029983198082445650e-01
65 20 1.460180715823121478e+00 2.652955485320145357e-01
66 20 -5.241967999994654459e-01 1.348995014738900045e+00
67 20 2.546466004423012297e+00 -9.309994998978691205e-01
68 20 8.635552940889557050e-01 4.707453376959414570e-01
69 20 2.720450084233683619e+00 -1.468010931360071547e+00
70 20 -3.827008074063376952e+00 1.158996492283002500e+00
71 20 -2.536453431842956796e+00 5.809740830892886621e-01
72 20 -1.435282108615742125e+00 1.769723993298701448e+00
73 20 1.618571598974633874e+00 -3.083668344953685914e+00
74 20 -1.116886287243465392e-02 1.338869339766171063e+00
75 20 1.057495227123713022e+00 1.899699736037672393e+00
76 20 -1.569024045536183132e-01 2.443924485954751091e+00
77 20 -1.702743319973257119e+00 2.467753456958370895e-01
78 20 -1.084261424857916323e+00 2.392816766557130492e+00
79 20 -3.947794869769522541e-01 3.808419413511812679e-01
80 20 1.174163949039540578e-01 5.143001954273136445e-01
81 20 -1.474804019393653354e+00 -6.894052257163251207e-01
82 20 1.022850942758722015e+00 -1.452395723504885661e+00
83 20 -1.960953662924324048e-01 1.463195529151603558e-01
84 20 -1.336349242334672338e+00 6.673062623857606290e-01
85 20 -6.834104297697441988e-01 1.480933037140251152e+00
86 20 1.559481288287278833e+00 8.692852833783475397e-01
87 20 1.132258698063359104e+00 5.940387116157395120e-01
88 20 -9.678192305988860822e-01 -4.731725759613386595e-02
89 20 -1.141392009913774652e+00 1.004589685950453282e+00
90 20 -1.894093928914867941e+00 2.250713089922817822e-02
91 20 1.116657070143159070e+00 7.117732305567777695e-01
92 20 3.557780318572515421e-01 1.366453621831604348e+00
93 20 1.281364246771372173e+00 1.002313308238085510e+00
94 20 -6.382676280333775543e-01 1.042687946999095505e+00
95 20 -1.230285762186233978e+00 -4.161281658983291276e-01
96 20 -2.369267128590018867e+00 -1.583432572638852509e+00
97 20 -1.080127183015625381e+00 -2.020601241039962748e+00
98 20 4.100188638725749124e-02 -1.839508913753060471e+00
99 20 3.895254112692134729e-01 -1.543501580735307410e+00
100 20 1.229580374625655725e+00 -5.381838156336279377e-01
101 20 -5.558914333428317117e-02 2.541234132633378162e-01
102 20 -1.414534178196446446e+00 1.676099279510109841e-01
103 20 -1.545866638317641151e+00 6.035637790417457405e-01
104 20 8.612368388099714278e-02 -5.515737432335665602e-02
105 20 8.018685774852326587e-01 5.731370876304335837e-01
106 20 3.503424025264467168e-01 -1.690995212290656857e-01
107 20 3.057842592539748439e-01 -4.949329274437577753e-01
108 20 -2.555177228898970476e-01 -2.505556221241126424e-01
109 20 5.329376234013207814e-01 2.455310096539785325e-01
110 20 -5.893972912975784517e-01 8.264467971773494792e-01
111 20 -1.016230550513790964e+00 2.378075269588827145e-01
112 20 -1.222816765157497043e+00 3.449045915113790883e-02
113 20 2.200982703481071112e-01 -6.976340517773695904e-01
114 20 8.093293115898060330e-01 -1.422722335490881340e+00
115 20 -1.784043250587203505e-02 -1.053598291759465289e+00
116 20 5.428995723557950015e-01 -2.379242921404077782e-01
117 20 -6.824583068744330960e-01 1.884915635274372059e-01
118 20 -2.393674978702058087e-01 2.269300754858276092e-01
119 20 2.796740511462383894e-02 3.780375991593061258e-01
120 20 1.896061684023541360e+00 -4.966997213912173748e-01
121 20 1.155088928727708186e+00 -7.697085841977029386e-01
122 20 2.094717935725969316e-01 -1.098689622301133095e+00
123 20 -4.165126087385132014e-01 -4.593204709150902065e-01
124 20 -6.159543139307844806e-01 2.974190322599347680e-01
125 20 5.173113992322675436e-01 3.826062301988270575e-01
126 20 -3.597438591010573838e-01 3.438737564762407439e-01
127 20 7.833783550795296868e-01 -1.241676720669006251e+00
128 20 -5.512289054051412729e-02 7.415193400838349103e-02
129 20 6.828311293302624652e-01 -6.221949083646093337e-01
130 20 -5.979701472130268813e-01 -1.844839043608771934e-01
131 20 9.377348703507027983e-01 -1.172653519282847306e-01
132 20 8.725373115647649946e-01 8.465381445101720637e-01
133 20 6.228232040314183315e-01 -3.413464139199044040e-02
134 20 -5.181925318851573481e-01 3.207595015658489812e-01
135 20 -6.131131554556842334e-01 -3.385821655834181376e-02
136 20 -8.390299436177331427e-02 -7.898415297452251460e-01
137 20 -4.868632659139473379e-02 -5.192320957861268349e-01
138 20 8.111865948323377928e-01 -6.778264166934855339e-01
139 20 1.140628374051003924e+00 4.872062328745970783e-01
140 20 1.180202246059393723e+00 -3.656109768819845174e-01
141 20 1.695455043820372765e-01 -5.155413713419574329e-01
142 20 -6.790832947677268860e-01 -3.514612388408729915e-01
143 20 -2.208831391739032590e-01 5.006415043938636789e-01
144 20 1.204900961109882790e-01 -1.565392771319162879e-01
145 20 1.169417129356589813e+00 1.558805371892376668e-01
146 20 2.436238823519187580e-01 2.310785160753441314e-01
147 20 2.891704366564915585e-01 -1.687679587295517758e-01
148 20 -5.683054112931743562e-01 -4.320099301402430259e-02
149 20 -4.673485543501507689e-01 -3.510310713176947872e-01
150 20 -6.166704964663283217e-01 1.562074717401875645e-01
21 21 2.226319434661956365e+00 -4.718951523727069386e+00
22 21 -9.306925809770635993e+00 3.054072215955174308e+00
23 21 1.375663444098638166e+01 -5.923212136994646659e-01
24 21 -3.226380446825908521e+00 -7.948274188832420428e+00
25 21 1.396314307256485598e+01 -4.669382663609712658e+00
26 21 3.788908006990166832e+00 -7.288138876051728055e+00
27 21 -3.976078471937049663e+00 -7.395583467235698372e+00
28 21 -2.537969865856692042e+00 6.250719290374513903e+00
29 21 -1.465363942038754530e+00 -5.628383480403867933e-01
30 21 -1.012139091694094439e+01 -1.932821202736376920e+00
31 21 -4.536938737428269697e+00 7.026037088264300401e+00
32 21 -2.815014598254153011e-01 5.267937640693161505e+00
33 21 1.684831883158541155e+00 -9.637619601345578602e+00
34 21 -8.944697623117255914e-01 -5.121255446129702626e+00
35 21 3.433546016424299907e+00 -1.706880839033319663e+00
36 21 6.939330634417325783e+00 -1.482210631019424074e+00
37 21 1.952290544002149020e-01 2.516821607183060472e+00
38 21 -3.460154177078660798e+00 4.735032359485941811e+00
39 21 -1.301380626653237504e+00 8.462002690983573272e-01
40 21 -1.069621397202467294e+00 -8.865720320520620312e-01
41 21 -2.107675194739680347e+00 -6.707548880088403109e-01
42 21 -8.071637380155756158e-01 -6.256534298509672354e+00
43 21 -1.302023740052080880e+00 -5.518340407718121732e+00
44 21 -4.769426681172570959e+00 1.316595719778801410e+00
45 21 -1.863558778839870200e+00 5.480117487458248782e+00
46 21 3.762633328395345034e-01 6.810578859831799114e+00
47 21 -2.284232868467632294e+00 4.757841021206108856e+00
48 21 -9.837841865506713468e-01 1.175633235987986330e-02
49 21 -4.620115090279772740e-01 -2.561026917706590300e+00
50 21 -2.037706554839112005e+00 -2.501921352402885823e+00
51 21 8.537527477644686336e-01 2.363405266634661217e+00
52 21 8.141182175086824069e-01 3.634752953634635020e+00
53 21 -2.076979316683835286e+00 1.986275646491450386e+00
54 21 -4.115282800712789957e+00 8.523675511134559679e-01
55 21 -2.927102285335683618e+00 1.584456492071772749e+00
56 21 -3.200036280744640305e+00 -2.531504062277174061e+00
57 21 -1.046675277827783912e+00 -2.703333119342269386e-01
58 21 -2.447329243384362418e-01 8.588156674371185684e-01
59 21 3.131038621804170585e+00 1.079306846216013582e+00
60 21 6.785622205016912378e-01 -6.095168820825298539e-01
61 21 -5.768425934346823603e-01 1.611690152196861847e+00
62 21 1.343996923789708177e-02 -1.358496467589784151e+00
63 21 1.771823513890163015e+00 -2.536920885673507264e+00
64 21 -1.333677987495428985e+00 -3.057593746652926825e+00
65 21 -7.873758069472401866e-01 8.965193817509820029e-01
66 21 1.187383946618640884e-01 7.746970212527374278e-01
67 21 -3.897034200524037706e-01 -9.306775358848777824e-01
68 21 -4.668417546091189196e-01 3.662992719642503558e-02
69 21 -5.363325860406180645e-01 3.036150387714367405e+00
70 21 1.614129737964346445e+00 1.790775174057313457e+00
71 21 -1.159282353104813756e+00 4.259494177425364736e-01
72 21 -3.181555738887577589e-01 1.433889396352429291e+00
73 21 -2.394034998244384038e+00 1.119237124444101006e-01
74 21 1.374573920013814954e+00 7.159481624869976080e-02
75 21 -1.388754045170015328e+00 3.128835959545769096e+00
76 21 1.867136881929552406e+00 2.414077562419717715e+00
77 21 1.533337574893564037e+00 8.014820797882595826e-01
78 21 2.687395685668467760e+00 -2.690703155268135416e-01
79 21 -1.531936619898512930e+00 7.977155598955257831e-01
80 21 -5.873887665619008658e-01 8.290931400193304879e-02
81 21 1.955662533754397026e-01 1.400178036298709960e+00
82 21 1.875329173681432371e+00 -1.642678699454132918e+00
83 21 1.195743565603804237e+00 -6.242522139595874098e-01
84 21 5.956769197949781658e-01 -1.266916249995573951e+00
85 21 6.351290156025241052e-01 1.799540484109055427e+00
86 21 -8.429488314525184212e-01 1.487280479462904426e+00
87 21 3.726062502634809592e-02 2.404340460558485937e+00
88 21 -3.625406148493922065e-01 1.909344740354990355e+00
89 21 5.059694440331443666e-01 1.641553341645269892e+00
90 21 -1.074033692526717543e+00 -1.273643379640906348e+00
91 21 -9.766144278028347780e-02 -2.500035301856271097e+00
92 21 -1.797826542703313824e-01 -6.588514542651955352e-01
93 21 1.135147360213728529e+00 1.702211076475276696e+00
94 21 -8.716945660375314819e-01 1.714788812257855843e+00
95 21 -7.792685377557815318e-01 -3.226784542664384303e-01
96 21 -2.206519351365366255e+00 -1.379401974818971199e+00
97 21 -4.384737891487682226e-01 -1.728337453418369307e+00
98 21 -1.257488608397550722e+00 -3.196972982760395432e-01
99 21 5.348843290698415132e-01 1.852057617880676021e+00
100 21 4.197098830281155435e-02 1.698983193017056248e+00
101 21 1.787859198394634586e+00 1.435770335294733968e+00
102 21 -9.503150213804502089e-01 8.512052631312870821e-01
103 21 -4.519873950364215465e-01 6.975120682363925573e-01
104 21 -8.092580118961793800e-02 -1.173982125046324487e-01
105 21 3.735207324078668178e-01 -8.310665584009255258e-02
106 21 -9.019621845268319116e-03 -3.315668297392015962e-01
107 21 2.793947411981188567e-01 -4.253974843252492088e-01
108 21 1.445422278286482287e+00 -5.386387478036602783e-01
109 21 4.499179078241280494e-02 -7.115148445018111278e-01
110 21 -1.884499477339064699e-01 3.075625526653303354e-01
111 21 -1.631749554953211723e+00 -1.203031417978013551e-01
112 21 -8.420738509543199690e-01 7.972205094741439957e-03
113 21 -1.572499099475712425e+00 7.065635461659254268e-01
114 21 6.922438554149024093e-02 8.858192589166704600e-01
115 21 5.045849651635183619e-01 9.199402451925431379e-01
116 21 9.055447549989846801e-01 2.801214723434896636e-01
117 21 -3.370007264615780818e-01 5.494379577870349696e-01
118 21 -5.955860879262276919e-01 -1.091088414423619701e+00
119 21 4.803014174350221932e-01 -2.315367336225504502e-03
120 21 -3.901880688079323312e-01 -9.110849248296918335e-01
121 21 6.375054513141884538e-01 2.785159779739505570e-01
122 21 3.077149519634232999e-01 -6.682078880582590363e-01
123 21 6.767842828123709076e-01 1.850029295482665537e-01
124 21 -6.679528061943573736e-01 -7.190198772692302231e-01
125 21 -7.041212280348664310e-01 -9.473325067798541443e-01
126 21 -1.001399318681431838e+00 -5.651048479674288805e-01
127 21 -1.870466440305833533e-01 -4.156433929205454181e-01
128 21 -7.328813092533691398e-01 7.474759144732180394e-01
129 21 -2.385235703143097352e-01 -1.599534587217834314e-01
130 21 -7.649111750010428867e-02 9.213659481637435089e-01
131 21 -6.083049794968615753e-01 -1.085691623415719009e+00
132 21 -7.541354868411699330e-01 -2.439637454496423885e-01
133 21 -7.075152741785227795e-01 -1.410407866883185701e-01
134 21 -5.516843310861258010e-01 4.873345839952408776e-01
135 21 7.540325988444782079e-02 -7.093621926974137404e-01
136 21 2.519183535623890080e-01 -1.815322554334054983e+00
137 21 -2.752182443098068476e-01 -1.183048067954554305e+00
138 21 5.052755245462673406e-01 -6.760922818330170614e-01
139 21 7.315414649629256028e-01 1.132672543418629996e+00
140 21 1.147594234730478502e-01 2.029574813987614357e-01
141 21 -2.288936302250359489e-01 9.516118171893330757e-01
142 21 4.169642391727750863e-01 -6.478645301214700503e-01
143 21 2.312232768116282422e-01 -7.951283682307916933e-01
144 21 -3.783845950436506289e-01 -1.037258999041170693e+00
145 21 -1.911780793901519671e-01 -4.859537140033359792e-01
146 21 4.128747429905244015e-01 -2.021967827815552010e-01
147 21 -3.041846424801628590e-01 -4.559617125820588646e-01
148 21 -1.006224673112225965e+00 1.317746327691039498e-01
149 21 -1.421630517041031494e-01 -7.937082666734218694e-02
150 21 3.695468310425473885e-04 4.532798159677050576e-01
22 22 1.056103423145715148e+00 2.867324829259743524e+00
23 22 -1.174161163350424530e+01 2.569480251119779624e+00
24 22 5.226306262537237401e+00 -1.327589274571620415e+01
25 22 -7.787651434711975185e+00 9.905811258576886047e+00
26 22 8.636559537447190849e+00 -3.476480485309546342e+00
27 22 -1.769435952373826504e-01 3.519778307048199828e+00
28 22 -1.027232407280368243e+01 2.932038975861612329e+00
29 22 8.353798374640881264e+00 -9.595670341462894104e-01
30 22 3.181943969033029340e+00 -9.423591204555561873e+00
31 22 -7.651262730587149896e+00 -6.006950545212101034e+00
32 22 -2.746446034018501070e+00 -6.091413604242801760e+00
33 22 -5.236235546475297653e+00 -2.291545579828459633e+00
34 22 -8.955979580806740614e+00 1.908364364314470540e+00
35 22 6.079105502223296043e+00 8.057834595004969458e+00
36 22 7.022938414113551353e+00 2.961399659501591231e+00
37 22 2.071408163918184275e+00 -1.773878144943726864e+00
38 22 -1.033318677751728476e+00 2.237002461619307603e+00
39 22 -4.721276530306012909e+00 -2.061752204104476682e+00
40 22 -7.369510975632446836e+00 -6.293271141916278566e+00
41 22 -4.989333786576541918e+00 2.437454191251495317e+00
42 22 4.927554931564062102e+00 1.820700930415983798e+00
43 22 8.953248232378284044e+00 -4.134221545295803324e+00
44 22 1.957581583057866448e+00 7.345320979237097703e-01
45 22 -7.286368687206693506e-01 3.320591196171258641e+00
46 22 1.801560188482427272e+00 8.357571492236252064e-01
47 22 -3.757688310571804191e+00 1.607430992898696731e+00
48 22 -5.698896003037649649e+00 2.237583745567907734e+00
49 22 5.864879324751286482e-01 -1.526255096502739939e+00
50 22 6.933142871606832180e-01 -2.741972962207706033e+00
51 22 6.104572865073003562e-01 -8.779081264903796367e-01
52 22 2.845372019352358617e+00 2.205918395014021094e+00
53 22 -5.424104730608148017e-01 3.169327307255104031e+00
54 22 -2.410397216513156415e+00 3.268527295946136668e+00
55 22 1.940887197751963722e+00 7.368232004473196373e-01
56 22 3.701361145752921633e+00 1.631177895942638179e-01
57 22 2.813553503071737349e+00 -2.648103128205727241e+00
58 22 2.919132352097194349e+00 -2.809735976979502947e+00
59 22 1.765246523639008691e+00 -1.313455740359783075e+00
60 22 4.158067243889420062e-01 1.445170193689164106e+00
61 22 5.692595836891655159e-01 2.188816745096845207e+00
62 22 1.122593415544096640e+00 1.254474551038580854e+00
63 22 4.584320687855324428e-01 -1.754633783131214209e+00
64 22 -2.413288184498970090e-01 -1.339490968794476489e+00
65 22 4.829781477621324925e-01 -5.966828487608293319e-01
66 22 2.096365954872006498e-01 -5.467060138483941234e-01
67 22 -3.337338585648231160e+00 7.324668916727493373e-02
68 22 -2.447342316415104690e+00 -3.323202140746734923e+00
69 22 -1.173002260807742614e+00 -3.440520283216332298e-01
70 22 -1.417463714755527793e+00 4.022462673434412106e-01
71 22 -1.698466375793053151e+00 2.834205005791310406e+00
72 22 2.019328580349113000e+00 1.176184462110003492e+00
73 22 2.176313853520593256e+00 1.959393118270208456e+00
74 22 1.739607225075051611e+00 -1.087908200755724586e+00
75 22 -1.389953922896954852e-01 1.697311295522872632e+00
76 22 1.344064930375929556e+00 -7.636770265725184581e-01
77 22 -3.969054790265758026e-02 -1.406934244424520586e-01
78 22 1.686923317141240108e+00 -8.178090248450811117e-01
79 22 2.247267626499395821e+00 1.967377127212989407e+00
80 22 2.329325754550303884e+00 1.137804379403283717e+00
81 22 -1.305498606556965840e-02 3.551682012373846842e-01
82 22 -1.354463633645084375e+00 -7.053303680710858448e-01
83 22 -2.309429897531587894e+00 -1.019028594743640603e+00
84 22 -1.046003212592073739e+00 -5.710610719325257545e-01
85 22 1.780008051660127322e+00 9.373023383993526192e-01
86 22 1.336507986796914516e+00 1.385719810861618440e+00
87 22 1.155904757514742531e+00 3.645065678778183771e-02
88 22 -1.383778619724854719e+00 -8.830356456441370572e-01
89 22 -3.940934219972929559e-02 -4.165980569018944979e-01
90 22 -6.222765238419799561e-01 -9.631198345589245813e-01
91 22 2.318747621863209041e+00 -8.075800031502702314e-01
92 22 2.281826775913771588e+00 -2.621970100813394211e+00
93 22 1.635630429154474097e+00 6.240351143166811276e-01
94 22 -1.537377008420047542e+00 8.539043255980154346e-01
95 22 -6.098452592214842483e-01 2.601886664226277901e+00
96 22 -6.441374877579691960e-01 -6.543550825096475787e-01
97 22 -1.316174828184662748e-01 -1.956258907608287023e-01
98 22 2.449548493082498446e-01 -1.505770327751853710e+00
99 22 7.292519204171452607e-01 6.895008044387965773e-01
100 22 -7.023035481639765543e-01 2.606004047273866586e-01
101 22 -1.124024981073119323e+00 1.895827074384945909e+00
102 22 -2.311464311347844802e+00 4.734087694396992840e-01
103 22 -2.767708858944447625e-01 -1.625042382950409731e-02
104 22 -5.975835342267538097e-02 -5.592592077333971012e-01
105 22 1.654005380165544992e+00 -1.420066974399011306e+00
106 22 3.242884530792862208e-01 -6.469346811232435934e-01
107 22 1.766010452095195360e+00 -2.789170135067044476e-01
108 22 -1.005646094337797836e+00 1.005651894713483596e+00
109 22 1.710131144206451514e-01 5.477213948152086509e-01
110 22 -4.848417243063931625e-01 1.459068475635596496e+00
111 22 8.507793014437566859e-01 5.411290168873419404e-01
112 22 6.185105321169070969e-02 6.795341543048833977e-01
113 22 9.410572407457881150e-01 4.657923050740747639e-01
114 22 1.563757798750284200e+00 6.088221707176935116e-01
115 22 9.100688558490465097e-01 6.953109681079210347e-01
116 22 -1.253287975889900707e-01 1.144467026135719490e+00
117 22 -1.715183774972237840e+00 8.322429444691518130e-01
118 22 -4.436748082283125116e-01 3.052869629847760891e-01
119 22 4.524471002538559272e-01 -4.174469150057494304e-01
120 22 1.026107813706145455e+00 -4.023012247175639655e-01
121 22 1.755463054235237574e-01 8.162777961961388273e-01
122 22 2.829141083633004983e-01 -5.915747032854115628e-02
123 22 -5.281280526118211638e-01 -2.145898802320471144e-01
124 22 -1.238577078086438910e+00 8.457729112864516008e-01
125 22 -8.305408384018434509e-01 1.418649160049477720e+00
126 22 1.994606142409543481e-01 -3.971454139211008094e-01
127 22 6.192147269471992566e-01 -6.123150911357876369e-01
128 22 3.863043271325835026e-01 -2.038607581591636020e-01
129 22 2.864735832054994269e-01 2.432499308250672676e-01
130 22 6.300375730527698614e-01 -3.103660796787577336e-01
131 22 -7.806994539799568811e-01 9.090647676888749529e-02
132 22 -2.857194134345661940e-01 -4.364220146754932417e-02
133 22 -2.669944561338444267e-01 -1.229283161412387942e-01
134 22 -3.631543559876086458e-01 3.755378526764936442e-01
135 22 -1.309315802720114164e+00 4.305454138769444494e-01
136 22 -5.344122021320777405e-01 4.877406256407243457e-01
137 22 1.796332018118141083e-01 -6.457627819305447603e-02
138 22 7.232017560023690228e-02 4.075509737319765735e-01
139 22 3.639538956382238344e-01 1.918313134490350902e-01
140 22 -6.051632054142408457e-01 4.656912930307157139e-01
141 22 -8.359244925217775707e-03 -2.007387652608115247e-01
142 22 -1.375080315127499730e+00 9.658591983133579806e-02
143 22 -1.294913079315877513e-01 -4.996977775589965254e-01
144 22 6.685612408864113898e-02 -1.137965405165139110e+00
145 22 1.007990316888686566e+00 -9.591828508881727888e-01
146 22 1.542457333459014701e-01 -8.251211999360135163e-01
147 22 -2.388901346997647224e-01 -3.047925584498101248e-01
148 22 -5.397789407953872409e-01 9.621710024751533030e-01
149 22 -2.971489503862267401e-01 6.920192197419746671e-01
150 22 -9.330169941648536192e-02 2.955284656142290189e-01
23 23 1.644896626387646776e+00 7.272985755204985026e+00
24 23 -8.625079629988542607e+00 -1.969527807703041145e+00
25 23 -1.281774468694313640e+01 -6.427231249578818861e+00
26 23 5.300983199979256710e-01 1.555683046755585330e+01
27 23 -1.087429095294606540e+01 -7.420630595216437975e+00
28 23 -1.166138554585455900e+00 1.219964085500473061e+01
29 23 -7.342634800493335945e+00 9.268208076139053730e+00
30 23 9.629686698497184949e+00 -5.738896008115588643e+00
31 23 5.096292532276383902e+00 -5.389637112684471099e-01
32 23 3.842559636784834143e-01 -1.139280521798186729e+00
33 23 1.023815997386280818e+00 -6.676481167778620218e+00
34 23 -4.611400417960995313e+00 -5.166977219857167292e+00
35 23 -7.931568449841152280e+00 1.963804273605587847e+00
36 23 1.799739908733744675e+00 4.592383768556776324e+00
37 23 -1.647927299246431332e+00 1.918816142040184580e+00
38 23 -4.718151422310404186e+00 2.693610196853883476e+00
39 23 -2.511562563151199523e-01 2.322441258590565383e+00
40 23 2.488673699018141949e+00 -6.102892885302666492e+00
41 23 -1.165963525812635737e+00 -5.891003217836203731e+00
42 23 -6.139414974576130613e-01 -2.204264400637338639e+00
43 23 1.791863537887456559e+00 6.297825091044080281e-01
44 23 -2.797639403108340139e-01 6.479863937571039401e+00
45 23 1.870142391240668722e+00 7.207079809418358352e+00
46 23 5.860845481182131778e+00 1.180806972432374646e+00
47 23 1.849299854043334745e+00 -4.685598445049125260e+00
48 23 -3.140019605722842222e+00 -3.137357459119303638e+00
49 23 -2.633514272340236051e-01 -3.345168397305343433e+00
50 23 1.171998550915004600e+00 -4.342310269665453859e+00
51 23 3.701588141845714164e-01 1.971307713782822102e+00
52 23 4.730908770505064531e+00 3.742101648011137538e+00
53 23 5.800342489784490851e+00 -3.957142625881043263e-01
54 23 -1.411981204130023475e-02 6.438617052042545918e-02
55 23 -9.641504630360591133e-01 2.758446906376250229e+00
56 23 1.380898548895897360e+00 1.246947574919060608e+00
57 23 1.539283113734755126e+00 -1.647354861009435512e+00
58 23 1.620222429339620351e+00 1.535559728227766207e+00
59 23 5.143067471133382362e+00 1.992105290926634575e+00
60 23 5.422470403670613948e+00 1.426113834333309904e-01
61 23 1.608547740648529345e+00 -5.421382841357591520e-01
62 23 -1.385318588492604475e+00 1.930406159795311716e+00
63 23 -1.322889220387512665e+00 6.832139022997429922e-02
64 23 -3.135286958962728576e+00 7.564128441709108142e-01
65 23 -4.642671160046789591e-01 4.308865130853819503e-01
66 23 1.229301656851747859e+00 2.672037919995174704e+00
67 23 1.867628730792910474e+00 2.409107214983247647e-01
68 23 -2.156543458845874284e+00 1.727297691121428169e+00
69 23 -4.400642267715044742e-01 -8.345759270920403150e-01
70 23 1.664044777322169488e-01 8.756400640942930691e-01
71 23 1.594443615261015967e+00 -8.380491384035814173e-01
72 23 -4.435478311593893941e-01 3.463723042306992017e-01
73 23 2.033621945768079975e+00 -1.594859951326537351e+00
74 23 -1.770176460753649206e+00 1.762107190451264183e+00
75 23 1.166250801978322205e+00 7.128175664228845188e-01
76 23 1.266810489345681079e+00 -3.121799233822181718e-01
77 23 2.731548475793609043e+00 -4.293194878961522853e+00
78 23 -5.784096273373071639e-01 -2.961414539804722246e+00
79 23 8.469477953735529141e-01 -1.234880392947418359e+00
80 23 -5.679029454320226877e-01 1.660865279283324725e+00
81 23 7.520732977087831728e-01 2.655391235178898413e+00
82 23 5.007575411670079912e-01 2.944193670169449106e+00
83 23 2.272632488944333617e-01 -2.553415813153253833e+00
84 23 7.013086641084775863e-01 -3.433783941342100743e+00
85 23 -1.805118151057984455e-01 -1.694508173056222367e+00
86 23 1.694490114896505029e+00 6.374670082264332072e-01
87 23 3.466887279324294968e-01 1.149940586924289576e-01
88 23 9.400134107352814405e-01 1.164232945607451386e+00
89 23 -1.274441990607014130e+00 -3.449530182220111874e-02
90 23 1.219871490800671365e+00 -2.287975320303240745e-01
91 23 -5.847686490427120853e-01 -2.111694507183273117e+00
92 23 1.596098265694357643e+00 -7.099368460705859363e-01
93 23 -2.942759700352231000e-01 6.020767356076395238e-01
94 23 -5.290996471473314866e-01 6.832958062648981645e-01
95 23 -1.918264017230005392e+00 -5.765053254365665181e-02
96 23 -2.007274047048055454e+00 -6.199611389751732426e-01
97 23 -1.250878574253050157e+00 -6.915362959126568621e-01
98 23 3.538716393007538819e-01 -4.727790852504655250e-01
99 23 2.196626969909058147e+00 1.005699908748332483e+00
100 23 7.611641149548143970e-01 6.094858622280246996e-01
101 23 9.293470480320905613e-01 7.341487925911243106e-01
102 23 -8.954150612317088864e-01 -1.048716780820450500e+00
103 23 -2.745214157644766395e-01 -2.032627078462584946e-01
104 23 -6.905426868803468676e-02 -3.167440345526475465e-01
105 23 1.350999060026425003e+00 -1.626514785196132296e-01
106 23 9.948022926096892204e-01 -1.102687599077574188e+00
107 23 1.204155734693839408e+00 3.852178434284960207e-01
108 23 -8.559971482307333901e-02 1.240041536202592054e+00
109 23 -9.163853802083417044e-01 1.680503156704685974e+00
110 23 -1.457996078092198333e+00 -5.671769016703375188e-01
111 23 -7.303540873268521416e-01 -3.520949153577309643e-01
112 23 -3.810684299142611531e-01 -7.601909188315688626e-01
113 23 4.429794308181053686e-01 7.734035986535436891e-03
114 23 7.982379726348943771e-01 -6.642178076652904828e-01
115 23 1.219705423121539400e+00 1.003335516084502999e+00
116 23 6.613631830359678609e-01 1.423012732411717662e+00
117 23 6.491249677617403346e-01 1.122372846333742125e+00
118 23 -3.126774411570531487e-01 -8.468856134465722052e-01
119 23 2.361769693022537919e-01 -1.128741781909284037e-01
120 23 2.330640678217746620e-01 -7.968977478248977508e-01
121 23 9.235940187034508142e-01 3.141548398223825145e-01
122 23 4.269194196715190848e-01 1.432873211604184016e+00
123 23 9.996119530403000386e-01 1.571500672551906952e+00
124 23 5.187709064719784324e-01 2.364710222902090819e-01
125 23 3.543202638014020800e-01 -8.949616455781491675e-01
126 23 -5.665197531105337081e-01 -9.336067936982332949e-01
127 23 -1.110096567991573080e-01 -5.412460761202814163e-01
128 23 -4.999476333608388612e-01 -1.755065088217843405e-01
129 23 7.897096436379572593e-01 8.862848171433407307e-02
130 23 4.896540920404844621e-02 9.052836182164473167e-01
131 23 -1.780557464244159893e-01 8.568476871308539078e-01
132 23 -9.061857326226555043e-02 1.031262222198682521e-01
133 23 4.224836505322182578e-03 -4.340173371944598402e-01
134 23 1.559878687719738477e-01 1.709535810550489865e-01
135 23 1.697728063387516917e-01 4.948492208202498466e-01
136 23 8.936013336652395278e-01 -9.541025278167269974e-02
137 23 -1.470819570331797776e-01 -1.727954369039485238e-01
138 23 8.570583096294250858e-01 1.181240854659699968e+00
139 23 9.709071721754808371e-03 1.188919741465982005e+00
140 23 1.036777110347729458e+00 2.682957534357186535e-01
141 23 -2.735002595825286043e-01 -1.017381466534006629e+00
142 23 -2.560876641521603325e-01 8.458420768246931176e-02
143 23 -2.100464433839351608e-01 1.300779225571744580e-01
144 23 6.475395282858512069e-02 3.023929793570698243e-01
145 23 -1.480852409602083919e-01 -2.847661598483053336e-01
146 23 -2.933509545045684050e-02 5.940187236178716690e-01
147 23 6.913540662450305962e-01 -8.972631226331045928e-02
148 23 -5.104472677494679145e-01 -4.781441350144743918e-02
149 23 3.450950292182601853e-01 7.864643019256469803e-01
150 23 -2.847822708905231592e-01 1.075548074512232333e+00
24 24 3.216925713921507057e+00 2.512500112090756410e+00
25 24 -2.277540156283600847e+00 -5.805064864970864491e+00
26 24 -4.709426663689501247e+00 6.028551847259778107e+00
27 24 1.013149772893408418e+01 1.780736570142238406e-01
28 24 -7.614409393094954126e+00 -9.980365346693044870e+00
29 24 2.732655415127660969e+00 -4.635478227920954097e+00
30 24 -3.174712244161635333e+00 -3.033243369822951507e+00
31 24 -6.846102080543925439e+00 -6.968465541723829482e+00
32 24 1.589218472937517612e+00 5.519461190504271642e+00
33 24 9.100121199958572049e+00 7.147632655730967732e-01
34 24 4.048655917373497282e+00 -3.208022978961443616e+00
35 24 3.528816438730375982e+00 -1.883588628934443232e+00
36 24 3.558757411414055216e+00 -2.424981679582614014e+00
37 24 -1.698498897135900521e+00 -1.050833407877538761e+01
38 24 -9.352895631982219626e+00 -5.879480192402370964e-01
39 24 -7.804805912097067200e+00 5.720278214562693364e+00
40 24 1.007797804982763834e+00 3.984383132524138560e+00
41 24 4.115977174175952769e+00 -7.362561203070696614e-01
42 24 8.312098648032694825e+00 -1.957082121454226664e+00
43 24 6.913700630831155713e+00 -4.058822775353888801e+00
44 24 -2.935650119223238708e+00 -6.125383596753211535e+00
45 24 -7.809065378818704772e+00 -4.711021171076198444e-01
46 24 -3.216282593702390891e+00 2.555611592403612686e+00
47 24 7.052697341502798256e-01 3.901777615373918651e-01
48 24 -2.593128073480146512e+00 6.926097119651296596e-01
49 24 -9.181989539341475770e-02 1.115704608776567630e+00
50 24 3.335037485909970290e+00 -2.210546081685551556e+00
51 24 -1.034724640723289735e+00 -3.507379419403562792e+00
52 24 -2.035584031284230377e+00 4.658380907829937079e-01
53 24 -3.102411859229387697e-02 2.834661372614723618e+00
54 24 1.242270938642457523e+00 9.238020668185763506e-01
55 24 3.729869879297285529e+00 7.931637147323363779e-01
56 24 4.122114441173542865e+00 -1.847969962817045952e-01
57 24 3.070380536662087878e-01 -3.010914220679344222e+00
58 24 -2.139386815374903161e+00 -2.602572134001747806e+00
59 24 -1.669082641097445308e+00 4.145645713183564451e-01
60 24 -2.802346142392400097e-01 6.192426020891955707e-01
61 24 1.943593526265608551e+00 1.258120580430739821e+00
62 24 3.009096713556134173e+00 1.456762560815748397e+00
63 24 2.135680772578842479e+00 -1.345687389231889020e+00
64 24 -1.047541074538028472e+00 -3.584017271525170578e+00
65 24 -1.017301097286402722e+00 -2.332492103856605992e-01
66 24 1.507258096805836445e+00 1.870877772026657615e+00
67 24 2.218293212001674508e+00 2.596250966525645021e-01
68 24 -1.543288855425994477e+00 9.268223398188663031e-01
69 24 -2.723361705977702218e+00 2.209195781961887040e+00
70 24 -1.789413383351171394e+00 1.601482365838545530e+00
71 24 -2.137295162903633805e-01 -6.710953128955956526e-01
72 24 -6.792333229037783582e-01 7.500260486495785583e-01
73 24 2.067396119179131020e+00 3.194818632533967251e-01
74 24 -2.209392992585286486e-01 -2.880462333096318883e-02
75 24 -3.316437215933868643e+00 -7.515061818419640494e-01
76 24 -3.384684110094253739e+00 2.994023657746017086e+00
77 24 -9.733649588177002432e-01 3.938221377288734226e-01
78 24 4.117752255627447067e-01 -1.638412222726419731e+00
79 24 2.921332034066556727e+00 -1.975279847958874013e+00
80 24 3.311524568551512893e+00 -6.693097700895757063e-01
81 24 2.070118490204467587e+00 -8.785518322035311689e-01
82 24 -8.655750556601791157e-01 5.500935663595741404e-02
83 24 -2.071382700506365193e+00 9.905131494102921152e-01
84 24 -5.296530840064732626e-01 5.711887397760695428e-01
85 24 3.173278361875818465e+00 -8.006628905420766495e-02
86 24 3.597558628110388845e+00 -2.913962631563220551e+00
87 24 2.181779466735339845e+00 -1.785161938405094295e+00
88 24 -1.933551272813303301e+00 -2.584006220312829782e+00
89 24 -2.625611464042852727e+00 7.143984972374514686e-02
90 24 -2.097276633635200671e+00 -7.778151516893113682e-01
91 24 -4.863025237187763861e-02 1.076340773957395802e+00
92 24 -6.002434161117784495e-01 1.862596726979436901e-01
93 24 9.500763521443560400e-01 4.870904578162647547e-01
94 24 -7.056511800448859173e-01 -6.345413874232883611e-01
95 24 -1.197978718590620772e+00 6.382577786243338602e-01
96 24 -2.061565716333338294e+00 -5.012705030663298922e-02
97 24 -1.228813181957313649e-01 -7.757731206237308275e-01
98 24 -4.880854003108383021e-01 -1.045261959991174550e+00
99 24 1.683918346386588549e+00 2.603561668081013081e-01
100 24 1.144899588962403403e+00 2.546443969857079104e+00
101 24 9.582724591743652098e-01 1.809331097200118199e+00
102 24 -9.749273891985740237e-01 8.706187707558106226e-01
103 24 -1.896907448206309743e-01 4.758385455493227556e-01
104 24 -1.303979427065725449e+00 2.439019046158538706e-01
105 24 6.522718348461012949e-01 -1.676506396045495340e+00
106 24 -1.266625892549166563e-02 -3.959849899511014848e-01
107 24 1.261183867302754003e+00 4.961734783400701398e-01
108 24 1.231405859824451360e-01 2.327423500302475023e+00
109 24 3.827651699170435684e-01 1.022215201394631068e+00
110 24 -1.618530116990302803e+00 1.684943247619192341e+00
111 24 -1.030475454694666393e+00 -2.236914258492050389e-01
112 24 -3.986033646428013832e-01 -5.253186814231554091e-01
113 24 6.033969781139250088e-01 -2.032151573382772636e+00
114 24 1.767117586322079825e+00 1.909453178151674646e-01
115 24 1.279580459734352083e+00 -5.834354105966367277e-01
116 24 -6.159703464020604979e-01 4.550423059832000017e-01
117 24 -1.867207180018612300e+00 5.460224349228456342e-01
118 24 -8.084934055193050417e-01 1.277410615837194952e+00
119 24 4.629250354332388739e-01 3.390179242011227001e-01
120 24 1.846916596239864372e+00 -1.428383936281568900e+00
121 24 8.514420170150566181e-01 -8.660054959239690264e-01
122 24 3.828799689026056718e-01 -1.085422571811965442e+00
123 24 -1.772483203051604950e-01 9.082865547814633622e-01
124 24 -6.500379691246699343e-01 1.090530569206450417e-01
125 24 -7.103461036872552592e-01 1.475292038706852216e+00
126 24 3.437320536713999175e-01 -2.938713329855145440e-01
127 24 1.134771643894055382e+00 -3.352850270667116495e-01
128 24 5.573486220785535128e-01 -2.245452910692043780e+00
129 24 -3.976556381002329527e-03 -7.669225352770236981e-01
130 24 4.489031387481091095e-01 -5.128325772431373553e-01
131 24 -3.168010772494672111e-01 -2.965679284932336984e-02
132 24 -5.809803564044292434e-01 2.131221645591866998e-01
133 24 6.711574538320494443e-02 -1.991808490297717893e-01
134 24 1.052016900067746841e+00 -3.434093875036985377e-01
135 24 5.407530416491327374e-01 -1.261876586046351223e+00
136 24 5.646140567932352861e-01 -1.356719082076465743e-01
137 24 1.573039295706415985e-01 -4.392400925162185388e-01
138 24 3.455021649583384091e-01 1.082822728952331781e+00
139 24 -2.248088262497722339e-02 -1.667194358405903742e-01
140 24 -8.281247588134718618e-02 5.560152200986896442e-01
141 24 3.654303952875036232e-02 -1.613392937698501783e-02
142 24 1.689991272056180216e-01 6.075712661713652540e-01
143 24 -3.369565715782643078e-01 -1.043980597325872672e+00
144 24 1.538588095429709868e-01 7.446808441639323206e-01
145 24 -2.309689569087499950e-01 3.100971205976893463e-01
146 24 -2.624238569697161516e-01 4.759196808430931069e-01
147 24 -6.651580622598358972e-03 -6.607750308256186145e-01
148 24 3.337093390092477629e-01 5.510323968602890421e-01
149 24 7.665184415046291111e-01 5.713538378702871789e-04
150 24 6.151415667854894798e-01 4.230798092756238304e-02
25 25 2.288194879772498247e-01 8.797982428797106180e-02
26 25 -1.303682373116794802e+00 -1.206565621699337321e+01
27 25 6.040202785043353728e+00 1.222282483493845362e+01
28 25 4.525674061800507353e+00 -1.263192694997101206e+01
29 25 -2.784651298895265414e-01 4.691403890688529366e+00
30 25 6.670541993411807979e+00 -1.459605422993928237e+01
31 25 -3.020659372424983502e+00 -9.925498349629666706e+00
32 25 -1.300933256550892736e+01 4.842780174020655526e-01
33 25 3.281445992256577071e+00 1.285026943955839496e+00
34 25 5.940623671672635275e+00 -2.909673830173284959e+00
35 25 4.158083555598673264e+00 4.149679833169022558e+00
36 25 4.142896297641645909e+00 1.546204991204168211e+00
37 25 5.884796867361107076e+00 -2.322116325803735393e+00
38 25 -3.728712137495493906e+00 -3.644875215020108694e+00
39 25 -1.060207716887690221e+00 -3.983805598438808993e+00
40 25 -2.162514701784953586e-01 -1.968869314101127088e+00
41 25 -3.725572888629677948e+00 -1.036073482663148804e+00
42 25 -5.124906876911446973e-01 3.554463732434991030e+00
43 25 6.450168596310396296e+00 4.828672594376824279e+00
44 25 4.315249522071623822e+00 5.998613704200359553e-01
45 25 2.522377398361454137e+00 3.639055981401109197e-01
46 25 2.990097461318834249e+00 -2.334819233939784411e+00
47 25 -7.675973030062190894e-01 -7.666898458964825025e+00
48 25 -5.037390514136798281e+00 -2.605474132111898822e+00
49 25 -4.059888002859415757e+00 7.180771375101310916e+00
50 25 3.148512518121333592e+00 5.585453977737070197e+00
51 25 5.295734615032621662e+00 2.283557487877209968e-01
52 25 2.099299279879151658e+00 -2.034395027643202791e+00
53 25 1.302311349832247833e+00 -5.666642724759778815e+00
54 25 -6.503189864551937038e-01 -4.581610327368484725e+00
55 25 -3.778233143381082737e+00 -3.576996966605042183e-01
56 25 -9.831692745773362718e-02 4.814745554799886307e-01
57 25 4.577207608137806361e+00 -1.543043150828599663e-01
58 25 2.796215644260078292e+00 -7.641529707498412316e-01
59 25 1.562130762994723199e+00 -3.300713464842916167e+00
60 25 2.675039308264042237e+00 -3.635626514502092732e+00
61 25 -2.543567594860875469e-01 -3.994284705477298747e+00
62 25 -4.923898889173743965e-01 -1.010162729690768924e+00
63 25 -1.808518169957473720e-03 1.786305040747983464e+00
64 25 1.778746145164096459e+00 8.149069669525164095e-01
65 25 2.375532817794971496e+00 -8.099384504278074326e-01
66 25 3.655414227312324016e+00 -5.479139470342366675e-02
67 25 1.737121381849287882e+00 5.157749925254571099e-01
68 25 6.146939056713138783e-01 2.880948434559343241e+00
69 25 -4.115756439569232761e+00 7.026666446133651434e-01
70 25 -1.663730138817231197e+00 -6.835588484268985132e-01
71 25 -2.251782862651560801e+00 -6.725851844422923165e-01
72 25 -7.099278117681828704e-01 -2.949849486622235784e-01
73 25 -2.057832157373657100e+00 4.417251094375679865e-01
74 25 4.099608907422530035e-01 6.349782407144275442e-01
75 25 -1.421917361984013084e+00 1.065500007263535887e+00
76 25 1.785668434981295460e+00 1.079601249044124731e-02
77 25 -1.354230200839513065e+00 -1.723892766974429280e+00
78 25 -1.797768543900809091e+00 -2.100330688518381894e+00
79 25 -2.881587890016573006e+00 -5.383993560243158227e-02
80 25 2.553988715287903055e+00 4.233498949603282657e-01
81 25 1.963666864994904060e+00 1.319243869982466455e+00
82 25 2.998701794601843940e+00 -1.725014939567337757e+00
83 25 6.297238172666583811e-01 -2.821355033801541623e+00
84 25 -1.242244732293998899e-01 -2.840271026173083246e+00
85 25 -3.115826774307705715e+00 -3.759409375297170786e-01
86 25 3.391291905023832709e-01 7.265002647550277137e-01
87 25 7.835079314876559620e-01 2.164818941294979204e+00
88 25 1.793509945219544877e+00 6.543546657223006102e-01
89 25 -1.205131240577692608e+00 -1.106414869798280354e-01
90 25 -2.672643398720781494e-01 -2.242416331059926105e+00
91 25 -8.112366034475271270e-01 -1.221433666243741500e+00
92 25 -2.236474184807088761e-01 -2.071967069867555189e-01
93 25 -2.456387750984333707e+00 9.194852364310799331e-01
94 25 9.356179520751371770e-03 1.351710093935679202e+00
95 25 -1.082832478095890893e-02 1.210937755669075244e+00
96 25 -3.803833978537043414e-01 -1.554924815582293673e+00
97 25 -1.385775436473748234e+00 -1.447795166648649934e+00
98 25 -5.606349668322114788e-01 -2.826408667788337103e-01
99 25 2.607933489900811364e-02 9.818559042746125565e-01
100 25 2.554401516353634882e-01 5.741867452228414104e-01
101 25 7.496732333667377457e-02 1.747860063182389734e+00
102 25 -7.259158568354164842e-01 1.679739894174417936e+00
103 25 2.546100174612354605e-01 1.512318197719034973e+00
104 25 -5.741751132768232457e-01 -1.667446139749282907e-01
105 25 9.142001778365317355e-01 -5.886169425392064891e-01
106 25 1.071873314228764862e+00 -1.588723852199404707e+00
107 25 2.422519417115267970e+00 2.339378753340903283e-01
108 25 2.471239050134925452e-01 6.133173859395461003e-01
109 25 7.074672999982585253e-01 2.275266854493321222e+00
110 25 -3.827601245696266030e-01 7.252363951592106783e-01
111 25 -1.051860287761705037e-02 -2.257635322594080396e-01
112 25 -1.450032122540839019e+00 -1.298682461818983169e+00
113 25 -2.622598480577253977e-01 -4.835941429966642557e-01
114 25 -2.354168838690454818e-02 1.039410572350525225e-01
115 25 8.183614109131844838e-01 1.265611845170184102e+00
116 25 -3.636813090029499262e-01 2.218977809678480906e+00
117 25 -1.819936830667067407e-01 1.084230750509735053e+00
118 25 -9.495107937320548253e-01 6.037870076923286256e-01
119 25 -9.833698442832735642e-01 -8.679972643862761128e-01
120 25 -8.243400838375133377e-01 -6.049911307204414168e-01
121 25 8.322628224836389199e-01 -3.745374965863689787e-01
122 25 1.455504191043439866e+00 1.356758119101309834e+00
123 25 1.341693126046473505e+00 -5.193102323116315366e-01
124 25 8.955276011407295456e-02 -1.941834218989414718e-01
125 25 1.939112818685686801e-01 -1.416799019110025926e+00
126 25 -8.745279003321791977e-01 -8.906880010778193135e-01
127 25 -1.102483670542466987e+00 -8.148194712738309198e-01
128 25 -2.480933585111881889e-01 4.535408700536419091e-01
129 25 1.345418704262406839e+00 6.463622828450066304e-01
130 25 4.313385909218556691e-01 4.375208664032385619e-01
131 25 -3.980434647977509344e-01 -3.693796727317513184e-01
132 25 -7.298279064479216149e-01 5.953170854851319582e-01
133 25 -2.879292363842876901e-01 2.788917755562990153e-01
134 25 -4.879019730274097855e-01 -5.768549859295677429e-01
135 25 2.680449445351765214e-02 -6.166129619821226759e-01
136 25 5.898928396925918749e-01 -2.551194657385479347e-01
137 25 9.085753034412100693e-01 -1.038637397244134286e+00
138 25 -7.340444228268374616e-01 1.526232039527207485e-01
139 25 -9.378737702343686866e-01 -2.219458872515141928e-02
140 25 -7.798495578815467510e-01 -1.716901752925781843e-01
141 25 -1.101348995694153149e-01 -1.522833066260212309e+00
142 25 -5.689371318817920686e-01 -7.858077952251722731e-02
143 25 9.349846273009353448e-01 1.687971591866465337e-01
144 25 5.338237416783979672e-01 1.213522406216254179e+00
145 25 4.368552620309869017e-01 -1.463466769425653957e-01
146 25 -8.361180596267556719e-01 1.205846556943023007e+00
147 25 -3.492384110644177198e-01 -3.796457479630999110e-01
148 25 2.332197161731927038e-01 9.142000226923423581e-03
149 25 8.987878380249787469e-01 -3.865189234849011890e-01
150 25 2.159202428106524463e-01 9.672816607561411650e-02
26 26 -5.380302983865654198e+00 1.157304812961214013e+00
27 26 -3.487826999192705113e+00 -9.605591762839328140e+00
28 26 3.380331211976076222e+00 2.703073528303450157e+00
29 26 -1.180699556887532964e+01 -2.603594667883240898e+00
30 26 4.139683787753459576e+00 1.280846461946332937e+01
31 26 -2.285520415097292979e+00 -1.524391163959528450e+00
32 26 1.940643950630315917e+00 -5.117047604674828776e+00
33 26 -6.261539800740542061e-01 1.074631058078932000e+01
34 26 3.703945099010879538e+00 -2.393010400059074616e+00
35 26 -2.200845391693469377e+00 2.679401097823771671e+00
36 26 -4.267769822372819100e+00 1.160705807497325992e+01
37 26 -2.628799981276575548e-01 4.939357526364097417e+00
38 26 -1.890641896813738398e+00 3.148322351969603083e+00
39 26 -3.855684468994033498e+00 5.436124506956054425e+00
40 26 7.756991685231263034e+00 -4.300677117950098882e+00
41 26 6.694212907554749847e+00 -1.078392642417800928e+01
42 26 -1.059972696920106650e+00 -7.453947070389906671e+00
43 26 -2.596218189549819755e+00 1.338284498949899426e+00
44 26 -3.691475948170715782e+00 1.638869942530082557e+00
45 26 -3.743628376713998840e+00 5.317337574211859597e+00
46 26 1.441879784709618750e+00 8.972598633479327290e+00
47 26 3.810304445164652165e+00 2.026635085130360725e+00
48 26 8.320781278241327072e-01 -6.755430864652235634e+00
49 26 -1.467584190478404160e+00 -4.669066259949033793e+00
50 26 -2.833094202062889533e+00 -1.514466107050455923e+00
51 26 -3.034880648928776736e+00 -2.856129641867337199e+00
52 26 -5.851555612717124211e-01 2.695612575698728364e+00
53 26 1.565499427182106773e+00 2.096987570870805673e+00
54 26 2.448728790901875563e+00 -4.281809724117091598e+00
55 26 1.536761914341235213e+00 -2.504932414728732848e+00
56 26 -1.353022077636109599e-01 -2.769013867647398985e+00
57 26 -1.610669165534948322e+00 -5.014508937218789875e+00
58 26 -3.288615962442456020e+00 -2.035803132087261602e-01
59 26 -1.257293848724871266e+00 5.405953308132514401e+00
60 26 2.375889922659447429e+00 2.048726513512497682e+00
61 26 2.346725608608472236e+00 -3.827294546193592328e+00
62 26 -7.484163107127120296e-02 -4.502519485259123044e+00
63 26 -6.483322048381789937e-01 -3.396408866462365062e+00
64 26 -9.297094314469915854e-01 -2.722047541428950890e+00
65 26 -2.197412702610663349e+00 -1.963993507069754785e-01
66 26 -2.287921392917608432e-01 1.587728409276387476e+00
67 26 1.737200647205019655e+00 1.179521415249786154e+00
68 26 -5.437244985174964906e-01 1.132250247391819453e+00
69 26 -3.222749466400965712e+00 2.272541014692872174e+00
70 26 -1.400475137020720462e+00 4.048548801134821407e-01
71 26 2.090020214500142970e+00 -2.715966103131830511e+00
72 26 2.865922899823172720e+00 -7.459661771011221187e-01
73 26 5.473552146136395624e-01 1.266254552968149039e+00
74 26 6.525237690337832852e-01 1.301672072670539526e+00
75 26 -3.119809713250463190e-01 1.829349435055361850e+00
76 26 -2.466492588896761762e-01 3.017421544396488908e+00
77 26 1.421869829515076011e+00 6.360576464458307377e-01
78 26 1.961388502675374346e+00 -4.351090026182354853e-01
79 26 5.147226091505161527e-01 -2.496256492244675496e+00
80 26 4.254331274388556405e-01 -1.549928251577038951e+00
81 26 -1.185993752026600179e+00 -1.720517884247800833e+00
82 26 -3.199074528533941475e+00 3.603191653362961544e-01
83 26 -2.577812340572733230e-01 -4.099656512998010038e-01
84 26 -2.227319098402697484e-01 -2.245364416344595160e-01
85 26 1.853945882198772654e+00 -2.430292696342899461e+00
86 26 1.207711368941195795e+00 -9.431154839814818169e-01
87 26 -3.174434063895044400e-02 -2.571821092870916647e+00
88 26 -5.088054540765738487e+00 -1.328194755443687924e-01
89 26 -1.809972154101736619e+00 7.363891909398438962e-01
90 26 -5.689121344039902439e-01 2.099412854752161106e+00
91 26 3.060179599440672416e+00 -9.959219972794112197e-01
92 26 8.638674924458329407e-01 -1.174522052972494901e+00
93 26 1.966494177846104030e+00 -1.270376335678956359e+00
94 26 -5.687316368419714774e-01 5.885952840099784034e-01
95 26 -1.218532125238226183e+00 1.638068699578178800e+00
96 26 -1.818837011934033132e+00 2.497269455179617292e+00
97 26 3.348484322721086981e-01 1.630215282319356307e+00
98 26 1.203912884374124914e+00 2.358185267063023227e-01
99 26 6.218820971937657482e-01 4.879475910153479590e-01
100 26 6.995218184382006044e-01 3.022253601600644046e-01
101 26 8.318395403571152147e-02 1.437700941785765352e+00
102 26 6.435935693071591635e-01 7.696099449081487132e-01
103 26 -1.786177214981040651e+00 7.587101911931644072e-01
104 26 -1.045545158456828272e+00 9.885941988820118320e-03
105 26 -1.202061096475564861e-01 -1.193168581672404693e+00
106 26 1.548892480718075726e+00 -1.680489116737618804e+00
107 26 9.560809839875981098e-01 -7.117247581885067786e-01
108 26 1.656080837344970025e+00 2.026295756413264981e-01
109 26 1.273671805400092838e+00 -1.156055592691999090e-01
110 26 -2.021022751069669054e-01 6.942716928779049113e-01
111 26 -1.799069347889110215e+00 -4.900110826475140291e-01
112 26 -7.577057465232145406e-01 2.184351281892435992e-01
113 26 1.176027453752773955e+00 -7.245073601506981653e-01
114 26 1.525286316929922004e+00 -1.596571299488552809e-02
115 26 9.805157345750595832e-01 1.718182930684614973e-01
116 26 7.932266834862755633e-02 1.187864737952798233e+00
117 26 -1.782199436458800912e-01 1.282962209916487906e+00
118 26 -5.268491204904159897e-01 9.315004776037141276e-01
119 26 3.602706143746355893e-01 2.002756169029038247e-01
120 26 1.728445963778734829e+00 -9.377555667822430330e-01
121 26 6.324362356799805296e-01 -1.330080129037726211e+00
122 26 -3.938975059068552942e-01 -4.315860879395880811e-01
123 26 -5.011118058226071703e-01 1.004348861064787490e+00
124 26 -5.684479835795701597e-01 4.606272010713821086e-01
125 26 -6.440089903320519449e-01 4.709094214320642957e-02
126 26 -2.499078102843828031e-01 1.464428814177730354e-01
127 26 5.034188708728674078e-01 -2.590295165673918709e-01
128 26 5.709855796896950997e-01 -7.131795882931754038e-01
129 26 2.169642280486858421e-01 -2.748657360341613676e-02
130 26 -3.100154561382194585e-01 1.020518790521203201e+00
131 26 6.166898277114678528e-01 9.463158791280266158e-01
132 26 1.367966884044213294e-01 1.574244946492673880e-01
133 26 1.864789981100455907e-01 -1.730495893389507045e-01
134 26 -6.973336445738120837e-01 -8.521293595267170895e-01
135 26 4.321549730330285222e-01 -5.188648065985435043e-01
136 26 -2.183472588635537726e-01 -3.114813080804277878e-01
137 26 2.776290812786231244e-01 1.110962001423198675e+00
138 26 -9.668774423982630095e-01 7.357257145082618521e-01
139 26 -1.755916828499813898e-01 7.132370852549094753e-01
140 26 -1.179248455525472528e+00 -2.784415376991150048e-01
141 26 -1.080894934897686843e+00 1.428365407978705870e-01
142 26 -1.113534739587250577e+00 3.393711622731221400e-03
143 26 8.437828772674665911e-01 8.185450874859130366e-01
144 26 9.509283981711268430e-01 5.020384202702306009e-01
145 26 2.607841582728048779e-01 6.754556146230147329e-01
146 26 -5.356240161230327312e-02 2.178735075371651120e-01
147 26 2.068686925012812872e-01 1.795149942233166540e-02
148 26 1.527804541675642502e-02 -4.901092722794163636e-01
149 26 -6.577393012179558185e-02 3.480201166166859150e-01
150 26 8.676545210340866343e-02 5.910561977278169787e-03
27 27 -8.524655271880199336e-01 1.368487700877008884e+00
28 27 -2.778571773598176087e+00 -2.165085290724891198e+00
29 27 8.003575190592896460e-01 -3.671870485246584881e+00
30 27 -1.131921379853637788e+01 7.348498844028561905e+00
31 27 9.178437121356498807e+00 2.377644149257660544e+00
32 27 -6.632972125748932690e+00 1.671917953949091151e+00
33 27 5.002456945148474610e+00 -3.068046926557552734e+00
34 27 8.259285594186177804e+00 -1.154076017739124049e+00
35 27 -4.427629961437067330e+00 -7.968182559707780221e+00
36 27 -6.350078560522265825e+00 5.084006848889122132e+00
37 27 -3.953987349205921209e+00 4.813481191385358571e+00
38 27 -5.518182459216784075e+00 -8.942179581688823875e-01
39 27 -3.782189636621934525e+00 9.906920861954000845e-02
40 27 1.381301279564325579e+00 4.381596915175639317e+00
41 27 2.942776654323416174e+00 -4.378995716392272364e+00
42 27 3.325291074460515528e+00 -1.775044548390523058e+00
43 27 2.266825978319265911e+00 1.105194928711749958e+00
44 27 3.465420894281941333e+00 -5.876038644231523778e-01
45 27 -4.331841100624642671e+00 -2.070009922021761373e+00
46 27 -6.564445170981636046e+00 1.033424283853106251e+00
47 27 -3.533029403603444418e+00 3.489590396086862167e+00
48 27 -2.562654411218295625e+00 1.389894397915377278e+00
49 27 -4.199335801143952995e-01 3.155223433389293231e+00
50 27 4.850983385377227286e+00 2.299514633740358249e+00
51 27 5.276089100624134609e+00 -5.726037144845895099e+00
52 27 -2.411905834854214614e+00 -5.823260132994164451e+00
53 27 -3.188785473666841064e+00 1.350500278706342927e+00
54 27 -1.739388668464876719e+00 4.000407558589130552e+00
55 27 -3.679713081834179000e+00 2.266139864773563328e+00
56 27 -5.271711174130871980e-01 1.287852133931434828e+00
57 27 2.086324715021098619e+00 -1.374688650496720177e+00
58 27 -5.350293357659534621e-01 -5.375638457591835895e+00
59 27 -3.050967735923003854e+00 -3.086678914987171840e+00
60 27 -4.287812435765499863e+00 1.090448621008820673e+00
61 27 -4.595588615356440698e+00 1.666052635364639212e+00
62 27 -2.950085091337505627e+00 1.208261861443050922e+00
63 27 -1.018184173262633996e-01 6.174733768668670963e-01
64 27 1.032588770014210899e+00 -2.059176389434199450e+00
65 27 3.090690063436410950e-01 -2.958603699221282302e+00
66 27 6.311190669340265291e-01 -2.477129098805362251e+00
67 27 5.636471407410220680e-01 -1.524347410773359890e+00
68 27 -3.039161836825102547e+00 -9.598784201885721679e-01
69 27 -2.294483867248750641e+00 1.749586304147498828e+00
70 27 -1.695231711541355518e-02 7.926717431198020414e-01
71 27 1.791705673952579403e+00 -1.664873654576456863e+00
72 27 1.191939990813553063e+00 -1.665862593724805052e+00
73 27 9.257329522793784626e-01 2.862801211621041286e+00
74 27 -9.289276717299277397e-02 1.332042917340604982e+00
75 27 -1.418821675067155341e-01 -3.317294040984326842e-02
76 27 -2.401174431709611756e+00 -7.157153429052212079e-01
77 27 8.513631367562287666e-01 -1.717277987354295377e-01
78 27 -4.948156884093498631e-01 -8.164420037885079529e-01
79 27 -1.740782800864202118e+00 1.944277544790256718e+00
80 27 -1.035100758455210213e-01 2.394142525546500977e+00
81 27 2.304811998934349848e+00 9.187497509244346716e-01
82 27 -8.371761089134699407e-01 -2.515430692797395285e+00
83 27 -2.635709214280620660e+00 -2.586709642962985001e+00
84 27 -2.296380768474293177e+00 -9.371869226244878837e-01
85 27 -1.834142102833838106e-01 7.226663278163614201e-01
86 27 2.095647673634729369e+00 1.723882330484689973e+00
87 27 2.142264178264912555e+00 2.371926924037889517e+00
88 27 1.673778561892704353e+00 9.620846164502632192e-01
89 27 -1.207742496538009025e+00 -1.790976016587626951e+00
90 27 -9.358912186776114916e-01 -1.300129844275963231e+00
91 27 -1.397754098996431216e+00 -7.304815132339661510e-01
92 27 1.530824243484893710e-01 2.751576277474204191e-01
93 27 5.987246741953896612e-01 4.469159209965923862e-01
94 27 1.607385922059839434e+00 1.058496449566952657e+00
95 27 -4.231052661769746370e-02 1.757046431577663770e-01
96 27 -4.772389124091720447e-01 -5.861560235310554479e-01
97 27 -1.423006214806102232e+00 -1.408636355096013260e+00
98 27 -1.452269127340931387e+00 5.897462091164922260e-01
99 27 -4.373889421425036228e-01 1.633030604268726371e+00
100 27 9.317243138631550181e-01 9.715852623441127989e-01
101 27 1.466442630466613162e+00 4.233405154811888949e-01
102 27 1.228451077906425604e-01 3.954182800650101748e-01
103 27 4.547985039816516695e-01 7.209954260882196486e-01
104 27 3.727673462448781172e-01 7.796545294503837153e-02
105 27 5.807868408831869944e-01 -5.152970096802828026e-01
106 27 1.554204929713648431e-01 -7.553968815078495602e-01
107 27 1.185716591064566838e+00 1.048948663960990846e+00
108 27 5.222267132679762058e-01 1.116593220743627102e+00
109 27 3.942899150766321914e-01 1.263571978846648403e+00
110 27 -4.747687500630872193e-01 -2.686811843488105117e-02
111 27 7.066236264045296922e-01 -1.089968530842765571e+00
112 27 -4.756847362308843641e-01 -2.112469157595234126e+00
113 27 -1.039191287562886007e-01 -2.041589784404927332e+00
114 27 -3.789750686690687709e-01 5.284299586660951009e-01
115 27 1.765911226723118510e+00 5.061187536306249735e-01
116 27 1.531186595816646234e-01 7.701002021392616692e-01
117 27 6.915642856520726189e-01 -7.366656356546850970e-02
118 27 -2.565148639439869538e-02 2.315644162746330614e-01
119 27 3.474387153528580852e-01 -2.075666529802203897e+00
120 27 -5.269544578400375823e-02 -4.623132945114536985e-01
121 27 3.787071655020441963e-01 6.709335197047394672e-02
122 27 3.091956995292082788e-01 2.474572872531358048e+00
123 27 3.700614407134882877e-01 1.106419271131026338e+00
124 27 3.196913642396982946e-01 1.259473943544213784e-02
125 27 -1.317432005102887604e+00 -8.577313689430249299e-01
126 27 -5.391183339164289379e-01 -5.883745344810973332e-01
127 27 -6.217950342262542618e-01 -4.525030999492375416e-01
128 27 1.278151836706733269e+00 -5.313852212715118872e-01
129 27 6.328948092752977317e-01 8.235542717032259263e-01
130 27 1.253045371905716854e+00 -1.989082239018603593e-01
131 27 -1.527021917381322369e-01 -2.469660898203425714e-01
132 27 -2.122294053306765793e-01 -4.973746804702939422e-02
133 27 -2.225924283292255584e-02 9.823632201312766377e-01
134 27 7.197224765761118803e-01 -9.461862421626969777e-01
135 27 2.690443160210245765e-01 -1.090691159983488756e+00
136 27 4.551608790166450924e-01 -4.532198270941978357e-01
137 27 1.048174184598836156e+00 1.079713402657168864e+00
138 27 1.760508499279932887e-02 1.030063270616313531e+00
139 27 -2.936266621546346767e-01 6.848998994481082514e-01
140 27 -5.396924415447961199e-01 2.986670304103957174e-01
141 27 -1.537485500325502102e-02 -5.267411954302245736e-01
142 27 3.236433015855620376e-01 -9.625124772983164601e-01
143 27 -2.562089965021931842e-02 -1.164498631064811579e-01
144 27 -1.586484510110430513e-01 7.325265363368909100e-01
145 27 4.769733516760309155e-02 7.082504020989986993e-01
146 27 -4.338591792256600854e-01 6.095766832733915397e-01
147 27 -7.287770047256352246e-01 1.473568571316699050e-01
148 27 3.523278697517758240e-01 1.668116208951450907e-01
149 27 9.879827696252551153e-03 2.413693572510342833e-01
150 27 6.357567087857333155e-01 4.323724127173321774e-01
28 28 6.047443386880056337e+00 -7.838615857350654803e-01
29 28 7.488263947063008352e+00 1.601979300552169638e+00
30 28 -4.018582886848047764e+00 -2.082808382905207090e+00
31 28 4.904007816451139590e+00 4.475512321731926590e+00
32 28 2.429062771923923947e+00 -9.687647451628524919e+00
33 28 2.688080265740705688e+00 3.974631260451305881e+00
34 28 1.526661246799345006e+00 -3.675475039883092432e+00
35 28 2.637953654293303529e+00 -1.040258375763425747e+01
36 28 -7.450554441218619317e+00 -7.036027942971220028e+00
37 28 -1.159276153521682368e-01 -4.065880575358711280e-01
38 28 -3.407246013543988816e+00 -5.936980279649476167e+00
39 28 -2.975734158868239998e+00 -7.552775945644211397e+00
40 28 -2.163108547960992389e+00 -2.690747397481169312e+00
41 28 1.245249176869026808e+00 -4.168222076487674954e+00
42 28 -2.778947243189132443e+00 2.427020006699640575e+00
43 28 -1.827256057024189806e+00 8.023708792142684842e+00
44 28 2.127498292239672129e+00 5.168334222030473768e+00
45 28 4.246776276845953824e+00 8.787488777205071377e-02
46 28 9.594867615899687063e-01 -7.931443956016657193e-01
47 28 6.639233125610105590e-02 -6.946640859844176674e+00
48 28 -2.590198156092162307e+00 -9.285961664851649644e+00
49 28 -4.859273339718558127e+00 -2.950092004911363919e+00
50 28 -1.520473348814841863e+00 3.689530571493368161e+00
51 28 2.026472760748914581e+00 3.494197670353475171e+00
52 28 3.777340106915481055e-01 1.281104585915729288e+00
53 28 3.954372977365396280e-01 3.639347828532353279e+00
54 28 2.256039157454796218e+00 1.780484245675387323e+00
55 28 -7.771491821000967581e-01 -1.557359896482869877e+00
56 28 -3.744409654701202239e+00 -1.441331481954911953e-01
57 28 -1.411802773008311362e+00 -7.063032758362168817e-01
58 28 2.073394268094909787e+00 -1.743289099652746366e+00
59 28 2.293010684169622504e+00 1.278310051159676997e+00
60 28 2.859844612363705352e+00 5.968441644198603235e-01
61 28 2.105789902982285966e+00 -3.481337614879781661e+00
62 28 -3.849039925255666628e+00 -2.561434773496410688e+00
63 28 -4.999886097845136490e+00 7.476924204979187305e-01
64 28 -3.910627846030999000e-01 2.928594830086593603e+00
65 28 -1.532992124759074148e-01 1.187970794379960893e+00
66 28 2.848502200066832524e-02 3.384675822933137512e-01
67 28 3.974427720075500159e-01 1.139610253505610515e+00
68 28 -5.243144919263301729e-01 -1.940686403004339700e-01
69 28 -2.332162710339353406e+00 -8.584225145751027686e-01
70 28 -2.804084608181700133e+00 1.290971633812079356e+00
71 28 -8.232047777123124854e-01 4.408503663146507434e-01
72 28 1.894870579133967947e+00 -6.005144426626631837e-01
73 28 2.882436508810401476e-02 5.047450028734101063e-02
74 28 3.343270892527511196e-02 2.303787474980881100e+00
75 28 -1.176410214368822871e+00 1.241921280785698078e+00
76 28 2.618655801579982123e-01 -5.366869784476873129e-01
77 28 1.249382035821859027e+00 -1.894160057873971237e+00
78 28 2.069371629982220018e+00 -2.165996427184345041e+00
79 28 3.170407270581959147e-01 -9.704800563107831568e-01
80 28 -4.382114748856583142e-02 4.201632287253088682e-01
81 28 -7.033208303934334049e-01 9.987754023316015584e-01
82 28 9.478675517350009239e-01 2.559493262152661597e+00
83 28 1.354017926327673593e-01 2.268109502220121865e+00
84 28 1.465280382963235928e+00 -1.601356332069550525e+00
85 28 1.707236997774846943e+00 -2.871152389231076185e+00
86 28 6.500385141199601646e-01 -1.326527364151635746e+00
87 28 -1.771176965120918823e+00 3.004867058306196492e-01
88 28 -2.340322160288728526e+00 9.773523132564421179e-01
89 28 -2.745083979710973399e+00 2.599413740269589823e+00
90 28 -8.393969489333327760e-02 1.711263859245773844e+00
91 28 4.544517698725451110e-02 -1.410171194901855163e+00
92 28 2.079627804795821377e-01 -3.700009317969906952e+00
93 28 -2.369583466393683668e+00 -1.545725047397964902e+00
94 28 -1.522342417202019238e+00 1.000146528666971513e+00
95 28 -1.618894409049631333e+00 2.024898392225936039e+00
96 28 1.357129897843416533e+00 1.349300803528061587e+00
97 28 -1.654158519630304081e-01 1.531569686903818894e+00
98 28 2.092918268147290206e+00 -1.846790378250421361e-01
99 28 5.685528259084409175e-01 -8.465888641886459842e-01
100 28 1.640994816158696912e+00 -5.909324664138255745e-01
101 28 -1.650117386659953334e-01 1.130128420072374906e+00
102 28 1.459577113133676551e+00 1.464643467873450122e+00
103 28 2.364327023602835198e-01 1.656620509310405831e+00
104 28 1.946136537849955661e-01 -1.985621968053815634e-01
105 28 2.683518081386025433e-01 5.679705344062752070e-01
106 28 4.547390116957215622e-01 -2.273585837921041630e-01
107 28 8.025699273791649935e-01 -1.000918813209813685e+00
108 28 -7.411363822481709107e-02 -9.717618253684355833e-01
109 28 -3.333538066001859868e-01 4.618651781935001477e-01
110 28 -2.495362556629125983e+00 -7.878497649727044250e-01
111 28 -1.376508151563872850e+00 -1.590321553702261914e+00
112 28 -1.392567506993727777e+00 -1.365444559622617460e+00
113 28 1.968007466657281102e+00 -6.530009613279162961e-01
114 28 1.494352485910095396e+00 -7.706531714309717840e-01
115 28 7.419228108852892190e-01 -4.650281594581452405e-01
116 28 -1.142276602174036926e+00 1.826098511042352768e-01
117 28 -8.904119548828270947e-01 8.471087023363995661e-01
118 28 -7.691857636461703063e-01 5.645937251754132857e-01
119 28 4.444204802870870830e-01 -4.448284894724648109e-02
120 28 1.161980832770295180e+00 -6.109845179532530368e-02
121 28 6.759650522382036897e-01 -8.231673238126565595e-01
122 28 1.444122394619202776e-01 2.144634158745189478e-01
123 28 -7.698511955771424331e-01 7.201471222821774765e-01
124 28 -3.975196127042190386e-01 1.322927134269418437e+00
125 28 5.581041882632816753e-01 -9.973146713129756036e-02
126 28 8.415906623188880165e-01 -3.746604327614549423e-01
127 28 4.178238040200899506e-01 -1.306253264534111391e+00
128 28 3.345658748386548531e-01 3.981977006265849384e-01
129 28 -2.805783838322576385e-01 -7.458055757098696059e-01
130 28 -3.060089431503867363e-01 4.804943336850150404e-01
131 28 -2.498922165000557749e-01 -3.698613430254117929e-01
132 28 -2.197147425266077203e-01 3.513510467925578529e-01
133 28 -3.994719257067798068e-01 -1.115569521693815735e+00
134 28 -1.408459534139596958e-01 -4.631989732675363403e-01
135 28 -4.134572764281028157e-01 -1.247810107716178729e+00
136 28 1.064608612662926612e+00 4.757571759874371087e-01
137 28 9.841545142467900131e-01 -1.340489319580955019e-01
138 28 7.789662196455331422e-01 4.968668299991424453e-02
139 28 -1.264309157093064795e-01 2.118727770669729116e-01
140 28 1.077247971807448468e-01 7.888068256068331285e-02
141 28 -6.768759232501898593e-01 -7.310694458177073862e-01
142 28 -4.945762026176939163e-02 -1.304167010662513615e-01
143 28 9.142214262334588115e-01 9.377701169483190213e-01
144 28 1.213251229861227021e+00 6.004773444072940558e-01
145 28 -2.286713363473710514e-01 1.556833903057995017e-01
146 28 -1.138894897336199197e+00 -4.352337092969268406e-01
147 28 -7.734440650080239010e-02 2.785148996331014981e-01
148 28 -5.018481396783180948e-02 3.057699670724331464e-02
149 28 2.252699657864692673e-01 -1.674771221581613512e-01
150 28 -1.719523953499751401e-01 4.511074917340603396e-01
29 29 4.610508522330519554e+00 -3.083911197626461043e+00
30 29 1.077080344830759806e+01 3.257449098789949371e+00
31 29 -6.879560740174937017e+00 1.344358019739073429e+00
32 29 6.773512026879419778e+00 -2.319359549375000995e+00
33 29 -1.325408965233836511e+01 -3.164348205967225880e+00
34 29 5.201160952908923107e+00 8.690270385190748570e+00
35 29 -8.168568087466079874e-02 6.578029716913502689e+00
36 29 -5.255776015447324312e+00 -2.027494861317788111e+00
37 29 2.352681864813268575e+00 6.943847299816575003e+00
38 29 3.005731073788004970e+00 -3.303280545529041934e+00
39 29 -3.031951153216097428e+00 -7.247981387854181889e+00
40 29 -1.169653786834863318e+00 6.356242306918392648e-01
41 29 -1.212339835718368564e+00 -1.460898789380038032e+00
42 29 -1.572110068978560538e+00 -6.571544446990171373e+00
43 29 -1.514640604760001175e+00 4.225666116290202723e+00
44 29 1.597052286103895824e+00 4.868457747361945920e+00
45 29 5.572253098199353438e-01 -1.371927473108236262e+00
46 29 -1.226354146530053146e+00 -1.318348396919377663e+00
47 29 3.659189274895417565e+00 1.846996633363183982e+00
48 29 5.382031250369459840e+00 -2.629389718241673890e+00
49 29 2.865524124629362568e+00 -3.483058568651461684e+00
50 29 1.987454517800632203e+00 -2.578426194268530924e+00
51 29 1.772575229215327175e+00 -1.791339060197937094e+00
52 29 -2.512475308876223501e+00 -3.803261863887587246e+00
53 29 -3.209658670789113710e+00 -1.048837036199460115e+00
54 29 -5.462496356335948544e-01 4.472016530930752687e+00
55 29 -1.981142064172214667e-01 8.595423882656532122e-01
56 29 1.591976459123904286e+00 -1.795631372241279999e+00
57 29 2.373306895120015081e-01 -2.339754347868449713e+00
58 29 -2.388067651534784286e+00 -4.646226643455056760e+00
59 29 -1.675644997910285205e+00 -1.124285066619897355e+00
60 29 6.495975545316309274e-01 3.975031356865285304e+00
61 29 1.567275036898883922e+00 3.185842718757164072e+00
62 29 5.478834891846150190e-02 1.074005560371164458e+00
63 29 -6.184340673129520294e-01 1.478066543154221701e+00
64 29 -6.775067205996185837e-01 -1.730354809011735162e-01
65 29 -1.625708547461925502e+00 -1.835726458678849760e+00
66 29 -2.990062587593347754e+00 6.829382152193897992e-01
67 29 -1.782288536375882471e+00 1.758604898436173070e+00
68 29 -3.015339396443860176e-01 -4.601983202412943674e-01
69 29 -7.359340393822996207e-01 3.867403577235004608e-01
70 29 -6.838327945361619142e-02 1.686703643206701742e+00
71 29 -2.573474446041670305e-01 7.233559739149887369e-01
72 29 -2.884502444731324555e+00 -1.006841171633328758e+00
73 29 -1.923348202255633632e+00 1.262483360621342143e+00
74 29 4.068011032061210064e-01 3.523311179803434445e+00
75 29 -3.868274729833394709e-01 8.326065488796153824e-01
76 29 -1.503541385215004800e+00 -1.490234593344734959e+00
77 29 -5.833172253317977507e-01 7.034581306185320182e-01
78 29 6.523221115042500129e-01 1.135306714827356345e+00
79 29 5.560922063466189336e-02 6.878054260979726831e-01
80 29 -8.765760605227580771e-02 1.718260567310061049e+00
81 29 -6.207296038653141446e-02 -8.953500099368488785e-03
82 29 -2.165896860235773103e-01 -1.143180409080158055e+00
83 29 -2.509796143004877411e+00 1.834270566020083648e-01
84 29 -1.316630311332356751e+00 1.503521823530150181e+00
85 29 -4.965250270790187437e-01 4.740479724573137266e-01
86 29 2.425097712705200248e+00 6.328043102799665309e-01
87 29 2.258597395840355571e+00 -1.843709411533954290e+00
88 29 9.425445860828041145e-01 -7.419815631765046549e-01
89 29 -1.730737130884355324e+00 2.351136158141950705e-01
90 29 -9.927537997485662569e-01 2.023071027715506620e+00
91 29 -1.667225103609554671e+00 1.198829354497568556e+00
92 29 -3.514235273993683850e-01 2.736289835996656539e+00
93 29 9.424628316175391873e-01 9.260900982831605788e-01
94 29 1.679251768152592028e+00 4.899441505163086852e-01
95 29 3.201946633665333497e-01 -2.376380560818561083e+00
96 29 1.391016156882393384e-01 -1.267531927393090063e+00
97 29 2.072350123045296755e-01 5.175334831422828685e-02
98 29 -1.506541342767639291e+00 1.468768754966818912e+00
99 29 -5.948252560614040174e-01 4.317301865490205670e-01
100 29 4.642392458575403391e-01 5.609881923686853566e-01
101 29 7.155169293598269142e-01 -8.481052636672790079e-01
102 29 -5.560023546332139022e-01 -1.647742648513776942e+00
103 29 -1.578714977452027601e-01 -7.691602440650795458e-01
104 29 -2.804864523618234573e-01 -4.558591096123926212e-01
105 29 1.445812553623241126e+00 -5.887547845126064328e-01
106 29 4.995585480603031425e-01 -1.246424614657698715e+00
107 29 2.836193111069360562e-01 8.324839127224874513e-01
108 29 1.048778516640190173e+00 1.458005431241590655e+00
109 29 1.030864193257832184e+00 8.987126036472721236e-01
110 29 -3.650804767064828593e-01 -5.978167427169692738e-01
111 29 -7.215089432692812776e-01 -1.094806387715454576e+00
112 29 -1.167460065213612008e+00 -1.189021671348950093e+00
113 29 -5.782264054445391821e-01 -9.015315995123140969e-01
114 29 -4.549989060121210210e-02 8.996989104699000261e-01
115 29 2.654016659954139823e-01 1.594041631546761373e+00
116 29 -1.964189104090101057e-01 1.640730758775716280e+00
117 29 -1.234733121447820103e+00 -1.068987336818322698e+00
118 29 -1.256468647155192020e+00 -1.445798334329086110e+00
119 29 -7.016262596737332657e-01 -1.959729112204308787e+00
120 29 2.380088780159941297e-01 -2.652269513994474082e-01
121 29 6.132227545285104942e-01 -1.360174425792084751e-01
122 29 5.330577184363410881e-01 1.132842002957424654e+00
123 29 9.951393587287487019e-01 5.669639692317818280e-01
124 29 8.127046848982449889e-01 -6.259630246507534856e-01
125 29 -8.069500264838016523e-01 -1.507845015612525152e+00
126 29 -7.192805525479681883e-01 -7.981190528982633481e-01
127 29 5.008978287187615397e-01 2.554806156004125750e-01
128 29 1.048604625630760623e+00 1.497252201315795173e-01
129 29 -9.177665305184690148e-02 -3.562521379332841964e-02
130 29 -5.531133224901673140e-01 -4.858333317775268001e-02
131 29 -3.121990452953022910e-01 2.297240860547068997e-01
132 29 -2.223022885122168668e-01 4.239061342990866343e-01
133 29 -6.832993329390106840e-01 6.243072400278815159e-01
134 29 3.061991231011099712e-01 -5.478648022596097067e-02
135 29 1.875429901086413109e-01 -1.442442145184533953e+00
136 29 1.845789625743116669e-01 -6.133397731827634480e-01
137 29 -1.464598536461078626e-02 6.272620028121416169e-01
138 29 6.770755355650094343e-01 8.828267442908258600e-01
139 29 -2.218008700878120187e-01 1.221826171917648196e-01
140 29 -1.723503744564402473e-01 -5.506112645413553663e-02
141 29 8.055610268460262902e-02 -1.098786597156253819e+00
142 29 1.382120424608273002e-01 -7.232201509713526155e-01
143 29 -2.520149270133199559e-01 -7.358986705772294634e-01
144 29 -5.508660610699517290e-01 3.447439832267736315e-01
145 29 -3.521065356705604388e-01 2.554485434161778423e-01
146 29 -1.088143860477228442e+00 9.217487146473352100e-01
147 29 -4.053816303309316915e-02 -6.417928616518073781e-01
148 29 -5.651209725416732610e-01 -1.208976325328086077e-01
149 29 9.062715022868153558e-02 -6.751564530959377475e-01
150 29 2.764344160117667565e-02 9.341450330241543032e-01
30 30 -1.974136634951079827e+00 7.932813842412962391e-01
31 30 4.625174249813430727e+00 -1.564562526116840990e+00
32 30 -4.271965932972641156e+00 7.057404737966434638e+00
33 30 -2.109360601922789069e+00 -7.338513976241065606e+00
34 30 -1.444682133016518932e+01 7.721117859672459893e+00
35 30 7.092537960868158242e-01 -4.328589492542130879e-01
36 30 -2.542463691524357472e+00 6.352026153078055515e+00
37 30 -3.307686638034503801e+00 5.112059282910561109e+00
38 30 7.777731631818591396e+00 3.709704669720971459e+00
39 30 -6.339492023257131681e-01 -6.756871563526753555e+00
40 30 -3.144780177788564779e-01 -1.530462676255005317e+00
41 30 4.474658274519362600e+00 1.934142423873653760e+00
42 30 7.435135054450729974e-01 6.841255689965787257e-01
43 30 -2.886208478032977087e+00 -3.160146319169505169e+00
44 30 4.819847212681271031e+00 3.276361982812313611e-01
45 30 1.500731910222545373e+00 -3.098696925286624104e+00
46 30 -3.926083482643856648e+00 -2.891976515716846663e+00
47 30 -4.459587419455146140e+00 4.332867323648988966e-01
48 30 2.049374375530873760e+00 1.657930669365274223e+00
49 30 -2.916540875397225507e-01 4.678517349644534917e+00
50 30 5.657469576140135015e-01 7.758244666828331582e+00
51 30 3.449828585414871363e+00 6.208551579880520421e+00
52 30 -1.350361841475530844e-02 -3.992312661633741211e-01
53 30 -3.385114426203833293e+00 -1.200529418293652784e+00
54 30 8.727429997169664500e-01 -4.031688954865221275e-01
55 30 1.802568035904845933e+00 -2.777651029334784027e+00
56 30 -3.370641332032011661e+00 -1.185839141415842457e+00
57 30 2.546552307623200506e-01 1.211921984010910336e+00
58 30 3.419639976233578960e+00 2.299184223826390649e+00
59 30 -1.080066166569811026e+00 -5.051237486375943497e-01
60 30 -1.007935832296049661e+00 -1.906154139904104650e+00
61 30 7.877647795193304381e-01 1.046130655844173668e-01
62 30 -1.747545958529342469e+00 -8.550584750286985836e-01
63 30 -2.466234321978255206e+00 1.980217313855302808e-01
64 30 -3.250358111872447830e-01 2.631842580242160334e+00
65 30 1.687032935651070265e+00 8.436694290667657858e-01
66 30 5.532717552567559816e-01 -3.253245636360618254e-01
67 30 -1.463516131479392302e+00 7.671610338228905812e-01
68 30 -5.046826966308877171e-01 1.045447648033843491e+00
69 30 7.837766642596242228e-01 2.025861961797078337e+00
70 30 1.195714064957198897e+00 1.656007162686834233e+00
71 30 2.211439645628661577e+00 8.247361370786856494e-01
72 30 7.699378457798805586e-01 6.168931785005833390e-01
73 30 5.328593044631423359e-01 7.559993300705846186e-01
74 30 9.299125371139602136e-02 2.736690147593257461e+00
75 30 -2.055295871403061969e-01 3.028315831807621983e+00
76 30 -1.401348511107855632e+00 5.128999242646191670e-01
77 30 -8.533401127871266534e-02 6.866494727437283396e-01
78 30 -7.524577216224270781e-01 -1.389347677085717381e+00
79 30 -5.102520998631617788e-01 -2.011840597284530574e+00
80 30 -2.287426461155834811e+00 4.897945267654715829e-02
81 30 1.014306049484739791e+00 1.699305015470493618e-01
82 30 3.781319049643632746e-01 -2.069073766355300492e+00
83 30 7.956257607949672739e-01 -9.855728539476295014e-01
84 30 -3.789506084823519583e-01 -8.517519228458825253e-01
85 30 1.035962476330718030e+00 -1.364909120014503596e+00
86 30 -2.736595190027212521e+00 -2.221040149756354776e+00
87 30 -1.165794201434570798e+00 -1.235901402014478290e+00
88 30 1.289820521574335910e+00 -7.401944918900826842e-01
89 30 3.180522632966589658e+00 3.198854362673676510e-01
90 30 1.004729846107422997e+00 -3.778302940956536071e-01
91 30 2.431526938758886480e+00 -7.707781300579358286e-01
92 30 9.778513649662099461e-01 -1.502977694698329314e+00
93 30 -1.733990772803884806e+00 6.556377913992169626e-01
94 30 -1.259431069851713492e+00 1.666423012658684755e+00
95 30 7.372876257033773584e-01 1.439242965576225775e+00
96 30 2.354390763803214437e+00 -7.409705085812371417e-01
97 30 1.682266962927676079e+00 -9.960898608831939560e-01
98 30 4.283253200438410513e-01 -9.049345618428343840e-01
99 30 -9.348467814859577896e-01 2.963863571049801804e-01
100 30 -1.233937665644686765e+00 -2.517396072444555433e-03
101 30 -1.305923601166440129e+00 3.964134914825848677e-01
102 30 -5.377093078558421446e-01 1.007904752976179097e+00
103 30 7.959123578241283914e-01 8.005818247333673643e-01
104 30 4.150834314271678038e-01 -1.086371700002744939e-01
105 30 6.373449416366996356e-01 -5.825426233666556319e-01
106 30 -2.106501156545529385e-01 -3.850278668819605565e-01
107 30 1.116276588927930691e+00 -7.011124682755324189e-01
108 30 -2.973625875924087447e-01 3.317766164578224153e-01
109 30 -7.107374781422450827e-01 3.648006569841574093e-02
110 30 -2.348704597753239920e+00 8.427626897465470002e-01
111 30 -1.127979293805238870e+00 -5.645558037798077411e-01
112 30 -1.492240450973669474e-01 -1.169930430166679081e+00
113 30 1.072938387984680109e+00 -1.092336311420199380e+00
114 30 1.129934832631970476e+00 -1.984614226868589015e-01
115 30 1.188790306710672873e+00 7.244692028245228177e-02
116 30 -4.792118645438570579e-01 4.516083707546265646e-01
117 30 -1.858373579463012515e+00 1.134517192632089611e+00
118 30 5.595742347152196650e-03 1.092542311579845771e-01
119 30 1.412717579763665965e+00 -1.201291451418860179e+00
120 30 1.125078708926016358e+00 -1.297469589093831699e+00
121 30 5.415527050942994247e-01 -5.204466515360329781e-01
122 30 -5.213247203768356375e-01 3.655980896738642710e-02
123 30 -4.043163067227268370e-01 5.798591966610502357e-01
124 30 -4.367114719380484900e-01 4.123639914527850170e-01
125 30 -1.166238131129010980e-01 -6.848801909874863147e-01
126 30 -1.026941489100590688e-01 1.708555857048557614e-02
127 30 4.077375251682855417e-01 -6.173879208715439271e-01
128 30 -1.970327052878753371e-01 1.083411626179099807e+00
129 30 -2.939141261765409463e-01 -1.732275624946005149e-02
130 30 3.486536894204227965e-01 1.016419567339373664e+00
131 30 -4.819576675783879827e-01 -5.476531795087093979e-01
132 30 -6.974969766228686363e-02 6.687213979274304609e-01
133 30 -5.191994009094590412e-01 1.857160074982245890e-01
134 30 1.231892420282931333e+00 7.984983464817437815e-01
135 30 2.819046651010996274e-01 -6.453840257837557548e-01
136 30 8.955411205937718888e-01 1.369359004574640104e-01
137 30 2.257324292575680139e-02 -5.526801800847436913e-02
138 30 1.078768912180716022e+00 -3.758354013640437530e-01
139 30 -1.222239156966043128e+00 -9.587800936459741630e-01
140 30 -1.592922829441325128e+00 -6.729776010784811469e-01
141 30 -7.989807414988020495e-01 -7.424345760724768151e-02
142 30 3.106568118081490804e-01 -2.354108625965721235e-01
143 30 6.475067155337300706e-01 1.314778889911191739e-01
144 30 1.763251364286142486e-01 6.434890562577149087e-01
145 30 -2.333379306757120963e-01 -1.959670091992350427e-01
146 30 -1.423956440750252073e+00 -4.046426780828411562e-01
147 30 -1.016886806777742569e+00 7.691853130806345362e-01
148 30 -1.762106092493972431e-01 8.332311442244400013e-01
149 30 9.225189797409379944e-01 -4.827652352130465396e-04
150 30 4.616297802326418953e-01 1.881321358846026748e-01
31 31 -2.725798182304427275e+00 5.899968778362493893e+00
32 31 4.562986156144157035e-01 -3.117416058175513260e+00
33 31 -8.258549126791207839e-02 4.481943148008760147e+00
34 31 -2.770028878266260097e+00 -7.882431671621760394e+00
35 31 2.713674779821755756e+00 5.030652142983521813e+00
36 31 -3.507684514584290980e+00 -1.101787487737608373e+01
37 31 -1.598114464227520903e+00 -5.102890177577599218e+00
38 31 -1.491986636005099731e+00 -4.466648105721573447e-01
39 31 4.504870604268347734e+00 -8.648567911903723981e+00
40 31 -6.741131311684683602e+00 -3.812839540208763367e+00
41 31 2.641149891348856471e+00 -7.194586249663083022e-01
42 31 5.509206850111796783e+00 -5.598882658485733188e-01
43 31 -2.874069887246775701e-01 -9.864053950285426309e-01
44 31 -9.159985392737389764e-01 1.655260719271152370e+00
45 31 1.280158604269333367e+00 -2.476316687238510728e+00
46 31 -2.236970181598483265e+00 -1.661113247520808800e+00
47 31 -1.521694227427865531e+00 1.419584110988203918e+00
48 31 5.813155799891420727e-01 2.171423982739094427e+00
49 31 9.431137066105449440e-01 -2.013042850617375201e+00
50 31 -7.104512688074897664e-01 1.513599785745308957e+00
51 31 -6.823504032014419129e-01 4.548272231656722564e-01
52 31 -1.424975275412459164e+00 -1.751289905738640851e+00
53 31 -4.508618101076515394e+00 -4.018393939926475644e-01
54 31 -1.731420859741899854e+00 3.989717268787206783e-01
55 31 3.722979114913055998e+00 -1.883028357025883892e+00
56 31 3.190233962072821505e-01 -3.085681488467690414e+00
57 31 -2.006440385326395681e+00 -1.023825108857734811e+00
58 31 1.279023382734802150e-01 -1.365159026122478303e-01
59 31 3.733164164915244720e-01 8.192358395610710442e-01
60 31 1.530974445317212052e+00 2.590629717207425742e+00
61 31 3.505578900654199082e+00 8.501795537664772473e-01
62 31 1.877229091817211426e+00 -2.587387009491151080e+00
63 31 -7.038325838287159408e-01 -8.531658533761867780e-01
64 31 7.897339983816235032e-01 3.441766317570998934e-01
65 31 2.723935979609500624e+00 -1.404656111792786266e+00
66 31 -2.179188426230796727e-01 -2.091446649639710775e-01
67 31 -7.867422590332674437e-01 1.048936202507564364e+00
68 31 3.010812557675543122e+00 7.948876980999004527e-01
69 31 2.057368944010336431e+00 -3.312342474569590633e-01
70 31 6.249022947020836938e-01 3.671672879759194097e-01
71 31 1.992566517352381439e+00 1.169000455045298592e+00
72 31 2.792159959189962848e+00 3.372050570480233239e-02
73 31 1.692139693449410176e+00 1.258900192911760474e-02
74 31 7.603578473607891519e-01 2.644765298426590139e+00
75 31 1.048344793904326444e+00 1.334250133335942667e+00
76 31 1.084872461570453306e-01 -4.939984745894379636e-01
77 31 -2.211282093546266037e+00 -1.723650080386682215e-01
78 31 -4.875588593736630005e-01 2.580918821470561397e+00
79 31 9.539754141878926674e-01 1.526874798502279251e+00
80 31 2.143096057360356799e+00 1.271423610921040170e+00
81 31 1.085290263976396302e-01 9.010614858502117297e-01
82 31 -2.530686724093339501e-01 2.610599573906694504e-01
83 31 -1.835885528284962875e-01 -1.311768353352262162e+00
84 31 6.537024294436014071e-02 1.298700971712049901e+00
85 31 -1.698314011315273930e+00 1.392621327153907185e+00
86 31 -1.979471281858129206e-01 8.775991289528781714e-01
87 31 -2.334916845046416389e-01 -2.507512675384553913e-01
88 31 4.210531517073985430e-01 -9.145355609317341594e-01
89 31 -4.971882106391538603e-01 -6.977321853661778706e-01
90 31 9.614778151897744873e-01 8.380963211724525852e-01
91 31 1.138958316494537826e+00 2.827472556558421335e-01
92 31 1.956474052031818456e+00 -9.121420429899586013e-01
93 31 4.649068645008257450e-01 1.928569547131434581e-01
94 31 5.635435788851577144e-01 -6.861863107705427067e-01
95 31 -2.560339929911294998e-01 -1.353537067809266414e+00
96 31 4.633580591488037359e-01 -1.644541583057656631e+00
97 31 -4.118789284230546244e-01 3.223937371406871977e-01
98 31 1.899267095313041276e+00 4.197424544512688982e-01
99 31 1.098727208149975265e+00 2.050299384479042253e+00
100 31 8.577991850696958798e-01 2.846478619962650725e-01
101 31 -1.702725539357043960e+00 2.279531022020800379e-02
102 31 -3.535192272951068748e-01 -1.247973435261595654e+00
103 31 -1.946453327710044201e+00 1.266164496384871163e-01
104 31 4.165118652396015420e-01 -5.417415004795466116e-01
105 31 -1.590041409993359078e+00 1.697192959422145209e-01
106 31 1.490312102750102063e+00 -1.028760113990139224e+00
107 31 -8.342800982437417190e-01 8.153335518826394512e-01
108 31 2.845910850143777426e-01 9.493034159756862378e-01
109 31 -1.121488169027353932e+00 1.125776758423753465e+00
110 31 5.003368112397443834e-01 -1.193123852870171531e+00
111 31 -2.034586605916865132e+00 -7.908429344013403473e-01
112 31 -8.277151076538845353e-02 -1.226331954793598911e+00
113 31 8.867166104995374276e-01 2.723151294022019830e-01
114 31 2.091387929469133322e+00 -2.763279785014172152e-01
115 31 7.741589046271520891e-01 1.463751742666729472e+00
116 31 -2.298146309115825792e-01 5.498366554710337750e-01
117 31 -8.417911542361884436e-01 -1.857798317123469101e-01
118 31 -1.810752926244694416e+00 -1.841879102518744649e+00
119 31 -4.072411224053343881e-01 -1.001777897040968091e+00
120 31 -1.774216936755779184e-01 -3.298284022777542290e-01
121 31 1.437247746534941806e+00 1.223419267588337522e+00
122 31 -2.020750371932514278e-04 8.546101037935707190e-01
123 31 5.421629369439278090e-01 6.563340153452483783e-01
124 31 -8.098292182692181651e-01 2.616987181146075425e-01
125 31 -7.136727829801459144e-02 -1.309253166481013197e+00
126 31 -1.075970365751068636e+00 -7.148472720126952673e-01
127 31 1.093689720546240918e-01 2.395317512996858467e-01
128 31 7.454225974297794544e-01 1.638701960619010967e+00
129 31 1.677213030784344028e+00 2.048226669318495841e-01
130 31 1.661105605145835051e-01 5.723961337083962597e-01
131 31 3.780287256077461411e-01 -3.414172504988901569e-01
132 31 -2.190598003119192116e-01 1.922649852495251777e-01
133 31 -8.166550240572881814e-01 -1.018094132780021033e+00
134 31 -6.450428393003336813e-01 -5.564378670469766197e-01
135 31 7.953232111305155727e-02 -8.473258052336207768e-01
136 31 3.157703379714203451e-01 1.845550043837653476e-01
137 31 3.725686438785648646e-01 6.482216021398813366e-01
138 31 4.553877670920034038e-01 1.264043556825159786e+00
139 31 -3.852863857460756547e-01 4.396173404138027929e-01
140 31 -1.252363222687878086e-01 -5.582678444909432436e-01
141 31 -4.510026594822589274e-01 -1.003755368116381108e+00
142 31 -1.508389414796485473e-01 -6.265583763905822889e-02
143 31 1.278310826276143342e-01 5.652304588058647550e-01
144 31 9.135624533635643418e-01 5.578559398002229663e-01
145 31 4.710362664085739892e-01 1.597278833051544722e-01
146 31 -2.726012605909135522e-01 2.130528268845957029e-01
147 31 -9.996334424402985031e-01 -1.383290548685596200e-01
148 31 -5.174652256458457389e-01 -4.269420260085980967e-01
149 31 -7.338646668266718409e-01 -5.879193012777814698e-01
150 31 -7.899178955213824738e-01 1.536189367091048696e-01
32 32 2.797360075216958286e+00 7.744817221457171996e+00
33 32 -2.085461600260575477e+00 7.149193700950245978e-01
34 32 3.819998275941982602e+00 -2.254035936325598399e+00
35 32 2.363131350437170486e+00 -2.921164095499247271e+00
36 32 1.259618146440399222e+01 -5.584882649063488635e+00
37 32 -4.917040541765036465e+00 -1.022940001918846820e+00
38 32 -1.621415265059233501e+00 -4.331949410477769824e+00
39 32 4.635369979356794623e+00 -1.019421315002764894e+00
40 32 -2.174658647367349040e+00 -3.354720625495451802e+00
41 32 -8.899205354182307959e-01 3.805175773999401656e+00
42 32 4.215898701282127625e+00 3.186952398161223554e-01
43 32 -4.640123844410663168e+00 -3.738766158273675977e+00
44 32 -2.853714733044673935e+00 -2.323530445655870746e+00
45 32 1.683325251959160607e+00 7.700122089264279657e-01
46 32 -3.663978507914655403e+00 -3.757386401324782188e+00
47 32 -1.412292087461886281e+00 2.106567353460674585e+00
48 32 6.202588930538408540e+00 3.926785101982786852e+00
49 32 4.682519004339961377e+00 -4.843015756041803010e-01
50 32 -6.190577225516924464e-01 -1.507335064274857306e-01
51 32 1.486685534192086378e+00 1.327952229622077152e+00
52 32 2.777166942689561768e+00 -4.242836472513714874e+00
53 32 4.530592357971813811e-01 -5.560453545613039950e+00
54 32 -2.423897635906151926e+00 -3.183252474012978617e+00
55 32 3.076188159134722433e+00 -1.324328135386221295e+00
56 32 2.702460363030421586e+00 -1.837781665513910312e+00
57 32 -9.668984394172028818e-01 6.145018986439068076e-01
58 32 1.980295074217552909e-01 3.307994216170323298e+00
59 32 -1.129990852588114381e+00 1.158770982523511794e-01
60 32 -1.322830870497955225e+00 -4.517471855847380313e-01
61 32 -6.048921353037173265e-01 2.420856755254142456e+00
62 32 -9.112138606579993638e-01 1.024115818880470208e+00
63 32 -1.904133550862743940e+00 3.856696834004645358e-01
64 32 -3.854110691922733589e-01 2.237613382371427484e+00
65 32 1.728743548087372961e+00 1.591089422735692871e+00
66 32 1.896340122428921693e-01 -8.874931385667802486e-01
67 32 -1.168760105377026459e+00 -9.272092798817087589e-01
68 32 -6.981195093753134184e-01 3.851697893162659980e-01
69 32 -4.499215408937255467e-01 5.935018276337374749e-02
70 32 -7.563056810583059786e-01 -1.334362810539673483e-01
71 32 2.301627162925050929e-01 -1.321028024585767291e+00
72 32 1.115607952155861282e+00 -1.547931929793991523e+00
73 32 5.242390922117264873e-01 9.653942685243832589e-01
74 32 1.484163357530404515e+00 1.567102308369842767e+00
75 32 2.325916556221891085e+00 5.443971157911811076e-01
76 32 -1.344416663467382644e-01 -4.439820670571237304e-01
77 32 -1.705701235723657394e+00 -1.353455427917051201e+00
78 32 1.038970375030330739e+00 -1.697121590892180620e+00
79 32 1.077019476402787390e+00 -1.426329699713116739e+00
80 32 -5.326956950593426665e-01 3.482442492284469893e-01
81 32 2.184417765720671201e-01 2.190203266529302528e+00
82 32 9.789055818262379915e-01 1.472309526411475833e+00
83 32 -4.336718975663690356e-01 -9.142222969442223013e-01
84 32 8.820100537398745111e-01 -2.073211222361713291e-01
85 32 -4.186712824201042071e-01 2.161495363457651420e-01
86 32 -2.651282782573010977e+00 -8.897890296728487858e-01
87 32 -3.637948858902865457e+00 -9.959548745840507422e-01
88 32 -1.556814440980008207e+00 8.002422338303007976e-01
89 32 -1.508258925357123692e+00 -5.393805931880208196e-03
90 32 8.694788923907141864e-01 -1.212991594745953305e+00
91 32 -1.610256488560340427e-01 -1.776661267815117462e+00
92 32 1.998078753081700687e-01 -8.098537026609393674e-01
93 32 -6.631185783203104034e-01 -3.762311993082291250e-01
94 32 7.317963680904182588e-02 3.978748989378109724e-01
95 32 -4.531847827047434385e-01 1.415357525532617011e-01
96 32 2.775662652737337366e-02 -2.936475641427800931e-01
97 32 -7.019075908235733463e-01 -1.919208624604220370e+00
98 32 7.930006893460441741e-01 -1.498066974434907106e+00
99 32 4.409145245181949058e-01 5.997161513384596798e-01
100 32 3.667557625624376372e-01 1.911979546507546202e+00
101 32 6.780640954017564948e-01 6.987958638454547788e-01
102 32 -2.416684911483349962e-01 5.270512221445233791e-02
103 32 -7.524254338106214357e-01 -4.202066261145817605e-01
104 32 -6.692209646575381088e-01 2.600600949870310319e-02
105 32 -2.884914355177599088e-01 -9.175801695432945770e-01
106 32 -3.342622343707262744e-01 -1.301673390796695973e-01
107 32 4.987863631653722263e-01 6.507542689889496135e-01
108 32 -1.282914616049052325e-02 2.364315012553889872e+00
109 32 -5.277696240347746759e-01 7.687236739421320353e-01
110 32 -1.926368762247584687e+00 4.026395032422779852e-01
111 32 -9.124857184389818521e-01 -7.656614250976391256e-01
112 32 4.819986668285786147e-01 -3.880322981477666855e-01
113 32 1.934452188297756781e+00 -7.934136896366471570e-01
114 32 1.830162609718676059e+00 2.275927102699357440e-01
115 32 1.090914938146284152e+00 2.383192002557168176e-01
116 32 -5.427880218441722970e-01 1.027745135240739405e+00
117 32 -6.481979254204385255e-01 -4.953692938296178766e-02
118 32 -1.278960991133256009e+00 -4.377815509845321973e-01
119 32 7.629660971042413475e-01 -1.758828731915865085e+00
120 32 6.570543130530270837e-01 -9.168879758300655380e-01
121 32 5.951580479386374689e-01 -1.723894206970039700e-01
122 32 -1.268967056793668169e+00 1.560339479627483206e+00
123 32 -1.170249837182860908e+00 1.481225820313146979e+00
124 32 -6.277212220151522359e-01 9.714885487205263681e-01
125 32 1.731099956119190875e-01 -9.590860137598959945e-01
126 32 9.935140152718768825e-02 -2.133936317342680078e-02
127 32 1.603618180038801078e-01 -7.053946328715006153e-01
128 32 2.627083859774737018e-01 -3.454666377883010009e-01
129 32 -8.457921532973543544e-01 -6.506434050319840345e-01
130 32 -2.169827948892344427e-01 1.222913731613764154e+00
131 32 -7.827664474768533109e-01 1.376517231172218692e+00
132 32 6.823090791619702555e-01 4.216187126901500548e-01
133 32 -8.795417244025384162e-01 -4.231859835816352278e-01
134 32 2.805733770588431097e-01 -4.776352027489511043e-01
135 32 -1.384490724293471753e-01 -6.489080349198333986e-01
136 32 5.191423676846975699e-01 -9.067824533252503150e-01
137 32 1.452922792269798202e-01 9.179144319731739055e-01
138 32 1.172246419962778230e+00 1.077370703190863699e+00
139 32 -4.072430532396027758e-02 4.772886174996232023e-01
140 32 -6.457837797401296820e-01 -9.089643316517279636e-01
141 32 -4.000690622218977532e-02 -5.122585271276710595e-01
142 32 9.127290251297958124e-01 -1.289416531220816564e+00
143 32 5.121919281462032902e-01 -6.099165415318171801e-01
144 32 -7.955912524645865069e-01 -2.735346531565539530e-01
145 32 -1.193762625601637595e+00 9.164048503716473726e-02
146 32 -1.061199856713900269e-01 8.616547739721025501e-02
147 32 -4.034653661614240328e-01 3.286568021677022111e-01
148 32 2.009436594894122019e-01 2.434570996805489607e-01
149 32 -5.315595592001829545e-02 -7.332692979590797744e-02
150 32 1.998261993022689698e-01 -4.263350110462676978e-02
33 33 1.441277770118392754e+00 3.354858196898127254e+00
34 33 1.505662258359778127e-01 4.395096706586850921e+00
35 33 -1.262685381777669313e+00 -2.295819910497835625e+00
36 33 2.760925975251749431e+00 4.170256530287355545e+00
37 33 3.270371050812662883e+00 -8.345964379496509267e+00
38 33 -2.365579878345291043e+00 1.280495078972214706e+01
39 33 -1.273168147306699582e+00 1.718683852149927471e+00
40 33 3.897599996057643512e+00 5.814643125744506591e+00
41 33 -1.173187069854112474e+00 7.273611126009486227e+00
42 33 9.280790569980446492e+00 4.011521610914779323e+00
43 33 2.274074521269864313e+00 -1.164458036721953915e+00
44 33 -5.058668308647833456e+00 -1.707482717212209122e+00
45 33 8.855858015050993570e-02 -3.811041684842437771e+00
46 33 6.753479397201068934e+00 -4.090993270357267342e+00
47 33 -5.922544010271439952e-01 -7.012054634601428971e-01
48 33 3.939910408201803715e+00 1.754898896478744419e+00
49 33 3.873131381043564581e+00 -1.708820655404619915e+00
50 33 -2.042831005168746383e+00 -1.790490517399494053e+00
51 33 -4.837862558106506228e+00 3.176651171071553481e+00
52 33 -2.156529596892154121e-01 2.936887268087800429e+00
53 33 -1.481440250589083352e+00 2.006664143968227343e+00
54 33 1.024139164240107647e+00 2.054874370064511790e+00
55 33 4.141688203030260418e+00 2.049551528555215274e+00
56 33 1.841452915755766639e+00 -1.072114500522898473e+00
57 33 -1.716911075342766102e+00 2.384448967631993543e+00
58 33 -9.125592832641963303e-01 3.025844021158306862e+00
59 33 1.974218311655798530e+00 -1.379930911289510620e+00
60 33 -6.818683854515412701e-01 5.352429274392092040e-01
61 33 -2.227629241491905443e+00 1.398085975870086761e+00
62 33 2.844351690523893028e-01 3.050928656717302734e-01
63 33 -2.500798024850004797e+00 -1.546294537395196622e+00
64 33 -3.362974811370984973e+00 -1.399519223385111255e+00
65 33 7.751536395902856036e-01 3.281029878691289481e-01
66 33 1.147392260118044627e+00 -1.516973476721771075e+00
67 33 9.139530207777610826e-01 -1.768701732409107219e+00
68 33 2.537379033196200062e+00 9.211880327406511970e-01
69 33 2.316220569215635461e+00 -4.516717279871773072e-01
70 33 -3.495825272837962960e-02 -2.158024241427062950e+00
71 33 -1.815983516889147831e+00 -5.379327398170795638e-01
72 33 -9.799200023173401108e-01 -6.843376462363044421e-01
73 33 -2.916246927119870991e-01 -4.566541810832029924e-01
74 33 -4.380195955932002505e-01 -1.087338347629868140e-01
75 33 1.602747325317966265e+00 -6.035204482480323041e-01
76 33 2.399989216870339170e+00 -9.114714481934399481e-01
77 33 -2.669477616772830686e-01 -1.127633217533304366e+00
78 33 2.648044511060169692e-01 -4.929657716220333663e-01
79 33 2.973550946732134825e+00 2.363113329145885566e-02
80 33 1.532673377714810048e+00 -5.921466458158340940e-01
81 33 -1.240675868354550460e+00 -7.782852964484786584e-01
82 33 -2.185656792453778419e+00 -2.095964002931756553e+00
83 33 -2.481892798175145298e+00 -1.004948069684933110e+00
84 33 -1.452576637764264378e+00 8.174787219462955612e-01
85 33 1.525882754690155441e+00 1.107939989987221319e+00
86 33 1.221587464334354722e+00 -6.919030956205499683e-01
87 33 2.288808470977079512e-01 -2.604933059795492278e-01
88 33 -5.281571905704203207e-01 -6.225591592419921216e-01
89 33 -6.018497564375520081e-01 -1.465948435603843469e+00
90 33 -2.070409922763526644e+00 -1.049941135380337842e+00
91 33 -3.724871748331969878e-01 4.703118991399826143e-01
92 33 3.976329773393470490e-01 -6.699656972815959399e-01
93 33 8.697239796000690859e-01 -7.771349461223491240e-01
94 33 -1.689850804433852272e-01 5.685371411571858019e-02
95 33 1.416401992517457575e+00 -1.656161523084279663e-01
96 33 -1.388952655805886449e+00 -1.148079618968824267e+00
97 33 -1.639677852421153270e+00 -1.282184106238507093e+00
98 33 -4.833250053702560778e-01 -1.163507759037833544e+00
99 33 2.165421300140839556e+00 -3.190351159427127214e-01
100 33 9.756858032655235657e-01 -2.979572496513334112e-01
101 33 3.108587067978625385e-01 -5.193722574401244962e-01
102 33 -1.191416236360619552e+00 -4.751723730397410805e-01
103 33 -4.453872825036581662e-01 4.699687269609262308e-01
104 33 -1.105123278556635169e+00 -9.349000820023872782e-01
105 33 -3.878884803491109978e-01 -6.797660962926421746e-01
106 33 1.710346894616205093e-01 -1.428703333611309190e-01
107 33 1.095253671872538526e+00 1.993750590713089244e+00
108 33 9.394301417838107904e-01 1.596265432097177417e+00
109 33 7.324595080513555123e-01 2.796008905628566854e+00
110 33 2.925642126767805454e-02 -4.672142466484771051e-01
111 33 -1.004943412381277268e-01 -6.476792334794931882e-01
112 33 -2.683786214445207374e-01 -2.209133075551682257e+00
113 33 3.207018596920978015e-01 -4.513542761661196168e-01
114 33 1.348168924894021847e+00 4.890566341619786983e-01
115 33 2.045025608705104136e-01 2.050086378009783328e+00
116 33 -1.008709836983054720e+00 3.066845285439397384e-01
117 33 -1.675367925821309889e+00 4.614507286586286283e-01
118 33 -8.984451302162013153e-01 -4.994350974138667132e-01
119 33 -6.106431677854575746e-01 -1.179755440046171611e+00
120 33 2.172936106786405031e-01 -1.005210921791610978e+00
121 33 1.000081479587813904e+00 7.107716031542707924e-01
122 33 1.421762555571097764e+00 1.239482642218163955e+00
123 33 -3.214206148025555709e-01 4.497104937590905571e-01
124 33 -9.284694120120629002e-01 7.301045819725764108e-02
125 33 -3.703603025964024020e-01 -5.090571334776345935e-01
126 33 1.408605693504980105e-01 1.899450370524335407e-01
127 33 5.946479474271981758e-01 -2.347155471656016401e-02
128 33 7.434964144540938680e-01 1.494001716088890208e-01
129 33 1.451885827892610337e+00 -4.438968680944502809e-01
130 33 1.634139376940018096e-01 -5.503224142580311895e-01
131 33 -7.285971683383988262e-01 6.770293464493701285e-02
132 33 -1.799017874775690418e+00 1.814949233811356866e+00
133 33 -7.556013082187075236e-01 7.287176308968297267e-01
134 33 1.628782208683534349e-01 4.575777678941376769e-01
135 33 9.125587888856457885e-01 -1.013106872176892548e+00
136 33 3.958030627057074202e-01 -3.217795368881516405e-01
137 33 1.965957623170883073e-01 -1.309307871709827764e-01
138 33 1.817617612328388255e-01 1.477260382025907814e+00
139 33 -5.772977377990675674e-01 -1.544329920143946155e-01
140 33 -1.156021541641060413e+00 6.220135437660667677e-01
141 33 -9.237399809893952485e-01 -8.652471519395507626e-02
142 33 6.854611404149076881e-01 -3.989521586037980128e-01
143 33 2.146510271186755636e-01 -1.592991124908135658e+00
144 33 7.869031979557515877e-01 -5.297083657879791962e-01
145 33 -5.725691581376844697e-02 -4.527568645203103870e-01
146 33 -5.612781954337142665e-01 -5.078674895945747281e-01
147 33 -1.176564058416896819e+00 3.687500731109506769e-02
148 33 5.873201109078639570e-01 7.636413207136533154e-01
149 33 1.745676766810111968e-01 5.104488703447931375e-01
150 33 1.631476553721207534e-01 -2.377639088604395490e-03
34 34 -3.711733918721121572e+00 -2.687562086603000111e+00
35 34 3.266061208893868972e+00 5.046436687311937064e+00
36 34 -6.900765608164144638e+00 -6.749739135780361554e-01
37 34 1.666892064402885509e+00 7.095971988978319267e+00
38 34 -9.081372672328111406e+00 -2.722645426991207707e+00
39 34 6.450483469879686460e+00 6.395977816859105936e+00
40 34 -3.701696684261542636e+00 1.196470628664133562e-01
41 34 -5.525184006377558354e+00 -1.439545699407053014e+00
42 34 -3.281304208990644788e+00 7.732650939909895271e+00
43 34 1.677254211966285213e+00 -4.227072958788335555e+00
44 34 -9.751662127246911727e-01 6.309763216457355828e-01
45 34 -6.077421930435609188e-01 4.401587747970754805e+00
46 34 3.433600591157825122e+00 -1.984546899114623120e+00
47 34 5.374201560604588757e+00 -2.032673812804885127e+00
48 34 3.153379012831193151e+00 5.649159589561198125e+00
49 34 3.409434466234714911e+00 1.834161986265267830e+00
50 34 -1.868820292587200171e+00 -1.432126230635278219e+00
51 34 -5.290864200418474717e+00 -2.931866891200274328e-01
52 34 -1.857888672397843610e+00 2.477814896012991319e+00
53 34 -3.746227508929244276e+00 -1.419504291418211883e+00
54 34 -3.600167821553369230e+00 1.805160693690283313e+00
55 34 -3.064537033003860156e-01 3.372091617411587361e+00
56 34 2.250069024347624236e+00 9.062999191257846698e-01
57 34 -4.669080930389646333e-01 1.350438230432616793e+00
58 34 -2.512984979580061839e+00 2.931221570696118217e+00
59 34 9.638076630535045153e-01 -1.546252224514309548e+00
60 34 2.098834632036179926e+00 -3.334128540086188419e+00
61 34 2.610782398100714996e-01 -1.334563327969301161e-01
62 34 -1.512216463995003368e-01 6.165915949764831927e-01
63 34 8.161313615796764731e-01 1.275200895071802731e-01
64 34 7.730989501455384216e-01 -8.227618713435813635e-02
65 34 1.099839966292669224e+00 -2.121416304476518633e+00
66 34 7.249725413808316699e-01 -3.901316045091882678e+00
67 34 -2.713402655470792402e-01 -7.511224029352469023e-01
68 34 3.351853730737457404e-01 2.524088323835377956e+00
69 34 1.552357759515784696e+00 1.679903068749386330e+00
70 34 4.542516484495433549e-01 3.913575813601922748e-01
71 34 3.950713278897314829e-01 2.469881199467071353e-01
72 34 8.587934658621312334e-01 -8.423224775030895284e-01
73 34 -1.532135874429447320e+00 -3.294222593365449203e+00
74 34 -1.288490601496318444e+00 -3.092640302357246185e+00
75 34 4.547729126629225793e-01 -9.247804286633310999e-01
76 34 9.431699493830372205e-01 -1.087468917859254480e+00
77 34 -3.423241336358645581e-01 -1.067054305484443022e+00
78 34 -1.159754318336448042e+00 1.474540208166419397e-02
79 34 5.607647078324499157e-01 -5.913338885612167140e-01
80 34 -9.528000388599472403e-02 -1.481497731308952792e+00
81 34 -2.162744314922853128e+00 -6.698852510642634428e-01
82 34 -3.679643399545619586e-01 -5.963436595579720834e-01
83 34 2.268788410247317422e-01 -2.175978871804865822e+00
84 34 -3.649100665090987405e-01 -2.663872530890330381e+00
85 34 -1.247847373420448491e+00 3.669800932060492960e-01
86 34 -1.487444201409585109e-01 1.368691355118975883e+00
87 34 -4.489702461854023774e-01 1.150736447687462194e+00
88 34 3.195161236870455168e-01 5.807661912547816829e-01
89 34 4.000829703569271922e-01 2.468140271702953109e-02
90 34 1.577860945524241387e+00 -1.573630898795367550e+00
91 34 -3.917346917126917627e-01 -5.283551066405122176e-01
92 34 -7.500759664982268315e-01 -5.291666656724410833e-01
93 34 -1.431006941847517755e+00 8.286662825022811374e-01
94 34 1.179203549019889108e+00 1.151370160021775169e+00
95 34 7.070071640499772103e-01 1.811940627231187539e+00
96 34 9.366888621600549802e-01 -9.077142339455301911e-01
97 34 -7.185490795605026237e-01 -8.481452085906688865e-01
98 34 -6.646721753603629379e-02 -7.277110465775902259e-01
99 34 -6.220165779776870574e-01 -1.676180414682086894e-01
100 34 1.025332161973470546e+00 1.935710023648796740e-01
101 34 -4.496018025716967403e-01 1.497326705194843788e+00
102 34 3.123262509883074078e-01 9.701620109598529940e-01
103 34 -5.016378500963776244e-01 1.025960820208533519e+00
104 34 1.059268023413286741e-01 1.896171283002021923e-01
105 34 2.138103692706065928e-01 -9.237813638055781817e-01
106 34 1.309607221747623784e+00 -6.158381986627390337e-01
107 34 -2.255874792133616968e-01 -2.483205530754790946e-01
108 34 3.042749004504530230e-02 9.165804823840459914e-01
109 34 -1.319633823201555201e+00 1.727941364136209357e+00
110 34 -1.028548371490597191e+00 2.372915288096459907e-01
111 34 -1.660244116110186852e+00 -4.005090850648601597e-01
112 34 8.252299546840906608e-01 -8.185389060306691444e-02
113 34 1.614929756325394372e+00 1.868586574191396787e-01
114 34 2.116459432918796679e+00 -1.184040702958002234e+00
115 34 6.628610798367967627e-02 4.129865014783369315e-01
116 34 -4.903115537772037014e-01 8.609519368183363719e-01
117 34 -8.858512819992910847e-01 1.537004896853644720e+00
118 34 -5.627664214541625021e-02 -5.299775564472271050e-01
119 34 7.589846168720253416e-01 -7.645411679751523693e-02
120 34 1.111775571632886539e+00 -1.729213776031680139e+00
121 34 1.302373219407973348e+00 -4.306149983884584587e-01
122 34 6.404640882015896208e-01 -1.176283427801745884e-01
123 34 -2.409641700439029144e-01 4.735758284036810095e-01
124 34 -8.752535346318937037e-01 4.844291357728595926e-02
125 34 2.961416108162390204e-01 -3.462174928924520168e-01
126 34 -1.042101893866216988e+00 -6.307918197568546104e-01
127 34 -7.036098199578562085e-01 1.629340215767995093e-01
128 34 -4.351506860430203183e-01 5.864233784294314855e-01
129 34 7.296718531675023822e-01 -2.864868764776161703e-01
130 34 1.208960490619462314e-02 2.350341755200391625e-01
131 34 1.518908490995643512e-01 6.934135961732614817e-01
132 34 1.184744914359633916e-01 5.791071198325717928e-01
133 34 -3.424777977826255482e-01 1.424419630675978210e-01
134 34 -1.055244588812646489e+00 4.106810083390290411e-01
135 34 7.637970230371317337e-02 1.052019859765075394e+00
136 34 1.830709000384703522e+00 1.456187453251702457e-01
137 34 1.453273319186607626e+00 1.566778662750721307e-01
138 34 4.855355620395315208e-01 7.854875917122192130e-02
139 34 1.596706146953651428e-01 4.310414717243437610e-01
140 34 -5.111229207723880230e-02 -9.025616436255884389e-01
141 34 -1.357662705063601871e+00 -7.058416236331167548e-01
142 34 -3.389129368844948642e-01 -1.752901373947011454e-01
143 34 3.859039007459857951e-01 3.719474875325580743e-01
144 34 5.199458201088476006e-01 -1.460227374625498453e-01
145 34 -6.797797564865442066e-01 -3.449172420235573910e-01
146 34 1.145802225844625433e-01 1.515992732817751376e-01
147 34 -5.414308527768964263e-02 -4.603960823884787334e-01
148 34 5.656320678878494768e-01 -5.836307335807393581e-01
149 34 -1.679301036820465276e-01 -5.595815427661918751e-01
150 34 -6.661621594019314641e-01 1.687724631474799009e-01
35 35 -6.173929696371015297e+00 -1.613004050857204552e+00
36 35 3.772721861500999641e+00 -1.794084455972827508e+00
37 35 -4.977324334099372471e+00 -1.254348627158941909e+00
38 35 3.529036336909754379e+00 3.161547040900967165e+00
39 35 -5.992787733007693518e+00 2.766598283456200402e+00
40 35 8.147739679212145703e+00 -5.474922046215014326e+00
41 35 -2.973568775020739352e+00 -5.057505393856859932e+00
42 35 -6.090351939401247527e+00 -5.976346491407151795e+00
43 35 -2.318260125703604402e+00 -2.171727444337959501e+00
44 35 -9.154880612248415872e+00 -5.473696174434251382e+00
45 35 -3.704162532588056944e+00 4.645522332575903413e+00
46 35 3.653606277468631536e+00 1.025461489946017046e+00
47 35 -1.914352339178120754e+00 -3.618613792968423670e-01
48 35 -4.010121750704349175e+00 2.625459878990490825e+00
49 35 2.399174986100303997e+00 6.012219903977624291e+00
50 35 -1.594099275598467091e+00 1.595699654431154579e+00
51 35 -1.534862033031094697e+00 3.362120827955391800e+00
52 35 2.733770572768913443e+00 3.959062288985053968e+00
53 35 2.311840197108574912e+00 -3.920290952946741125e+00
54 35 -1.041898501144722600e+00 -5.901667152300654529e+00
55 35 -9.288121579532209182e-01 -2.398914191774844107e-01
56 35 -1.028201529123475622e+00 -2.785611152927457201e+00
57 35 -1.053406480318370697e+00 -5.093981310072416946e+00
58 35 -3.053811457106496707e+00 4.082188994395538062e-01
59 35 1.307544464760788561e+00 5.620297377160775598e-01
60 35 5.170282430667219042e-01 -2.287469359606965291e+00
61 35 -2.036996428847761997e+00 -1.323104461391040543e+00
62 35 -2.329378760676978910e-01 -1.805866016106840444e-01
63 35 -1.015204578510168432e+00 -4.996876772325788418e-01
64 35 -1.799951142457004050e+00 3.753211892789216075e-01
65 35 -7.728783126016636196e-02 1.430665699208039987e+00
66 35 2.484394779055682179e+00 -1.425512961193707628e+00
67 35 8.888571443874395683e-01 -2.007408304933208321e+00
68 35 -1.689799694749450243e+00 1.398515336633116835e-01
69 35 -2.045500634858568922e+00 2.199633715208507700e-01
70 35 -2.411216790603972093e+00 -1.161373151149390770e+00
71 35 -2.163363884041758389e+00 3.019667988511214873e-01
72 35 -9.915847957878987096e-01 1.864215177327388062e+00
73 35 2.764110811269784307e-01 -4.690961512649338694e-01
74 35 5.513012449375425117e-01 -2.520965327970584369e+00
75 35 5.932308676267605829e-01 -3.395951084213214788e+00
76 35 1.421325721592287261e-01 -2.391042254287389035e+00
77 35 -1.279542005423640383e+00 9.148788934092180192e-01
78 35 -1.849058389214874198e+00 2.217174441909381954e+00
79 35 -5.460208475573320452e-01 5.679289206860448358e-01
80 35 -1.467061349733089992e+00 -1.130841119859795185e+00
81 35 -3.066859103539781639e+00 -5.756097744700459096e-01
82 35 -2.474496210550813924e+00 -3.562407630903575151e-01
83 35 -8.991748442826830168e-01 -1.764135880706994841e-02
84 35 -1.118785159537568408e+00 1.061922123494780795e-01
85 35 7.767544793402185732e-01 -3.795349347595085576e-01
86 35 1.143143540199526909e+00 -4.996815268395888299e-01
87 35 -1.391317929924921426e+00 4.224477145593480421e-01
88 35 -2.948245402294157103e+00 3.162784456197914040e-01
89 35 -1.394465371093958073e-01 7.078917779577816871e-01
90 35 -7.644478246437995672e-01 1.248338681064661559e-01
91 35 -4.130327734710055321e-01 4.268678577143366626e-01
92 35 -2.508940207254852783e-01 5.283275947055391386e-01
93 35 -8.766929172385073965e-02 -2.854756748398851185e-01
94 35 -1.086604098703153554e+00 -1.337550252852662380e+00
95 35 -1.052374999609902329e+00 1.268613690823797935e+00
96 35 -1.380214586996381776e+00 8.897446978515024529e-01
97 35 2.646889637505788206e-01 5.767988324546300394e-01
98 35 8.745603140203831449e-01 -2.840570794554117540e-02
99 35 9.189975845911413366e-01 2.982993779669126932e-02
100 35 5.710070619880105447e-01 -1.353443355400730796e+00
101 35 -9.331188742085393395e-01 -2.916152867134359505e-01
102 35 -2.671494813205633534e+00 -6.376426780196338129e-01
103 35 -4.036834651165947641e+00 1.504881927561438237e+00
104 35 -1.302423077168955556e+00 1.194346322197769261e+00
105 35 1.854549800214786437e-01 8.523638437435524517e-01
106 35 1.241288709098588239e+00 -3.778950918529696557e-01
107 35 6.851125578320325094e-01 1.250714654830774597e+00
108 35 1.987826126106646329e+00 3.135634756162995473e-01
109 35 2.596347905834311964e-01 -3.527692718176544950e-03
110 35 5.507483174494537392e-02 -9.380389288954718019e-01
111 35 -1.669980861960848273e+00 -7.008514030102378500e-01
112 35 -3.785384086192482567e-01 -9.535680237027513995e-01
113 35 5.796873146843519731e-01 5.346862922584078026e-01
114 35 1.938176353219828840e+00 1.157155948051235672e+00
115 35 1.417044526373721469e+00 4.592468228165236255e-01
116 35 1.218267286339966171e+00 -2.895974257918751404e-01
117 35 1.641809959699019883e-01 -6.274154664270247261e-01
118 35 -3.112938479368398403e-01 -1.161576178796692282e+00
119 35 -6.692676376564685725e-01 -8.110460574900956177e-01
120 35 -2.382373423317142025e-01 -1.326073991670849717e+00
121 35 -1.730690858379577424e-01 -5.003735553769073086e-01
122 35 2.127353343296180810e-01 4.320412181381897976e-01
123 35 2.319582324465148115e-01 6.470114834623246214e-01
124 35 -2.153461961717473838e-01 2.098100276329997738e-01
125 35 -1.049512056789336789e+00 3.782261502249286700e-01
126 35 -1.148475399549634401e+00 3.622123209447817294e-01
127 35 -1.097007166266606548e+00 1.154081974071446692e-01
128 35 -1.981202345333864592e-02 -2.896186185493457299e-01
129 35 -4.425040753632750179e-02 -2.475778998711880008e-01
130 35 1.080827341018180343e+00 4.972264972798990934e-01
131 35 9.553366477598053130e-01 8.121173288276856139e-01
132 35 9.260617209933085237e-01 1.660537664477310882e+00
133 35 2.990683452964696398e-01 -4.811835837027707008e-01
134 35 8.377919897515154757e-01 -1.537726045573142575e-01
135 35 4.746586358655605631e-01 -1.438496413843078248e+00
136 35 2.946317728341276698e-01 -3.588934582755504699e-01
137 35 -4.087639191063869859e-01 2.462716321612834491e-01
138 35 1.933885554280273256e-01 1.474922274646407017e+00
139 35 4.832675375124020900e-01 -4.904079485974048302e-01
140 35 2.937021773861625551e-01 -2.912299166400511563e-01
141 35 -3.913465079556871506e-01 -7.557428918644111260e-01
142 35 2.851732690171533968e-01 -8.544325602496196659e-01
143 35 9.575388730458533892e-02 -1.531060165600846457e+00
144 35 1.886689705452296861e-01 -5.280129416267653752e-01
145 35 -6.425796513082333572e-01 5.009151268984428640e-01
146 35 -4.106840447472234201e-01 -1.208876231617137254e-01
147 35 -9.581886439111220177e-01 -7.840041624463475189e-01
148 35 -1.825822538569537301e-01 -2.433738800473671804e-01
149 35 -3.996854150160050745e-02 2.028740662795249228e-01
150 35 7.289251207314323411e-01 -6.214751932546349611e-01
36 36 -3.264017393810108913e+00 -2.465205653796482821e-01
37 36 1.356261290271595144e+00 -4.850555497800939975e+00
38 36 -8.660665964937394046e-01 -3.934213149719690605e+00
39 36 1.012855695788394517e+00 -1.544493759095494634e-01
40 36 2.023629776329572305e+00 6.200815780337268102e+00
41 36 -3.797482984706946230e+00 -5.273520121618497036e+00
42 36 4.807931136271686334e+00 1.028962045846856022e+00
43 36 8.254769386440422574e-01 -1.488139839214139282e-01
44 36 7.998462733763693322e+00 -3.389124507711087197e+00
45 36 -4.148557037822036442e+00 2.859432284764580778e+00
46 36 1.405241658281341843e+00 2.576334862604290898e-01
47 36 3.880394423597395726e+00 -4.751019765484854496e+00
48 36 -3.985823273559759627e+00 -2.175824955231995705e+00
49 36 -5.144642233328763581e+00 1.705173337905588449e+00
50 36 -7.562894172457032549e-02 -8.826977396817580201e-01
51 36 -3.822685342351025195e+00 1.786518257233239648e+00
52 36 1.333851383828684511e+00 5.168705573632196959e+00
53 36 3.733504441949472064e+00 9.706482461961684072e-01
54 36 1.020878260740285315e+00 -5.216537172947582235e+00
55 36 4.822622376641856334e-01 -2.059810391593134948e+00
56 36 3.707815809217192005e+00 -1.470593696123162042e+00
57 36 2.483710503047501308e-03 -2.145381805858310287e+00
58 36 -1.061776178634753209e-01 -1.686633738651097669e+00
59 36 2.559293748892917275e+00 2.468506594594645609e+00
60 36 -1.088966676312568688e-01 -6.261665824527834490e-02
61 36 -1.455119190750646219e+00 6.399823197521196105e-01
62 36 -2.801342350812290050e-02 2.082835030372857776e+00
63 36 1.323508852875433073e+00 -2.105077645083715421e+00
64 36 -1.002065962160965551e+00 -2.024657105002223734e+00
65 36 -2.607951041042645191e+00 -2.600777056526749897e-02
66 36 8.450564475289309430e-01 3.412557823415036107e-01
67 36 5.036362483543632695e-01 9.667817215428936573e-01
68 36 -3.980678710922797570e-01 2.444288014762976857e+00
69 36 1.527487215205232562e+00 1.009707350271770832e+00
70 36 9.033624044297019484e-01 -2.999525309575414411e+00
71 36 -1.334426284783740480e+00 -3.490553604342256921e+00
72 36 -1.277145935209467842e+00 -3.522729852552006768e-01
73 36 -2.840371694321939255e-01 1.045065728726349147e-01
74 36 -3.915377956472282373e-01 2.584957341620960358e-01
75 36 -1.833256171879987795e-01 1.440237062218621578e+00
76 36 5.776234943520031084e-01 -1.229699580538348158e-01
77 36 1.452997141622351107e-01 -7.374374608439433487e-01
78 36 -1.972020702765119538e+00 1.361180883777915573e+00
79 36 -1.989795220855932412e+00 1.743960710952949134e+00
80 36 3.490447700933970721e-01 -6.667717712643596029e-01
81 36 1.014011282208350684e+00 -8.567267223072547733e-01
82 36 4.585519667518556663e-01 1.357681700775708267e+00
83 36 1.092612763314307234e+00 5.199643628813531704e-01
84 36 7.627935976845856558e-02 5.788649658754968508e-02
85 36 -1.011972264982574643e+00 2.346824324493536618e-01
86 36 -4.180160817803083018e-01 1.737195909919068415e-01
87 36 -1.095148021810619932e-03 8.274705200794365556e-01
88 36 -9.910291593795883536e-01 1.071778589523647351e+00
89 36 3.072605859867682532e-01 -7.680884828643075313e-01
90 36 -8.122349372519765964e-01 -3.057830472287978996e-01
91 36 -6.358824788554622298e-01 7.429686853062000829e-02
92 36 -5.105541827450511549e-01 3.803787208550475363e-01
93 36 1.387822745409612368e+00 -8.315845859109475269e-01
94 36 2.233186225018942983e-01 -2.890007686190738667e-01
95 36 1.276394895275280827e+00 -1.820827378765141447e+00
96 36 -6.913018378656305973e-01 -1.926785916279668553e+00
97 36 -4.313609843647757125e-01 -1.862034692008327275e+00
98 36 -1.909944086992102275e+00 7.440151301438389098e-01
99 36 1.497576531961689383e+00 -1.711014337308534305e-01
100 36 7.453780201181314791e-02 1.441863132808319237e-01
101 36 1.983606153347197809e+00 -7.959120405705505386e-01
102 36 -8.084158258140722308e-02 3.783291030746813721e-01
103 36 5.405984240990349132e-01 -1.248555342520420774e+00
104 36 -1.249631492917559816e+00 -1.378660846987015631e+00
105 36 7.509521769150443449e-01 -7.461796102660134267e-01
106 36 -1.060501142299766997e+00 8.653263735527935152e-01
107 36 9.372252138499217455e-01 8.839388998984128998e-01
108 36 -8.113903713992360878e-01 8.773340592589619069e-01
109 36 -1.397207956540258145e-01 8.061760151163739341e-01
110 36 -8.480714586548865341e-01 1.528838417826597351e-02
111 36 6.357507553288583857e-01 1.525211960077774154e-01
112 36 3.872247009240685489e-02 -7.571326880250471847e-01
113 36 1.367355966460831684e+00 4.514276590296000258e-01
114 36 2.752262081631881019e-01 -5.824932265264017861e-01
115 36 1.168583192710003660e+00 4.082510388902442777e-01
116 36 -1.482138194642008466e+00 -4.923147299270180244e-01
117 36 -6.544142667486685383e-01 8.807084893890684274e-01
118 36 -5.440354316995728023e-01 -7.071200914847901586e-01
119 36 1.291870568963330079e+00 -1.038630122492090857e+00
120 36 -1.139273640506603735e+00 -1.328957469041113670e+00
121 36 -3.007382065035818508e-01 3.417166222357177485e-01
122 36 -1.342118446027344980e+00 3.542989697124758752e-01
123 36 5.394584343892866451e-01 -5.797394031356441213e-02
124 36 -9.219327095740079692e-01 3.888990115424875160e-01
125 36 8.007321154577399236e-01 9.075296793040141807e-01
126 36 -4.860455271978592062e-01 2.820734700958279495e-01
127 36 7.378262252242703823e-02 -9.142192889927163169e-01
128 36 -4.808929756822991064e-01 -4.139522190953555669e-01
129 36 1.018229560187492888e+00 -4.109358063733077882e-01
130 36 7.399736356779659241e-01 -5.430015194681084845e-01
131 36 8.557408971917558616e-02 -3.277095102760504419e-01
132 36 -3.920654502462274649e-01 8.926953962805339593e-01
133 36 -3.229919462208167280e-01 4.952450974362563874e-01
134 36 -5.414090804549553937e-01 -5.556843688100674417e-01
135 36 -6.051718129882948521e-02 -7.400408327191849711e-01
136 36 1.110093237522224108e+00 8.843210111882349178e-02
137 36 7.810233692258069516e-01 -1.281039218637091137e-01
138 36 -2.335821545631096285e-01 2.645614126954488887e-02
139 36 -7.208391462144627670e-01 -5.478733045885614272e-01
140 36 -5.085095451649846998e-01 -5.697146908171882296e-02
141 36 3.689035410445693497e-01 -1.023718716178465771e+00
142 36 9.817128534454671041e-01 2.337905343210129605e-02
143 36 7.970697470627474690e-01 -8.170979911991641531e-01
144 36 3.452261913372422497e-01 2.938999880713424884e-01
145 36 5.777306980027990813e-02 -4.414728750355479958e-01
146 36 -6.196968845166314077e-01 4.192488817355358721e-01
147 36 -1.145253709795322816e+00 -1.321333224100728343e-01
148 36 -6.864699946485541826e-02 -5.828205809259056069e-01
149 36 -3.678475100627613403e-01 -8.792146550841820618e-01
150 36 -6.005084639213509323e-01 -7.239636634831737583e-01
37 37 3.443148949526040337e+00 -1.150821306221010421e+00
38 37 -1.509632029986710755e+00 -1.081303961806873160e-01
39 37 2.610925259876290205e+00 -4.440988633271143016e+00
40 37 -6.351953908865803911e+00 -2.106299536601778044e+00
41 37 2.924551498302725872e+00 1.920062620139231513e-01
42 37 -1.199183407347715757e+01 3.903960113483171401e+00
43 37 5.060504264320210055e+00 4.319748132579460886e+00
44 37 3.226482162070921422e+00 3.912131597889764389e+00
45 37 2.533890346756574985e+00 -1.351809251438611303e+00
46 37 4.271113901396707213e+00 6.221998372239122332e+00
47 37 1.742241460447115475e+00 -1.793759901406407842e+00
48 37 -2.010255735668406540e+00 -6.336745464415775686e+00
49 37 -9.777846380237842361e-02 4.212141086512469212e-02
50 37 1.396800044368667892e+00 2.619585410299951622e-01
51 37 -1.643990582292782054e+00 -4.136562336597535250e+00
52 37 -4.994777845284077422e+00 2.844635062580149754e+00
53 37 -4.599296496301221726e-01 9.438968299201040413e-01
54 37 -1.645118546271732290e-02 3.811334806284716326e-01
55 37 -4.734177760269005830e+00 2.648878289739089897e+00
56 37 1.284615628875086291e+00 2.943727557781412152e+00
57 37 2.145560929411101103e+00 -1.569084102296955385e-01
58 37 4.003380246640185214e-01 -1.703395644172861212e-01
59 37 8.108356549288724402e-01 2.834585135191737493e+00
60 37 1.259963221177195614e+00 2.686861161050208668e+00
61 37 -2.749089290611002934e+00 -6.888607068024227287e-01
62 37 -6.722702814019690942e-01 1.507247712939695283e+00
63 37 3.261540252341613488e+00 2.110292986870479393e+00
64 37 3.056510166545150398e+00 -1.747734792690223360e+00
65 37 2.262179655781047849e+00 -2.113806174904335755e+00
66 37 4.546928727884550492e-01 -4.981473473066059809e-01
67 37 -1.680352838105395152e+00 -1.025301182497414754e+00
68 37 -3.241389453575780788e+00 4.674552382683836993e-01
69 37 -1.819198750087577254e+00 1.206838116570771557e+00
70 37 5.834843861003591314e-01 -5.013853069634954807e-01
71 37 3.343163083445364614e-01 3.272936020983766570e-01
72 37 1.996874778274877749e-01 5.841769626539466964e-01
73 37 1.036352210782306882e+00 -6.730808677937059059e-01
74 37 -1.806647011296699246e+00 1.891960583977259636e-01
75 37 -2.214596221023499290e+00 1.060208671637053568e+00
76 37 2.975364787150895363e-01 9.816383429038204600e-01
77 37 -4.448683769909009267e-02 -1.310286823198280326e-01
78 37 1.720701985285316982e-01 -3.144526255208623389e-01
79 37 4.392449059690484159e-01 5.069207419746928345e-01
80 37 5.768111706296022434e-02 -2.004121291959146678e+00
81 37 -8.141588567484026040e-01 -1.923537737468587583e+00
82 37 -7.212990134964013533e-01 3.170876542685768573e+00
83 37 5.823615420079615301e-01 3.578974379997619248e+00
84 37 7.418454464866931775e-02 4.558163732917819289e-01
85 37 -7.523630351567004437e-01 -7.616111652217106842e-01
86 37 3.206651631771925137e-01 -7.629650725832110014e-02
87 37 -1.151153416146895314e-01 -2.119707954015458695e-01
88 37 -8.271295467174015759e-01 1.389038529853774850e+00
89 37 -1.457330480335124578e+00 3.301087480887923142e+00
90 37 1.604373559798825122e-01 2.434463595834835736e+00
91 37 -2.667551155237780081e-01 7.012539561260502374e-01
92 37 -4.499636334197216203e-01 1.308499423763886282e+00
93 37 -1.470970633610311218e-01 5.781918452332150959e-01
94 37 1.424861648670784131e+00 1.111154574995391275e+00
95 37 -1.343248210395201203e-01 1.044674568853848573e+00
96 37 1.321866083331266095e+00 8.558566184446788627e-01
97 37 1.272546793940578513e-01 -1.797417979534143839e-01
98 37 9.344419023544091596e-01 -3.716927949745399418e-01
99 37 -3.455020913750985190e-01 -1.028045131080286057e+00
100 37 -2.522555653589762525e-01 -6.105861883923421329e-01
101 37 -1.696232767110523509e+00 3.571091703183505439e-01
102 37 -6.040781752650975500e-02 2.240893910078952889e+00
103 37 -1.310028555138716078e+00 1.538714299523437301e+00
104 37 6.470838693275356990e-01 9.503698617653254521e-01
105 37 5.605804713387815275e-01 6.750026067591556878e-01
106 37 1.606720253187828185e+00 -1.528644744039876213e-01
107 37 1.225073015657343611e-01 7.245805522518876662e-01
108 37 3.176883194815928735e-01 1.813594067755808670e+00
109 37 2.315214101116142564e-01 1.439852745228576092e+00
110 37 5.586203563684580820e-01 -3.763750113204190617e-01
111 37 -9.273862985007466087e-01 -7.804153687347206714e-02
112 37 -1.424335776580380186e-01 2.709917851318011106e-01
113 37 8.089113704083426004e-01 1.255857764940689680e+00
114 37 6.674496205862809894e-01 1.922124323329392481e-01
115 37 -7.313312313751609839e-01 7.197455653299844602e-01
116 37 8.266873918055243908e-02 -3.912737421064774734e-01
117 37 -3.561352253458789918e-01 1.156339276365639379e-01
118 37 -4.413645820207409143e-01 -1.385608234917184767e+00
119 37 -1.069011535027926785e+00 -4.719914239119336052e-01
120 37 6.642279155910835176e-01 -6.663670479513238432e-01
121 37 -9.418073084746774182e-01 7.694509076537381365e-01
122 37 -2.226152265927356100e-01 5.100027884579048099e-01
123 37 -5.763173186540275772e-01 9.313719995957725484e-01
124 37 5.229205828905766351e-01 -4.405370082756261407e-01
125 37 -5.832338416460289832e-01 6.836472912453941952e-02
126 37 2.588726339449131664e-01 -8.550566989083345781e-01
127 37 -4.839672084514960448e-01 -8.805704491618024932e-01
128 37 8.003995262455345649e-01 -1.336486240317211305e+00
129 37 -2.400931143436217385e-01 -9.409733113518412573e-01
130 37 -6.929818257650621760e-02 8.522106029225706703e-02
131 37 2.666552318547375788e-02 1.511512041012778251e+00
132 37 1.759411261014202921e-02 7.462211041101604048e-01
133 37 -3.082603502449854371e-02 -6.139178332463089971e-01
134 37 -4.819161821446598659e-01 -1.403520845950652518e+00
135 37 -8.061577000158172412e-02 -7.430124461076154097e-01
136 37 5.910395290275177738e-01 -1.889699529661238164e-01
137 37 2.409952837669081527e-01 5.294803702297520287e-01
138 37 -2.354246294659407268e-01 9.907129005900640051e-01
139 37 4.391440873359772068e-01 1.293988978731990702e+00
140 37 4.241360263071897729e-01 -7.766087730184388915e-01
141 37 -7.062297153111025683e-01 -1.448119860235081990e+00
142 37 -2.864404778552636088e-01 -6.075211891730022407e-01
143 37 4.576648777359757503e-01 -1.604278002983127172e-01
144 37 4.089936756684868779e-01 -3.934962295949485656e-01
145 37 -1.013706841499618427e+00 2.758456171029207704e-01
146 37 -9.907658824602999514e-01 2.858187864421147806e-01
147 37 -5.142960253577995022e-01 -4.757017330459502036e-01
148 37 -1.033138818265734393e+00 -4.161323601248877457e-01
149 37 -4.867750363308216421e-01 -2.816535277821252126e-01
150 37 8.602523144884975659e-02 3.411451206531448954e-01
38 38 3.869537368971961211e+00 -2.101908461593416710e+00
39 38 1.049153561165280690e+00 6.386123605855191343e+00
40 38 2.952977880224004981e+00 -2.942097074340919605e+00
41 38 -5.558950906994342134e+00 -2.372322320065039403e+00
42 38 2.480156610368898118e+00 -7.942454431707363760e+00
43 38 -6.181328162994478070e+00 7.425062898172594572e+00
44 38 2.901352003376240773e+00 -4.474187322716043802e+00
45 38 -1.061730485599666096e+00 1.391299074548968839e+00
46 38 -5.420514038314759198e+00 -1.871407015294146881e+00
47 38 3.653597821669027912e+00 1.117658213026325065e+00
48 38 -5.954376190368542154e+00 8.419300012415044110e-01
49 38 -2.074926692815513452e+00 1.379584909219664146e+00
50 38 3.660083925479121092e+00 6.121437547677061053e-02
51 38 2.762496752477244577e+00 3.235573647041309342e-02
52 38 -3.593605622003246403e+00 -1.837094911989209933e+00
53 38 -9.076334838548903994e-01 -2.275394520079656147e+00
54 38 -2.783614874350929913e+00 -3.348066747827745715e+00
55 38 -4.847573523890475578e+00 4.643165195457715777e-01
56 38 -2.680625683342805488e-01 6.109062909382917184e+00
57 38 2.640647742383139818e+00 2.662426496029534739e+00
58 38 -1.164800731221139030e+00 -6.843022794188307056e-01
59 38 -2.387031880933618636e-02 1.081159643780802648e+00
60 38 3.956408013502771270e-01 -1.270768792395288393e+00
61 38 -1.927533052497089505e+00 -4.713067601564388198e+00
62 38 -3.120292583172262990e+00 -1.105044548128039761e+00
63 38 6.429997534762856848e-01 -4.344344231001036061e-01
64 38 5.887390846678930423e-01 2.022709335343297887e-02
65 38 1.709722504230022644e-01 1.499207447306419638e+00
66 38 1.847002805851633678e+00 2.736776170712729606e+00
67 38 1.548038901744959395e+00 6.314061282338007119e-01
68 38 -5.970742437904503763e-01 -1.618106536904416526e+00
69 38 -1.540768587723363670e+00 -5.065804609222235300e-01
70 38 -4.813166553115922341e-01 -1.719312823415460878e+00
71 38 -1.482645765236417557e+00 -1.712158650028655194e+00
72 38 -1.421747159078547762e+00 6.551884155806939614e-01
73 38 1.899041677598148681e+00 2.151464145124750704e+00
74 38 2.351617614749240914e+00 4.647252159286839324e-01
75 38 -2.605913378302333050e-01 -2.191464179208097995e-01
76 38 -9.871273341029666026e-01 9.612825121002716022e-01
77 38 4.565703351882310218e-02 4.759688848175967490e-01
78 38 1.977510904951814141e-01 5.468188968080356371e-01
79 38 3.384132058273119359e-01 6.792893721674996277e-01
80 38 1.285812741523743252e+00 -6.141264684090708137e-01
81 38 1.207769002024687177e+00 -1.976258639597678446e+00
82 38 1.020483779424861570e+00 -9.590491499845785750e-01
83 38 2.205666732282057507e-01 1.430008638762483963e+00
84 38 -1.388088320271583687e+00 1.566253548642756455e+00
85 38 -1.103856586143661778e+00 1.293412845107804410e+00
86 38 2.897868143308494071e-01 1.035972914106163101e+00
87 38 1.540458240564052117e+00 -8.726773823675898489e-02
88 38 1.885882996527305400e+00 5.780616709444530432e-01
89 38 8.008005636963572149e-01 1.724033403765247385e+00
90 38 -1.074497194344790074e-01 -3.343039345566573006e-02
91 38 -1.516431828656355840e+00 -3.825998873542986178e-01
92 38 -1.057760503859625167e+00 4.431208395466049721e-01
93 38 6.035263652754769836e-01 3.582180099912278537e-02
94 38 -5.968117906189340793e-04 -8.155160096445615014e-01
95 38 -1.324877516422745982e+00 -4.048760142942700035e-01
96 38 -4.470921448878080739e-01 1.021693515167840793e+00
97 38 -1.357311590617631847e+00 1.585622931258326096e+00
98 38 -1.312417574856016955e+00 5.021427545155414673e-01
99 38 -4.244762244106307092e-01 4.940495532978233517e-01
100 38 1.072022198296499473e+00 -7.906591839216262629e-01
101 38 1.874514646532960127e-01 -1.549526069543853968e+00
102 38 1.120116598390748369e-01 -6.070043110663592145e-01
103 38 -5.216961836159642596e-01 4.315462730087930021e-01
104 38 1.200682365115515848e+00 6.598510196992540822e-02
105 38 7.151006502170783596e-01 1.407211258099943518e-01
106 38 6.666329486840051610e-02 -5.435056732101775090e-01
107 38 -1.067382572592956658e+00 -6.719214853186661340e-03
108 38 3.252017433191614071e-01 -2.087098055567805921e-01
109 38 -4.953682737084411092e-01 -2.588115129496051381e-01
110 38 1.117912870445727236e-01 -3.513393160233193591e-01
111 38 1.530349006944057955e+00 2.352380692454107414e-01
112 38 1.677600689169881587e+00 -3.321355447696774932e-01
113 38 1.067876124814557848e+00 -2.439334065566171050e-01
114 38 7.199873778395772250e-01 -5.176884218060153753e-01
115 38 -3.293230753775912567e-01 1.923405522932622735e-01
116 38 -2.234314951763436863e+00 -1.273831060438971319e-01
117 38 -1.095373831269289777e+00 2.739666883087323868e-01
118 38 -8.383777526201059427e-01 2.452440148595345093e-01
119 38 1.203044455331308882e+00 1.451629407181446729e-01
120 38 7.047405670567359337e-01 6.825479923999863696e-02
121 38 4.805875293848206886e-01 3.087388714063782902e-01
122 38 -1.233353075743625515e+00 8.657891030999628201e-01
123 38 -6.083235244946465919e-02 4.580613544814429172e-01
124 38 -9.944607131764808816e-01 -8.268975892259116112e-01
125 38 -9.675085741146418616e-01 -6.032805405891792372e-01
126 38 -5.244681617388551320e-01 -3.996478033165752342e-01
127 38 1.226703435214793414e+00 -2.154797813808841944e-01
128 38 1.340294626095367203e+00 -1.021633066259000633e-01
129 38 1.091996065280868233e+00 -4.491380241677209173e-02
130 38 3.604844427880212754e-01 7.919323066813818701e-02
131 38 -7.412237487668114078e-01 -2.001544488959040163e-02
132 38 -1.380602430943080439e+00 6.785933669818761116e-02
133 38 -1.161379699004835064e+00 4.887963704885545102e-01
134 38 -4.811486279873191108e-01 -3.123596284110599086e-01
135 38 1.404051585734388929e+00 -7.230473519582842901e-01
136 38 1.307233755822054588e+00 2.506579325402210623e-01
137 38 9.821201163780688415e-01 1.545294984377733050e-01
138 38 -1.561260739736057002e-01 1.614010163091970651e-01
139 38 -6.679313181353918605e-01 -4.942729567872752861e-01
140 38 -1.869235199150945492e+00 -5.458845549200413982e-02
141 38 1.649624081985826829e-01 -4.480488827220824311e-01
142 38 3.478317102413129303e-01 -8.953498070133705800e-02
143 38 3.106835756921910163e-01 -6.030073529860842108e-01
144 38 -6.706587071394756183e-01 -9.354387367565053513e-02
145 38 -2.954431430596435870e-01 2.622578980605956844e-01
146 38 -1.139539020287363980e-01 4.739064024342914960e-01
147 38 -6.632944527759266906e-01 -4.413397735383231546e-02
148 38 -2.398354858739802642e-01 -5.469671021837037017e-01
149 38 -3.578721099541266604e-01 1.734300036754082841e-02
150 38 3.642404723493961050e-02 -3.220154707053211052e-01
39 39 6.036927567801240180e-01 -1.750420091227933073e+00
40 39 3.742053427642095809e+00 5.912579704575066764e+00
41 39 2.136983443870963395e+00 -2.575389334298072264e+00
42 39 1.579925502878456900e+00 1.593858828662864102e+00
43 39 6.900115527476452515e-01 -5.134213703374719273e+00
44 39 3.997033470429859126e+00 1.579721904673682342e+00
45 39 9.396587209277311725e-01 -4.778850211810427240e+00
46 39 1.614310367099581756e+00 1.136063261817512160e+00
47 39 -2.894362649404703447e+00 5.961694200544404687e+00
48 39 2.499814832181759261e+00 -4.548170162964695784e+00
49 39 -2.455028587637583470e+00 5.029650627188633649e+00
50 39 5.184296915716991583e-01 5.430055179272375909e+00
51 39 2.969255814712903341e+00 -1.080419958490245413e+00
52 39 -2.830262866032621449e+00 -1.460544137124591968e+00
53 39 -1.287017893908908750e+00 -1.539976254654562837e-01
54 39 5.392478062401080408e+00 -3.217379479803130327e+00
55 39 -1.763291874239202306e+00 -3.283231472205034862e+00
56 39 -1.619387489291486126e+00 -2.785149892594295462e+00
57 39 3.088355477017258988e+00 -6.559440800913322045e-01
58 39 -2.454771446905353871e-01 -1.139925937235200193e+00
59 39 -2.842971018169640374e+00 8.156398603771158884e-01
60 39 1.312497492875665417e+00 -5.154627903067569017e-01
61 39 1.905156679567428402e+00 -1.357335228467011490e+00
62 39 1.153661332067672962e+00 -2.488900269669117371e+00
63 39 3.083369909064012759e+00 2.397620451427394661e-01
64 39 -8.562448633544731402e-01 -1.918981159370149570e+00
65 39 -3.206079678753251283e+00 -2.901631304259438826e-02
66 39 -3.095689733279431533e+00 4.310642219300691025e+00
67 39 -2.097676468017834139e+00 1.778989262500441759e+00
68 39 -8.913164550713275069e-01 2.237914521918634714e-01
69 39 7.916530019438494659e-01 1.022805059385171411e+00
70 39 2.936396911874379789e+00 5.229674489341248345e-01
71 39 3.273741543826296230e-01 -6.148806083947376822e-01
72 39 -1.629508245101203956e+00 -1.323641610972791371e-01
73 39 -2.530494058917934219e-01 1.180891182284045549e+00
74 39 2.345885381119862945e-01 -3.897131345115425471e-01
75 39 -1.975389131337938475e-01 -5.342058233476905116e-01
76 39 1.382657045739767554e+00 1.487429647832633428e+00
77 39 1.985272745017229390e+00 -1.017964985830147606e-01
78 39 -1.139101075862003487e-02 -1.182223008663213060e+00
79 39 -9.568958053333012082e-01 3.908263726015434592e-01
80 39 -7.233111538176462130e-01 1.184333796711907638e+00
81 39 -1.107845482301080597e+00 -9.393731209638274404e-02
82 39 -5.581995032085635966e-01 -1.794286629351572460e-01
83 39 1.979516375763194391e+00 1.726856877803762069e+00
84 39 2.267517371253664926e+00 -4.213750574003918281e-01
85 39 9.331806328872786771e-02 -2.117656986276379438e+00
86 39 -5.741457140789446578e-01 5.294010596107577848e-01
87 39 1.339491819929646610e+00 1.285329714818709501e+00
88 39 2.847203500530842479e+00 1.306090855313377874e+00
89 39 1.547666512374012093e+00 2.006763921411266249e+00
90 39 4.758931327871632200e-01 7.344303637031748266e-01
91 39 3.244090854429673709e-01 -7.235401686911298313e-02
92 39 -4.739800080210444799e-03 -4.013154596391015350e-01
93 39 5.147474755814854808e-01 2.404539701511336225e-01
94 39 1.323462219927908912e+00 9.081657690652988890e-01
95 39 2.212955702012398440e+00 3.622413471803743179e-01
96 39 2.390001833492397143e+00 -5.464861522101749358e-01
97 39 1.845574074873640225e+00 -3.857010261930800543e-01
98 39 3.099478675311332365e-01 -1.296346168188952930e-01
99 39 -4.536732087533399543e-02 4.845360790590289013e-01
100 39 -1.636674231356758102e-01 -2.746115461884506836e-01
101 39 -1.515950967326238075e-01 2.802643314339214875e-01
102 39 2.710925791552091790e-01 3.211980706919101980e-01
103 39 2.162249519811104026e+00 -3.407360842365548259e-01
104 39 1.005382149551513393e+00 -5.617715935605901434e-01
105 39 9.024471778341522921e-01 -5.620134900211400941e-01
106 39 1.094539292257380225e+00 -3.165517809764398782e-01
107 39 9.258393246012120992e-01 1.665212955904032399e-01
108 39 -2.764356078943220885e-01 -4.763124667116057365e-02
109 39 1.205783868102093148e+00 -4.523436401401351725e-01
110 39 8.822863890209373672e-01 -3.033407057014048114e-01
111 39 1.113229786713064495e+00 -9.959327052771506095e-01
112 39 3.613692296736301657e-01 6.313085674078335874e-01
113 39 1.540264581796385368e+00 1.535223455859494157e+00
114 39 9.541082379892780185e-01 1.930901683271544877e+00
115 39 1.271204981104333109e+00 1.975313747667657438e-01
116 39 -8.473457672174088129e-02 -1.014495936809464288e-01
117 39 2.450728048444123508e-01 -9.275727222188893117e-01
118 39 -4.328868939069702160e-02 -8.890974988883326713e-01
119 39 8.239669208295227198e-01 -1.330445068127952934e+00
120 39 -1.085608011807922546e+00 2.386000305310089220e-01
121 39 9.741316866397820018e-01 9.167854630187873832e-01
122 39 9.263453369668801785e-02 4.731022844516485915e-01
123 39 9.251856286825518305e-01 -4.691297481817743170e-02
124 39 -1.261808212266803952e+00 -5.239190878590476164e-01
125 39 -4.927856190892460075e-01 -3.897696417362477850e-01
126 39 -1.961125409963131672e+00 -1.541780405945830212e+00
127 39 -3.892931890191774630e-02 -8.578626932579589415e-01
128 39 -1.467657935022150140e+00 -4.171365634835893510e-01
129 39 9.384108379956312973e-01 1.578527857157706382e+00
130 39 -1.315977822461701918e-01 1.410559596968931073e+00
131 39 5.527514678042739354e-02 1.551521953302917423e+00
132 39 -1.172070694195685325e+00 -8.224368262103084470e-01
133 39 2.867373128965675644e-01 -1.401699097544035988e+00
134 39 -6.441749921496864317e-01 -2.562124801617855940e+00
135 39 -3.288055974964434469e-01 -5.763849669740257475e-01
136 39 6.388823798093239414e-01 4.620483062177351274e-01
137 39 8.116199887522336232e-01 1.185755393970604699e+00
138 39 2.326054493334962503e-01 5.754797277656925614e-01
139 39 -4.357146947916224478e-01 8.478782959279291820e-01
140 39 3.103026652266988039e-01 -4.097805734300065394e-02
141 39 -6.154531522642407992e-01 -8.349657391206201096e-01
142 39 -3.435504260488430606e-01 -3.251203846555337229e-01
143 39 -2.243888706573786973e-01 6.049642584638595944e-01
144 39 3.817763395483355637e-01 8.812326634947194037e-01
145 39 -4.635613969490148811e-01 -9.811385716278660241e-02
146 39 -2.396905149201781007e-02 1.637384123280934412e-01
147 39 -2.387993210698177715e-01 4.605444599275146378e-02
148 39 8.801333434475694384e-02 5.075175060093312096e-01
149 39 -4.943195588812382413e-02 -3.636336207049241098e-01
150 39 5.336744244180887664e-01 4.511519374636838720e-01
40 40 -6.397876359169452076e-01 2.282368054652756051e+00
41 40 2.662493304931139004e+00 -7.706292619048853432e-01
42 40 -3.001125348789087099e-01 -4.392686451263100311e-01
43 40 3.209559078471075466e+00 2.511090143796587126e-01
44 40 -3.247115989426502924e+00 2.964586661828957137e+00
45 40 3.773963499181997694e+00 -5.205399071651616083e+00
46 40 -3.379299089345177531e+00 3.930915852998377868e+00
47 40 9.478783087767902460e-01 4.921383948849104684e+00
48 40 1.704846352157076694e+00 7.601910088888327088e+00
49 40 -1.103588331859403748e+00 -2.849719587549289113e+00
50 40 1.949811985178321549e+00 3.501393731603919868e+00
51 40 5.734370144782862111e-01 -7.889829663470374621e-01
52 40 -4.962816895203643774e+00 -3.654262440501968801e+00
53 40 -4.160434450321584876e+00 4.297908299726300174e-01
54 40 1.471193706094080955e+00 1.836066655616808596e+00
55 40 3.821879491940323614e+00 -8.816649716733783171e-01
56 40 3.113159928525783382e+00 4.107943053693813518e+00
57 40 2.055969870476986205e+00 -8.174993311155335229e-01
58 40 1.382065922729720064e+00 -4.422337250965044042e+00
59 40 -6.218133179351183593e+00 8.999380128800167633e-02
60 40 -2.298313584336089566e+00 6.131118636709036451e-01
61 40 1.689432668934955029e+00 -1.731452600053476676e+00
62 40 -9.736936958076106707e-01 4.156358467718387351e-01
63 40 1.103434819801992983e+00 3.855976292682929074e+00
64 40 6.282407876975312000e+00 1.529975556562907846e+00
65 40 -2.861722758092032359e-01 -6.207901610531429970e-01
66 40 -2.078234882108285664e+00 -8.066432018229275913e-01
67 40 6.850640461414323479e-01 -9.045537328731134696e-01
68 40 -5.753731367475534153e-01 -2.545485024600469881e+00
69 40 -5.783003577093916991e-01 -2.484103658372191159e+00
70 40 9.551291767641948427e-01 1.089401835770713034e-01
71 40 9.147125347745098667e-01 -8.170850237038693731e-01
72 40 1.040126968102237148e+00 -5.053417803333465352e-01
73 40 1.194730932915939903e+00 2.282138238135368868e-01
74 40 4.906615202317066160e-01 -1.905795088129662584e+00
75 40 -8.683045355478176131e-01 -1.429435833441095482e+00
76 40 -2.062422396540450897e+00 1.172657135070351853e-01
77 40 -7.305967675847221399e-01 1.700213255536319190e-01
78 40 -1.671197438529916368e-01 4.935546633056480115e-01
79 40 2.587401679335174509e-01 -8.268080001522897238e-01
80 40 1.206826830123429728e+00 -1.039297291343058260e+00
81 40 1.002312700765077835e-01 -8.609568900433187677e-01
82 40 -3.914611043328590414e-04 -8.839356441694039557e-01
83 40 1.944782006807729724e+00 1.090498646351754530e+00
84 40 2.405343223989585333e+00 4.820511845798906569e-01
85 40 2.974107088366222396e-01 -7.843787543210921365e-02
86 40 -2.249764577909568186e-01 6.061783164516948430e-02
87 40 1.280351146670048124e+00 -1.277569947364667335e+00
88 40 7.985069583073586275e-01 -1.131825362743472230e+00
89 40 1.063769599509213348e-01 -2.253355297058509676e-01
90 40 6.409971650108274854e-01 7.644079588975671857e-03
91 40 6.168082654099571460e-03 -1.512057695051588491e+00
92 40 -4.405826046583550815e-01 -1.815366382590868799e+00
93 40 -2.078047186908698052e-01 4.997440040703376996e-01
94 40 -3.393128261324009354e-01 -2.397274762326681297e-01
95 40 -5.090029167016663081e-01 -2.590185428950737556e-01
96 40 -3.460684187238897147e-01 1.917171065257338824e+00
97 40 1.022909562880604861e+00 1.764762212871163083e+00
98 40 1.919943974901434425e+00 3.500211832826289893e-01
99 40 1.037772412568433444e-01 -8.330764646890628788e-02
100 40 -8.571222273831440308e-01 -1.663581771215181027e+00
101 40 -1.521668474985856667e+00 -8.701885948327225950e-01
102 40 -1.642296364757635185e+00 -6.772262934350796737e-01
103 40 -3.174409568961360506e-01 2.972374592372385438e-01
104 40 1.087350313559311887e+00 4.256636328204756459e-01
105 40 6.443151768438770688e-01 1.402816669546610218e+00
106 40 4.414565782069350131e-01 -2.214197995200414548e-01
107 40 -5.298865539816077774e-01 5.257019724188696230e-01
108 40 -1.127159004716159041e+00 3.323267182899811156e-01
109 40 -4.369248581353423200e-01 1.009615516628342258e+00
110 40 1.028347309702929646e+00 -1.297278261769887919e+00
111 40 7.879431440435237244e-01 6.997487028932562747e-02
112 40 1.042641269624813072e+00 -7.405126852202945642e-01
113 40 1.265183917687602300e+00 1.729858090401028003e-01
114 40 9.030305812921626471e-03 -9.227811823457139351e-01
115 40 -1.526223655540182689e+00 5.330082570184710988e-01
116 40 -1.113891839413721829e+00 1.597570596691022526e-03
117 40 -2.819721090590059931e-01 -5.277074056960639331e-02
118 40 8.669086578937962306e-01 -1.183603923609203967e+00
119 40 1.270966345201747894e+00 -2.485016527361570138e-01
120 40 7.256543792709519991e-01 -6.031081441226369133e-01
121 40 -7.072709494926388007e-01 -2.509335692742990509e-01
122 40 -1.226838343311720259e+00 5.437589200860100114e-01
123 40 -5.024940157803194918e-01 1.444507514176307073e+00
124 40 1.261353674548761905e-01 8.411453666127646223e-01
125 40 -1.389837826027523926e+00 3.547180060927992984e-01
126 40 -7.277633231102128564e-01 4.927789870941229333e-01
127 40 4.986826977916007930e-01 4.223695323803829393e-01
128 40 1.382386025347714265e+00 -4.546696397021824931e-01
129 40 1.175676207786026106e+00 -7.931776911193686441e-01
130 40 -3.443432206921638594e-02 4.325462396657750452e-02
131 40 -5.709653332178212803e-01 1.229254745496303425e+00
132 40 -7.000670052598398918e-01 5.119370126301910906e-01
133 40 -5.975186427573370151e-01 1.067103026831156959e-01
134 40 -1.682019766406832040e-01 -7.885253522194913822e-01
135 40 1.033132208980871214e+00 2.727852724017605368e-01
136 40 6.913876375920090522e-01 1.813562723685543943e-01
137 40 6.351230129597810192e-01 2.470970340758391337e-01
138 40 -1.287333507614830452e+00 2.326219125839852353e-01
139 40 -1.277962677548328596e+00 4.905896555274013582e-01
140 40 -6.697572490105651033e-01 -2.392301066701966739e-01
141 40 -6.334604708402755135e-02 -2.419328669445336977e-01
142 40 1.645937234345725142e-01 7.166195882005219064e-02
143 40 7.199437832937737314e-01 -1.541363714961909576e-02
144 40 3.533302564076273855e-01 -1.274288949411578609e-01
145 40 -2.966510566361829637e-01 6.824560575900252835e-02
146 40 6.625298883619848977e-01 5.020009609334059597e-01
147 40 1.895547072193169424e-01 -3.839094691786903990e-01
148 40 1.329444276615897313e-02 -6.767303377254098029e-01
149 40 -1.382669166685060347e+00 3.706485505443134487e-01
150 40 -4.068922615196004511e-01 7.503921962563314674e-01
41 41 -1.262975490195907824e-01 3.773912455560748835e+00
42 41 -2.601954852770056892e+00 -9.339417552295623537e-01
43 41 -2.094962169796757756e+00 1.233334415679528506e+00
44 41 3.790585516464198612e+00 -5.294609561601112624e+00
45 41 -1.342231784909919678e+00 5.672944889054897466e+00
46 41 -2.650940129985662974e+00 -7.182274488840043603e+00
47 41 -2.549182042755697708e+00 6.259381631737183760e+00
48 41 -5.463155080507868355e+00 -3.103334778743378930e+00
49 41 1.258128340652649335e+00 1.683845006543569056e+00
50 41 -6.159465291670077391e+00 9.396343533273839865e-01
51 41 5.261041216599930959e-01 -3.005678704736719720e+00
52 41 -1.661167843529689270e+00 -3.013040059587512420e+00
53 41 -1.835457190675285677e+00 -1.947593523418976069e+00
54 41 -1.442597914894849787e+00 2.152602839626663656e+00
55 41 2.145263129831415094e-01 -6.033915545075183573e-01
56 41 -1.138534153658832260e+00 5.206307658991500276e-01
57 41 2.612198448401032547e+00 4.563540500312305959e+00
58 41 2.205868299328824556e+00 5.155328449946435798e-01
59 41 -1.622420505628872966e+00 -1.054294296029430589e+00
60 41 -9.053310384960160384e-01 2.051180910726025708e+00
61 41 2.117738013396107455e+00 -1.879150636079520265e+00
62 41 -8.838012430063864333e-02 -2.821328939318535234e+00
63 41 -2.591917732957185638e+00 4.479212911088986671e-01
64 41 -1.245173924426692391e+00 1.512354125977681596e+00
65 41 1.553976593085370506e-01 8.156140325960341553e-01
66 41 -1.949698126664549891e+00 2.667746421639237919e+00
67 41 8.745739923563631280e-01 -3.357249223029256102e-01
68 41 3.001287108847182861e+00 -2.404458350900769315e+00
69 41 2.209275641911423449e-01 -1.909217709123214979e+00
70 41 6.513742582619395094e-01 9.842374318753477347e-01
71 41 9.757138650402916724e-01 6.206780833205077785e-02
72 41 -1.790820616978791024e+00 -6.635785748024508601e-01
73 41 -1.164716966216321925e+00 2.060301169225819073e+00
74 41 1.907692830492252467e+00 5.353296903525363026e-01
75 41 1.164911355348932087e+00 -1.533375322338250468e+00
76 41 -1.185094144834763608e+00 -1.285012987342192547e-01
77 41 -1.408448682760975457e-01 8.977883040606287057e-01
78 41 -1.735968871400919156e-01 -1.761145434263553966e+00
79 41 -1.107029016192608628e+00 -1.284511773718660432e+00
80 41 -8.104437472281639243e-02 1.008843719948862461e+00
81 41 1.126997477078759857e+00 -5.623166970750049787e-01
82 41 1.554356425945980502e-01 -1.257160669677691800e+00
83 41 -5.658445097076623131e-01 -8.551057960773575939e-01
84 41 1.314789085210858133e+00 -1.115791828078493753e+00
85 41 3.829587839320973686e-01 -1.466428721305515159e+00
86 41 -1.466263632950226548e+00 -1.738458841419598944e+00
87 41 1.740718845152941507e-02 -6.246195008813593130e-01
88 41 7.437545143572309447e-01 -4.597470155984524909e-01
89 41 4.006314396527556609e-01 -1.244271277405534670e+00
90 41 1.632826491995980484e-02 1.701949962335589928e-01
91 41 -9.928326582409552348e-01 3.951088176232595561e-01
92 41 -2.739075855470003984e-01 -4.524922772346896549e-01
93 41 2.176094081894906385e+00 -3.913418071609011673e-01
94 41 1.954063842083534563e+00 -1.564665141131283077e+00
95 41 5.433887964886126021e-01 -1.879647335128739716e+00
96 41 -3.065588277154681074e-01 -1.185854114055179709e+00
97 41 -2.185889559583473196e-01 -1.332982244128494198e+00
98 41 -8.157263977918389752e-01 -2.539973050856588754e-01
99 41 -8.291252769848267423e-01 1.357706044492863473e+00
100 41 -2.759642795745643196e-01 1.330719607538164873e+00
101 41 4.935933443540770349e-01 -8.402565893870571623e-01
102 41 -1.452133088269592920e-01 -1.503157890903453753e+00
103 41 7.705942082126895354e-01 -8.742720776242047798e-01
104 41 2.421332126305632548e-01 -8.173374012234038144e-01
105 41 2.137068337835901499e-01 -6.506100890054875574e-01
106 41 1.830138039798737404e-01 1.297112467665817004e+00
107 41 1.579433163115700145e+00 1.465472264107454459e+00
108 41 7.831762194276626898e-01 1.319211295185118149e-01
109 41 1.252925484135833378e-01 -1.596641824452565750e+00
110 41 -1.628428024322684076e+00 -1.294034925738126951e+00
111 41 -6.834374893453399880e-01 -1.065310587062453518e+00
112 41 -4.684292329494725293e-01 -6.288410732640156153e-01
113 41 3.268453824062703128e-02 8.679801723873790120e-01
114 41 1.095905883556629601e-01 1.303942076003925310e+00
115 41 8.075378538271763551e-01 -6.206907960331992102e-01
116 41 -5.703384550157054589e-01 -1.250583719769291058e+00
117 41 -8.021357513072532308e-01 -1.056113749226774923e+00
118 41 -6.262187411106947543e-01 -7.850360610422890684e-01
119 41 -1.468096246819412531e-01 -6.536352112717203067e-02
120 41 -1.048588339461260649e-01 1.776995301368118063e-01
121 41 2.381024785123283527e-01 4.845688392819204604e-01
122 41 2.775679263348161396e-01 2.899707501304928936e-01
123 41 5.023341074180627253e-01 -3.210273436233934685e-02
124 41 5.200000361246521763e-01 1.719162692660818337e-01
125 41 -3.266433660449670207e-01 -3.047729730390347780e-01
126 41 -6.502253171313465696e-01 2.158780974313668222e-01
127 41 -7.597179927183903558e-01 -5.745012088006868911e-01
128 41 -3.832192190681583954e-02 -9.523072660381681764e-02
129 41 9.646877214239744092e-01 -1.166416302543818451e-01
130 41 1.199975228438264541e+00 1.008472836822559726e+00
131 41 7.471424955319362349e-01 1.327987985397013904e-02
132 41 -5.595869034312439538e-01 3.543096653947852004e-01
133 41 -1.044020136279936395e+00 -1.145356554696759233e+00
134 41 -8.505276211563663757e-01 -3.616859384965743773e-01
135 41 -7.788004577592823052e-01 -6.631370531371985066e-01
136 41 -4.270285736026965262e-01 9.184265665547585167e-01
137 41 7.903899257728772554e-01 1.112653155511424963e+00
138 41 3.628824033563387008e-01 1.173695209110369397e+00
139 41 -1.195471796722347990e-01 2.426399636637672774e-01
140 41 -4.349157213670673539e-01 4.157529726486772215e-01
141 41 3.541242194054335379e-01 2.845433067420579110e-01
142 41 4.256470832306780139e-01 -2.499314471403995541e-01
143 41 4.185334847290316240e-01 2.846218740696834226e-01
144 41 1.767248018639122897e-01 7.676274867529120360e-01
145 41 -1.988130259191764615e-01 8.535149272897415429e-01
146 41 4.675378131691572403e-02 5.495307752937758083e-01
147 41 2.966172842549595345e-01 6.812618818521484210e-01
148 41 2.026189627218700495e-01 7.610467449854948496e-01
149 41 -8.998813839487759814e-02 -1.985498832374887890e-01
150 41 4.632504345517953204e-01 -8.876302113469766164e-01
42 42 7.137771196975573051e-02 7.200383916447652410e-01
43 42 -6.897671413505034543e+00 1.433925029898739822e+00
44 42 2.013859841015846808e+00 -2.231451198219332188e-02
45 42 1.807136960682734550e+00 -3.098625880610781369e+00
46 42 5.049589369436453978e+00 2.480835094624096460e+00
47 42 -2.990203364430703115e+00 -4.141474189390026872e+00
48 42 4.885993763645865684e+00 7.117893594197594043e-01
49 42 -3.630608388945956833e+00 -6.013510200324536648e+00
50 42 -1.168709421477173827e+00 -3.506029986983617341e+00
51 42 -9.759405993641886434e-01 4.917896739129133721e+00
52 42 -7.822297997007283676e-01 -3.642828745547523450e+00
53 42 4.960114192609237915e-01 2.193377968665740418e+00
54 42 2.120953184389034352e+00 2.548527839926068683e+00
55 42 1.657297229099823577e+00 -2.321860397235546269e+00
56 42 -3.018717103306665983e+00 -1.888691163161686060e+00
57 42 -5.625687565392706979e+00 1.171633915890703870e+00
58 42 -1.551906679919855259e-03 -2.350689614862299326e+00
59 42 -3.666821769323187485e-01 -9.852225494106844339e-01
60 42 8.062760157386370530e-01 1.319094682102008642e+00
61 42 5.732033504231627496e+00 1.495312533963381263e+00
62 42 3.756308417390870957e+00 -2.498550204419076604e+00
63 42 1.314945955856673121e-01 -7.658867236034381243e-01
64 42 3.615187196692321026e-01 -3.249117233156317286e-01
65 42 -1.047270313501713623e+00 -1.862026468705537008e+00
66 42 -4.711542401559424498e+00 -2.025828697762785513e+00
67 42 -1.052311886442555133e+00 1.766363183488148580e+00
68 42 -1.251734959629142940e+00 9.541580769276745144e-01
69 42 -1.273438904814528039e+00 2.067342261761212496e-01
70 42 -7.821748968195851859e-01 2.009646000921525566e+00
71 42 5.446052222503245943e-01 1.133012706748010245e+00
72 42 6.162614929827886501e-01 8.053914065962837210e-01
73 42 -1.174774586734022908e+00 8.200629210003097525e-01
74 42 1.361738661131852574e-02 5.155323963193032544e-01
75 42 -7.350615539609778315e-01 9.136856884058606326e-03
76 42 -1.842695267499483869e+00 -6.477434699179998034e-01
77 42 -3.003780348351487578e-02 2.636717134379805705e-01
78 42 7.228493284100486749e-01 -1.414520632567032310e+00
79 42 8.358666125513163070e-02 -1.934685771354910822e+00
80 42 9.417322389734501531e-01 -5.295266330553505263e-01
81 42 1.885757754078034143e+00 -3.201327371352805096e-01
82 42 7.284213883747268081e-01 9.055476986204795686e-01
83 42 -1.591830266371749403e+00 1.201210637068730547e+00
84 42 -6.013344300813497911e-01 -1.740252544053165831e-02
85 42 -4.656866569177419146e-01 -1.537813934019786499e+00
86 42 -2.014817312546382855e+00 -1.911892590323985175e+00
87 42 8.274739665740390437e-01 -5.783400784297250130e-01
88 42 1.887714950403193148e+00 -9.110188635481117903e-01
89 42 3.498432512636123759e-01 -8.970923608220261469e-01
90 42 7.537877912975274874e-01 1.445456077647315984e+00
91 42 6.964587512787902002e-01 1.298742205643979242e+00
92 42 -6.475926347863019128e-01 -1.883124731665457019e-01
93 42 -1.025243635266236630e+00 -1.759599867204819368e-01
94 42 1.056943144792457101e+00 2.034169882450366784e-01
95 42 1.918225645745813113e+00 1.086533621994714982e-01
96 42 2.342430058381700653e-01 -5.840414340835898832e-01
97 42 -5.354886465494899939e-02 -6.429844719190457303e-01
98 42 5.925812009740304420e-01 -4.469795440157851019e-01
99 42 5.194971254862246202e-02 -1.248040290076884329e+00
100 42 -6.425480995284269525e-01 -1.788082870807397029e-01
101 42 -9.167581720111001031e-01 4.569758031928802255e-01
102 42 -1.669672554440796985e-01 7.040715947967940425e-01
103 42 1.810933386511007770e+00 4.291245250132509903e-01
104 42 1.815841978275213320e+00 2.225644119982824465e-01
105 42 2.147146683049209470e-01 -3.805226123442109754e-01
106 42 -8.306837254321254305e-01 -1.856041278625985419e-02
107 42 3.005591465890184236e-02 -3.913390858841908626e-01
108 42 4.865865995339397898e-01 1.392231650505112217e+00
109 42 1.178056789218627110e+00 8.058547167195584393e-01
110 42 1.075917022189771366e+00 1.652448896946292212e-01
111 42 8.013420589523854165e-01 -2.137222721225348288e+00
112 42 -1.456654451510798753e-01 -1.555913628245044977e+00
113 42 1.445677535284595194e-01 -1.426906484620583448e+00
114 42 -8.742446588932669682e-01 8.568855201115144204e-01
115 42 -5.616363049529841112e-01 2.410462957635156056e-01
116 42 -2.986813725040525225e-01 1.318056463750300722e+00
117 42 1.435143397783222419e+00 -2.792491894382461703e-01
118 42 1.087423059297801586e+00 3.422081158233949427e-01
119 42 6.559055293675265519e-01 -1.392628567246346316e+00
120 42 -1.026938751076614365e+00 -1.277572131764410229e-02
121 42 -5.902006865687301485e-01 3.889593294047530986e-02
122 42 -5.498348404871722384e-01 3.389379614255339512e-01
123 42 -4.143948614102486716e-01 -5.808096799433814725e-03
124 42 -1.079225319694059770e+00 1.246279634878189713e+00
125 42 5.065315759008574004e-01 3.220955233289481412e-01
126 42 5.296915976243923296e-01 2.159779151448846246e-01
127 42 1.519257137654538958e+00 -5.963137504191835525e-01
128 42 3.633351247399124739e-01 -1.439110193061765575e+00
129 42 4.619400892519723856e-01 -9.658042067747063530e-01
130 42 -8.864790438653499249e-01 -6.454278348035269453e-01
131 42 -6.665353785904772066e-02 8.440615960945868634e-01
132 42 -1.060153511156638029e+00 1.795847634313071595e+00
133 42 7.492182081689653383e-01 1.054002406572584372e+00
134 42 5.796000601062011731e-03 -4.895316848950173050e-01
135 42 1.003615096020334274e+00 -3.283868262966098128e-01
136 42 -3.090468015238597155e-01 2.074762599931355145e-01
137 42 1.287479974662079751e+00 -6.501005735498701643e-01
138 42 -1.357702458338030382e+00 -1.537569859126910188e-01
139 42 -7.379562201804421573e-01 5.378182530067401323e-01
140 42 -1.278886718745743778e+00 1.109426468265614973e+00
141 42 8.253432040722779028e-01 -2.770060572921470010e-01
142 42 -8.169541005677747325e-01 -4.084268054881928095e-02
143 42 7.535078136192543408e-01 -3.640667155708381952e-01
144 42 8.090084285807729314e-01 -2.848268475613079942e-01
145 42 1.344874203160764781e+00 -5.304162817380216888e-01
146 42 -5.748355761520653751e-01 3.321444314684526833e-02
147 42 2.965535141845164757e-01 5.590939201545411935e-02
148 42 -5.738251760207959684e-01 5.796856825731926122e-02
149 42 -5.961104661607207200e-01 6.430562265632341346e-01
150 42 -3.587387297469305514e-01 3.110221714220807732e-01
43 43 -2.708001237681563644e+00 -2.405976016475931623e+00
44 43 -1.484317083163608997e+00 1.853561439977887249e+00
45 43 4.686437670687941370e+00 -1.568117816292111222e+00
46 43 -3.533642709704478690e+00 3.311977209612189110e+00
47 43 4.579219297984207238e+00 -7.545681387122420425e-01
48 43 2.500352092419530159e+00 2.616028118797600222e+00
49 43 6.440973016354369918e+00 -2.462006455151953599e+00
50 43 -2.060947307899454017e+00 1.359839383716521022e+00
51 43 1.480382632391036291e-01 -9.025775734967166342e-01
52 43 6.356311504119918965e+00 2.979944944836068643e+00
53 43 -2.292731595237738951e+00 1.191254000252189416e+00
54 43 1.561971786907553783e+00 5.050070906509033897e+00
55 43 4.580094166346077023e-01 -1.742375589106213374e+00
56 43 -1.823931277345634205e+00 -5.492790130116090630e+00
57 43 -3.323121755495132224e+00 -2.082318991899417160e+00
58 43 -2.572796350162287471e+00 2.289667143543315520e-01
59 43 -2.323183370243866896e+00 -3.563849022646639497e+00
60 43 6.716849242176166079e-01 1.360422834982192741e+00
61 43 1.224968441171300659e+00 4.843836970180202428e+00
62 43 2.147996031659425764e+00 -3.138751026457567983e-01
63 43 -1.762124931760373325e+00 2.309545212629069866e+00
64 43 5.209784264183898728e-01 3.059260303030984840e+00
65 43 2.499520594834824916e+00 -1.524416690575481903e+00
66 43 -1.754066714180985698e-01 -2.344261736503942650e+00
67 43 -6.310199845723635237e-01 -1.315817985946325486e+00
68 43 2.427630264685172179e+00 -3.918804484344275085e+00
69 43 -6.062407399799043528e-01 -1.063942163226937687e+00
70 43 -2.171339573498337394e+00 6.979705110371164922e-01
71 43 8.292890027337421754e-01 1.620376939578113573e+00
72 43 1.373737282554152506e+00 7.172493889177813386e-01
73 43 6.158538779889481951e-01 -8.442711935816500368e-01
74 43 2.207212258701321428e+00 6.823142580640925159e-01
75 43 1.567187334343715488e+00 -1.504743163978225218e-01
76 43 -8.961911835095451306e-02 -1.020994361036655196e+00
77 43 -6.930640235613597655e-01 -5.467223896395595473e-02
78 43 5.471373017231626612e-01 -1.012789223238726333e+00
79 43 1.181796785574856568e+00 -1.411551160987934983e+00
80 43 -8.811741760789304490e-01 -1.563382106122042092e-01
81 43 1.012184851698723353e-01 2.078073997797113270e-01
82 43 9.685143757309420121e-01 1.562469811381740348e+00
83 43 -1.572592712635660916e+00 1.731381362997183038e+00
84 43 -1.894946909098412791e+00 1.380443076968249194e+00
85 43 -1.028266646112910632e+00 8.735743760377064071e-02
86 43 -6.483630385134301344e-01 -2.977544231105308525e-01
87 43 5.382034450087277433e-01 1.081941728084921950e+00
88 43 1.795795957825472744e+00 -4.140035615765914612e-01
89 43 1.589421507740944151e+00 -5.101848928645081882e-01
90 43 -2.127668418437486664e-01 6.053729258228809362e-01
91 43 -4.219942261840179398e-01 1.784067627655333554e-01
92 43 -2.470749403148021217e-01 -2.825385075602259155e-01
93 43 -6.508236469753407860e-01 -1.388687583753405619e+00
94 43 7.679941087583721515e-01 -1.834163674223288742e+00
95 43 1.321899833404796554e-01 -1.698044367879829375e+00
96 43 -1.473748154791754583e+00 -1.044303478463538770e+00
97 43 -8.481287074243899493e-01 2.164817104966247907e-01
98 43 -6.567462112231682303e-01 -2.975575699374626293e-01
99 43 -1.052146513933922556e+00 -5.930110114037623337e-01
100 43 -4.829757634415034195e-02 4.516683845839580269e-01
101 43 6.420008062198828691e-01 -1.419458840602895178e-01
102 43 1.976748143089754883e-01 -1.062659848251748196e+00
103 43 -1.174859192011737719e+00 -2.120309631121033711e-01
104 43 -3.094261411416814322e-01 2.720633463818970116e-02
105 43 1.964761939749242181e-01 -1.081241215721569504e-01
106 43 -2.510400056847336137e-01 -6.713048555058248601e-01
107 43 -1.461275833737280649e+00 -1.331192470151888907e+00
108 43 -4.879454982797052920e-01 -1.863564789849813552e+00
109 43 -4.817066471674605888e-01 -1.324549119457471835e-01
110 43 -6.546551665109475726e-01 6.107036460750254747e-01
111 43 -1.100112698200960804e+00 1.124682262515533493e+00
112 43 1.229225704250380691e+00 1.568332942284270004e+00
113 43 1.454262054369630297e+00 1.245486655791255171e+00
114 43 1.278431897025911423e+00 -8.917560343037893578e-01
115 43 -7.399708945358973722e-01 -5.667151729443227204e-01
116 43 -1.015600009551570704e+00 -8.981634766919960322e-01
117 43 -1.037848023756639204e+00 3.430491929570737564e-01
118 43 -6.613611637013732114e-01 1.002113080515123045e+00
119 43 -8.476048727761977819e-01 1.835359160974637582e+00
120 43 -6.381526226886767572e-02 6.300910004078206228e-01
121 43 -3.168002156797919966e-01 2.238724500637773729e-01
122 43 -1.568407694235654237e-01 -6.509969923970754246e-01
123 43 3.096039615235391951e-01 -8.238919305296988904e-01
124 43 -7.144588060183327816e-01 -1.551728791306463240e+00
125 43 -1.399973230611464503e+00 -1.063780113265353489e+00
126 43 -1.657973389305630318e+00 -1.509734610859993220e-01
127 43 4.880705618365402398e-01 4.402800921874423512e-01
128 43 1.153354046357073059e+00 2.190218136212317701e-01
129 43 1.140361613742378433e+00 3.531046612403477836e-01
130 43 8.238762673759225663e-02 1.375355616981021045e-01
131 43 6.619827436700898016e-02 -1.088859536294105312e-02
132 43 -7.381912351695056884e-01 -6.428054930785184196e-01
133 43 -1.276934105991235358e+00 -5.866026459054198838e-01
134 43 -1.377319475457496001e+00 8.385620097419119179e-02
135 43 -2.603335794140729798e-01 4.450866889583158792e-01
136 43 8.129654538628892091e-01 6.100833752759354800e-01
137 43 1.020269231665485554e+00 7.463705252714200045e-01
138 43 1.131573225730820420e+00 -3.443627238866130424e-01
139 43 -1.560191753292041461e-01 3.544743884158342295e-01
140 43 -5.892827900464652213e-01 1.948782103955530309e-01
141 43 -4.228830542112912427e-01 -1.734447993758799211e-01
142 43 3.559789453908941970e-01 -5.784955825517783534e-01
143 43 -9.025687849402644347e-02 -4.401709817955436199e-02
144 43 2.298920676743578251e-01 2.283873812289511362e-01
145 43 5.375082636528056845e-01 5.934066890516582760e-01
146 43 1.159732472385829327e+00 7.674914506986388885e-01
147 43 1.255589355269851826e+00 5.083416531889366485e-01
148 43 2.378361221475316922e-01 -2.080744943830045157e-01
149 43 -7.647502930273706312e-01 -7.766192342332661758e-01
150 43 -7.836569008506834022e-01 -5.503606138237701062e-01
44 44 -3.920993577340186498e+00 -2.001923232674771125e+00
45 44 1.829656910436774586e+00 6.311325749674850938e-01
46 44 1.523035605359979616e+00 -4.123334111964386040e+00
47 44 -2.553798190955795189e+00 6.828029929527186681e+00
48 44 -1.477019940534086917e+00 -2.744974883367505392e+00
49 44 4.344850463253711936e+00 7.107003876422148814e+00
50 44 -1.960801527876295802e+00 -1.767437321346362999e+00
51 44 5.021863956611751778e-01 2.217864174994687687e+00
52 44 -4.660986206011776822e+00 2.965880988385395156e+00
53 44 3.669761554173481155e+00 -2.155030116334519352e+00
54 44 -3.841447488537653054e+00 2.448212426691969146e+00
55 44 9.034929001571044838e-01 3.064959639941872149e-01
56 44 -1.114198241416211710e+00 -7.524789708426137258e-01
57 44 -2.678924662984440097e+00 -3.346854474122661571e+00
58 44 3.392286071181107143e+00 -1.411497223036690007e+00
59 44 3.374382125048331904e+00 -2.754286293081632309e+00
60 44 -1.392746890022851236e-01 -2.227005517233140885e+00
61 44 2.819731750924125979e+00 3.159019332198666152e+00
62 44 5.142095738368384072e-01 1.047348072885026182e+00
63 44 -4.025334876172106391e+00 -1.179633196886823443e+00
64 44 -3.481831269024490361e+00 4.698585081587570045e+00
65 44 5.865059695286690689e-01 1.774310226779949096e+00
66 44 2.601575895506940572e+00 -2.991320816803807681e+00
67 44 1.097369899564832219e+00 1.131545123295571997e+00
68 44 2.729112934088226528e+00 1.862841279548800300e+00
69 44 3.555940129333867716e+00 -3.100842444181225233e+00
70 44 2.482490099953462426e-01 2.469563164509057662e-01
71 44 2.680878526124378380e-01 3.094141736767627160e-01
72 44 1.002715602863126110e+00 -1.891369506369413589e+00
73 44 -2.180638404101285843e+00 -8.259930045908236984e-01
74 44 -9.676565891162073330e-01 1.165755772750101338e+00
75 44 -2.610723851829090947e-01 -3.270544121257929482e-01
76 44 -2.009000812907894229e+00 -3.457852003113148776e-01
77 44 -1.115912087035510591e+00 1.631415608001495210e+00
78 44 7.557172620761665183e-01 4.121665106144262181e-01
79 44 -1.780652584498696595e-02 -9.795506189792536622e-01
80 44 -1.139130544362745301e+00 1.067105524016201401e-01
81 44 9.473945465643055508e-01 1.436153380129131074e+00
82 44 3.216098912707763269e-01 8.334608631179180049e-02
83 44 -4.494482804419835942e-01 -5.060001443153369638e-04
84 44 -1.438491663617512129e-01 1.054603190328103235e+00
85 44 -1.382014693070110489e-02 -1.136606832148539414e+00
86 44 1.625956253989235822e-02 -1.771670208492952314e+00
87 44 -3.779348821493821453e-01 8.181715304690093671e-01
88 44 1.507587781781044134e+00 7.507410597684043285e-01
89 44 2.132848925594045930e+00 -6.742709557118498065e-01
90 44 -4.762821252917420756e-02 -4.159371372094643471e-01
91 44 -2.306976824102306978e-01 1.392507838652289748e-02
92 44 2.833957396637526438e-02 -5.627480267966802341e-01
93 44 -6.247465663844101735e-01 -1.016733061109843517e+00
94 44 4.381691486654499812e-01 -1.066602090540883924e-01
95 44 8.124967621304155507e-01 4.850929114188729518e-01
96 44 2.072123964264585005e-01 4.147382463638651928e-01
97 44 3.096210272953052178e-01 5.463526721362766958e-01
98 44 -1.832767848829482404e-01 1.455890243195553102e-01
99 44 -1.519252688203423518e-01 -4.716102094729032745e-01
100 44 -2.029068527563017144e-01 -5.011983794992840302e-01
101 44 -6.766035885493482116e-01 7.904183931084325654e-02
102 44 -8.438957844950293330e-01 1.812206889188916481e-02
103 44 -1.951704822422366814e-01 2.358420086236025504e-01
104 44 2.848845655154474410e-01 6.024263651827147514e-01
105 44 -3.771728783231081406e-01 2.745749309228826540e-01
106 44 -8.193631838420061264e-01 6.437986837041321797e-01
107 44 1.040219662357471653e-01 7.454612427678458664e-01
108 44 7.704241632597718104e-01 -8.079466221889367583e-01
109 44 9.596062531356004399e-01 -1.443785596638841318e+00
110 44 4.995837569374467213e-01 -8.254545324323695477e-01
111 44 4.803684338126212316e-01 -6.174575208032653251e-01
112 44 -5.029931766702744333e-02 -5.996332745758600202e-01
113 44 -7.680510692455909671e-01 3.217959038623935952e-01
114 44 7.560209106127549483e-02 1.211511834541320720e+00
115 44 1.648707108737793803e+00 -4.016047603174410091e-02
116 44 1.454566853771372514e+00 -1.711307078971876505e+00
117 44 6.083938172328460237e-01 -1.844813024283311842e+00
118 44 3.754505992788230162e-01 -1.309802304017595009e+00
119 44 -5.643377729858213288e-01 -6.525958173953395614e-01
120 44 -1.107621542622553301e+00 3.270659838978220990e-02
121 44 -1.312714547668935916e+00 -5.519285614781942878e-02
122 44 -1.300146677412095109e-02 6.751964875981518732e-01
123 44 -3.822078761730295093e-02 7.646102199322493131e-01
124 44 4.558431304154061392e-01 4.077649999090725563e-01
125 44 3.177560108763827218e-01 -2.844670289402213004e-01
126 44 3.620101406262359878e-01 -2.932434998402501103e-01
127 44 -5.007434874249768741e-01 -3.736364929376156385e-01
128 44 -4.717945617632890443e-01 5.863368799237871354e-01
129 44 -1.659016937621587529e+00 6.088833014415859779e-01
130 44 -9.173085703008785341e-01 1.897676787608371995e+00
131 44 -1.035888038703353997e+00 9.159864419048515671e-01
132 44 2.295157868829610925e-01 9.412304785497001003e-01
133 44 5.184733095431380834e-01 -7.777791370536027982e-01
134 44 1.159837736460655577e+00 -8.079660392093110932e-01
135 44 2.306519814451531980e-01 -2.235772174863999151e+00
136 44 -3.669077736554022806e-01 1.031802369432339023e-01
137 44 -2.060446741289846950e-01 1.070741049209669726e-01
138 44 7.393197799747835974e-01 1.138130665608694692e+00
139 44 -2.969100036280227783e-01 6.813248095630113077e-02
140 44 -3.722658126512731758e-01 1.821519030950595752e+00
141 44 1.723200988874244999e-01 2.645976993657173093e-01
142 44 6.649093392941362035e-01 -2.026732380180056303e-01
143 44 -1.812066578850616283e-01 -1.421009154251346107e+00
144 44 -9.958296230084207057e-02 1.149921414446158641e-01
145 44 5.157946140324969342e-01 -3.395027873744068669e-01
146 44 3.452520818794405644e-01 3.839491070055854327e-01
147 44 -6.801643244740425420e-02 5.763418359742929903e-02
148 44 -3.358375766316540334e-02 6.157539795569947350e-01
149 44 1.670343116770210967e-01 2.352382837379034530e-01
150 44 -2.512328926379279181e-01 -3.586575672989935487e-02
45 45 -2.023647202691017721e+00 7.931565222903330659e-02
46 45 -7.630173137990838850e-01 -4.980031236631439207e+00
47 45 -9.142022671626299779e-01 -3.176048816799005081e+00
48 45 6.721513150211189114e-01 4.614112468360313635e+00
49 45 -4.920893799894102472e+00 -5.445855865235353921e-01
50 45 1.992076246634584935e+00 3.510271632159377209e+00
51 45 -5.179548017817078964e+00 3.450400708334658839e-01
52 45 5.137624328473664903e+00 -1.956393322973361437e+00
53 45 -4.717067088036750455e+00 -7.090066309941807088e-01
54 45 -4.585422051161570423e+00 -4.266148384131859927e+00
55 45 -4.934812064562020817e-01 1.649651960634572756e+00
56 45 -4.698232750532551627e-01 -2.275948011609925103e+00
57 45 -5.305113192756341078e-01 3.028501002407816944e+00
58 45 1.744443391263378107e+00 3.785091517721233423e+00
59 45 5.341965314293424250e+00 -9.693122796857086554e-01
60 45 2.836259461952791217e+00 -3.507758896423835093e+00
61 45 -2.869279913708737695e-01 1.670820000405352612e+00
62 45 1.324574565426326567e+00 2.261273317789008197e-01
63 45 5.309259866684554741e-01 -1.397680318213645467e+00
64 45 -2.012358078655954952e+00 -1.274595450090289184e+00
65 45 1.475316627048376183e+00 1.177511278057836952e+00
66 45 1.149017231288162133e+00 -1.001190867802362439e+00
67 45 -5.245448230696287961e-01 -4.481887738342825722e-01
68 45 6.805275883195894826e-01 1.905261373115597401e+00
69 45 1.571012967590235343e+00 1.731390620052595475e+00
70 45 -1.270410047708855128e+00 1.485675224060421185e+00
71 45 1.103874740379144070e-01 2.646903384698489514e+00
72 45 -6.820999795505723329e-01 5.016107662636059006e-01
73 45 2.857788360229124303e-02 -2.462458963574565285e+00
74 45 -1.515993244392454420e+00 6.300910545604766488e-01
75 45 -1.373590946431406001e+00 7.484430015302570016e-01
76 45 3.977569506081970324e-02 -7.005939994878064292e-01
77 45 -1.517627479294246795e+00 -3.404884674258521482e-01
78 45 6.464439537707592498e-01 -5.648328834197951370e-02
79 45 1.691016268585456173e+00 -9.737540199782564188e-02
80 45 -2.890218118263798361e-02 -4.087356323343558362e-01
81 45 8.934975368039346222e-01 1.215968187001828182e+00
82 45 8.465205409966730654e-01 6.558145431989670371e-01
83 45 -2.270007137228544636e-01 -5.115847189259168371e-01
84 45 2.955257903744579195e-01 7.152691485556740558e-02
85 45 1.179152956469140978e+00 -3.566917442561777785e-01
86 45 1.429831444749376512e+00 -1.387533302018388426e+00
87 45 -1.986536066294022351e-01 -4.130045855334339433e-01
88 45 6.196894030044212132e-01 3.300341711545313195e-01
89 45 3.702446097545459280e-01 -4.531552405294619890e-02
90 45 -2.065085630607387035e+00 6.982568574777158199e-01
91 45 -4.734865172083431162e-01 1.062444115613248696e+00
92 45 7.477777932952841544e-01 -1.302610976391883613e-01
93 45 -3.305377966349988261e-01 -5.743607093693602339e-01
94 45 -6.734891383774367357e-01 8.391507365862898027e-01
95 45 -2.702313848590092160e-01 1.106684058652487090e+00
96 45 -5.083176594343541410e-01 7.725432292165084203e-01
97 45 -8.797616228885249967e-01 1.487899870292704430e+00
98 45 6.205921731952436238e-01 1.364755622464395968e+00
99 45 1.117213124513406264e+00 2.583089756135422688e-01
100 45 -1.969395482978364420e-01 -3.921942467521359887e-01
101 45 4.367579368963903086e-02 1.922309929341010082e-01
102 45 -1.167771599942172070e-02 3.474787066398353774e-01
103 45 -1.200248534509606335e+00 -3.768367209841387844e-01
104 45 -7.622835840020744103e-01 6.487152336704235522e-02
105 45 -2.834322561022418197e-01 7.519912891221407492e-01
106 45 -9.287008860472161231e-01 8.033088429116120865e-01
107 45 -1.010978520743310405e+00 1.639391592564170552e-01
108 45 -8.699053416018771578e-01 -2.435620449525014997e-01
109 45 -8.929019677549029921e-02 -8.102795621415057048e-02
110 45 5.898870921737544570e-01 5.847632672214931465e-02
111 45 1.147988971545314874e+00 1.717152999535016544e-01
112 45 8.751063011808676295e-01 8.121494784432584657e-01
113 45 5.367933241030502511e-01 -2.573943614038685657e-01
114 45 -8.669826044422042077e-01 -1.212910162858636953e+00
115 45 -1.895542874826686708e+00 -1.170448833170072422e+00
116 45 -1.483761447634809549e+00 7.337373817480163929e-02
117 45 3.213881814426122752e-01 4.731334698753689727e-01
118 45 1.067679904437573102e+00 5.759342465219468021e-01
119 45 1.400174248047477921e+00 1.636232026491959979e-01
120 45 1.400911166130306140e-01 7.726656191213083780e-01
121 45 -7.472678071879623740e-03 -2.807773486922852668e-01
122 45 -1.208877286645356208e-01 -2.558871405543865496e-01
123 45 -4.474107565240924567e-01 -6.244340893421597150e-01
124 45 -6.627635532036263433e-01 1.093172705819556390e+00
125 45 2.707518951326803869e-02 1.239917410775750684e+00
126 45 3.267324273374559995e-01 1.269010974114419987e+00
127 45 4.183467168105933220e-01 5.138064288767176802e-01
128 45 4.520593240609067087e-01 5.789313898516710299e-01
129 45 1.552991668857858221e-01 -1.180565903647518428e-01
130 45 2.059727242238108130e-02 3.116915778754621447e-01
131 45 -5.843181048157637392e-01 -6.160891953059579595e-01
132 45 -6.461758014599113809e-01 -4.929595632942305738e-01
133 45 -2.052667254028082144e-01 -3.416179324369283954e-01
134 45 -8.016717325143657424e-02 3.943898969569618190e-02
135 45 3.719070641636892383e-01 2.746368619504437336e-01
136 45 5.569347290085974178e-01 1.178065917139221042e-01
137 45 9.081035702943831556e-01 -2.688837896490046675e-01
138 45 -2.480321717368532686e-01 -6.325299722209545283e-01
139 45 -3.366540241779771847e-01 7.021535053343502808e-02
140 45 -8.809635735611812679e-01 6.166952829439206196e-01
141 45 2.832857123462186877e-01 2.299633477752305311e-03
142 45 -5.831241334548146193e-01 -3.851103037980447286e-01
143 45 6.405302986925882625e-01 1.885368244879868926e-02
144 45 -1.328346670055958190e-01 4.571967862077772060e-01
145 45 1.451136615091705551e+00 -5.070963161623218696e-01
146 45 5.619954329994762965e-01 2.657097243363852335e-01
147 45 1.230183928808779470e+00 2.636103998185223007e-01
148 45 -2.266746992260712801e-01 -1.625397199961690076e-01
149 45 -2.439122793031852643e-01 -8.801667748718287054e-01
150 45 -1.260345600525675902e+00 7.136860058630513093e-01
46 46 2.428293434612326163e+00 -2.487279215352609540e+00
47 46 -7.642391521198874660e-01 -4.477212795380328458e+00
48 46 1.424932845235879597e+00 1.649352173120489873e+00
49 46 1.495867957063226061e+00 -3.878014058179403811e+00
50 46 -3.832299324926697448e+00 1.869460778005840318e+00
51 46 3.158122368967754001e-01 -7.435831685251794720e-01
52 46 -7.156583034846460967e-01 4.799512391020166469e+00
53 46 3.951833008673059311e+00 -5.256382328939066539e+00
54 46 2.910617757031650044e+00 -1.112741335761906258e+00
55 46 -1.267231968961320066e+00 -8.235342201522332095e-01
56 46 2.500182683676280604e+00 -8.658890494206482602e-01
57 46 -3.321406545496782936e+00 -8.272441126411026469e-01
58 46 1.813518219074538029e+00 2.580074639525463009e+00
59 46 4.697757967827659864e-01 2.537413115818852205e+00
60 46 -4.767478326597367477e-01 -1.638282973115152252e+00
61 46 -3.166479636570221246e+00 -3.104953324088092215e-01
62 46 -1.873123330067138603e+00 1.583653269273198383e+00
63 46 -2.374184817261475455e+00 7.929439108655055024e-02
64 46 -2.144279472452081059e+00 7.837332156931979821e-01
65 46 1.953822047873087886e+00 2.277600423459987589e+00
66 46 2.984526636519134080e+00 -1.825731955868381551e+00
67 46 -1.604009978893468524e+00 5.525598872426840114e-01
68 46 -1.446155705349306375e+00 2.840934428818595592e+00
69 46 1.238261262327974427e-01 6.544668439669489857e-01
70 46 -8.772611637472137458e-01 -2.051594359207026930e+00
71 46 -2.338439400340126095e+00 1.464023725748063998e-01
72 46 -1.296340553657693295e+00 -1.009483185426925722e+00
73 46 -8.548513188848692046e-01 -8.050385645658757472e-01
74 46 -1.969763606945521328e+00 1.735655281143757278e-01
75 46 6.999380656055208538e-01 1.526014650585401977e+00
76 46 1.680420907851968737e+00 4.884727613113533096e-01
77 46 1.845283604955936727e-02 -1.899196337965703418e-01
78 46 1.503074247079696946e+00 6.459004439109622409e-01
79 46 1.897378087237638677e+00 -6.428235784255055263e-01
80 46 7.283884558632469641e-01 -8.764968411886143729e-01
81 46 -5.448755454115702945e-02 2.168401046733662962e+00
82 46 -3.447842693254709601e-01 1.559879102997024702e+00
83 46 -6.102420819437575084e-01 -1.585946093764298848e+00
84 46 -1.699573718319524085e+00 -1.054392141372771263e+00
85 46 -6.983649513284438948e-01 -5.356690957904293969e-03
86 46 4.291962503960502495e-01 3.032382424935978205e-01
87 46 -8.615633710811136936e-01 1.174526991727066483e-01
88 46 -5.255596152713630786e-01 9.132579181760680509e-01
89 46 -2.613010923038557864e-01 -2.709440429588266253e-01
90 46 -1.120418606158422703e+00 -1.091804048652208481e+00
91 46 -1.099908829512762587e+00 7.921934182713757933e-01
92 46 3.346662167298800616e-01 6.153078032222303317e-02
93 46 2.038552994828031206e+00 -8.125547390773191214e-01
94 46 1.263978322928416498e+00 -1.435184461774982878e-01
95 46 9.650612321125685567e-01 -4.373062386084543007e-01
96 46 7.423410794713899419e-01 -4.035816868439398020e-01
97 46 -7.303970870535392290e-01 3.771230161416709581e-02
98 46 -3.117801959394867484e-01 -7.547975974161063029e-01
99 46 8.489517450402127297e-03 -1.081789407182630836e+00
100 46 -7.053048819158495020e-01 -4.009005722637726254e-02
101 46 -3.191926286953507552e-01 2.627662515395677301e-01
102 46 5.824230089505483265e-01 -9.047877091034448038e-02
103 46 6.706954257646666751e-01 7.138131165231300646e-01
104 46 5.378323436761472953e-01 1.557747575164286857e+00
105 46 7.580714168866601321e-01 6.810934542682506310e-01
106 46 -3.546654348385243349e-02 1.214789245837560316e-01
107 46 -7.962797988733273380e-01 4.544981618886672070e-01
108 46 -1.224493114959927798e-01 6.893038237429910398e-02
109 46 -1.598827510771812510e-01 -1.113282079005950553e+00
110 46 -1.779824418930115448e-01 -1.784187336986211125e+00
111 46 -3.463849254692453195e-01 -2.740458209260159261e-01
112 46 -7.058222217487957195e-01 9.456450509107343638e-01
113 46 -5.759894434828242149e-01 8.719319576343269595e-01
114 46 -4.529046333010748882e-01 -3.265338265393594175e-02
115 46 -5.620387266903087431e-01 -5.077141889306100442e-01
116 46 -1.242761858157116484e-01 -8.979998995621640834e-01
117 46 -8.575262572765331992e-01 -8.916503365447414620e-01
118 46 -9.498918943403061865e-01 -6.681781950717178287e-01
119 46 -9.626588864247318522e-01 8.468647365591956966e-01
120 46 -3.916719354285750909e-01 5.007762696379352008e-01
121 46 1.497227502349511297e-01 1.847014728736710576e-01
122 46 1.057217977696095768e-01 -1.378499088255805138e-02
123 46 1.390983544628078827e-01 6.358350643010207692e-01
124 46 2.169451153622349582e-01 -2.987118227879566046e-01
125 46 -1.726997158408501432e-01 3.735636486772830889e-01
126 46 -3.994521820246845212e-01 7.324809631989066538e-01
127 46 -3.137171008332790834e-01 1.617623764517923446e+00
128 46 -6.395060736902232756e-01 3.466881790415637377e-01
129 46 -4.969504060066752826e-01 2.997009185357269942e-02
130 46 -6.840190650039494891e-01 3.131820021594196035e-01
131 46 8.078829562437563894e-01 7.287025355435432505e-01
132 46 8.799076604575972738e-01 -4.283443341579580288e-01
133 46 2.741083103611713367e-01 -5.678483905650563157e-01
134 46 -8.825523407772822848e-01 -1.043578954573196327e-01
135 46 -9.863439533465224729e-01 5.327589076117140721e-01
136 46 -1.759334107676390646e+00 1.616989671213979740e-01
137 46 -7.691951570765115376e-01 5.785348563158785318e-01
138 46 1.871206707640205025e-01 6.300410756224827935e-01
139 46 4.330962217655751623e-01 -5.212244434410406857e-01
140 46 2.162973592923103927e-01 -7.987414998082784101e-02
141 46 3.088603659953005898e-01 4.161847224741660467e-01
142 46 5.986517083346993839e-01 -5.313934209434285627e-01
143 46 2.332972930994043348e-01 -1.545287833276335121e+00
144 46 4.435436132884419957e-01 -7.142278228549404639e-01
145 46 6.215856721909446270e-01 6.651248097999434838e-02
146 46 1.084074330949170273e+00 -2.967009250991832769e-01
147 46 5.989594675076092001e-01 -3.996329972306439937e-01
148 46 6.919144170902932212e-01 1.007547010500519924e-01
149 46 9.454403812865443124e-02 9.725888939036940462e-02
150 46 1.652747323131132373e-01 1.543807384260043047e-02
47 47 5.120583092092998889e+00 -3.958601368040428170e+00
48 47 -1.305005998375336623e-02 1.860998906580268342e+00
49 47 5.123954701886579421e+00 4.142970071637721574e+00
50 47 -2.077755295695505114e-03 -7.178398348984658561e+00
51 47 1.729479231152591057e+00 1.602888234175901871e+00
52 47 -3.747812828689949249e+00 -1.722573145109543846e+00
53 47 1.629719401902596898e+00 5.357999903754343762e+00
54 47 -1.807683557474208724e+00 -1.910351739111508351e+00
55 47 4.113378806674307775e+00 -6.177700285197416097e-01
56 47 4.620697981011725020e+00 5.990289233036664385e+00
57 47 2.231367971658881455e+00 -4.549033016501373261e+00
58 47 -3.582151198005380621e+00 9.079212128519664748e-01
59 47 -1.055092603094293979e+00 -8.598630772783503184e-01
60 47 -6.794791470068343164e-01 -1.289726184731550651e+00
61 47 -3.306826214201326053e+00 7.082565314358050257e-01
62 47 -3.865801218671429673e-01 -3.274195428213106385e-01
63 47 2.512847110079955648e+00 -2.431924957045666247e+00
64 47 -1.915290858726512502e+00 -2.261891191261639733e+00
65 47 4.371247058640435057e-01 4.322047072330354456e-01
66 47 1.527711558399889480e+00 1.104065130241315362e+00
67 47 -1.978049201331087081e+00 -2.427215165865156621e+00
68 47 -3.126660594189527020e-01 1.540039481572591296e+00
69 47 1.357437027264071006e+00 3.418009060639053853e+00
70 47 -4.241163712604840152e-01 -7.254929630795174944e-01
71 47 6.867839490176319561e-02 5.372403915469509128e-02
72 47 2.170958551249511093e+00 -1.238866838225609890e-01
73 47 3.304943570919523510e-01 -3.332974762410836789e+00
74 47 -6.318495409294024867e-01 -7.150547005905812936e-01
75 47 -3.790639393847607952e-01 -8.292714943520067550e-01
76 47 6.230267713141918184e-01 -2.419684227175035840e+00
77 47 -1.029419641890408244e+00 -1.447378523202229594e+00
78 47 -1.051111737840731419e-01 9.543447476776467653e-02
79 47 4.757937062830949193e-01 7.242108397157065447e-02
80 47 -9.175063957517820556e-01 -6.517130007115990997e-01
81 47 -2.084101137661125147e+00 3.443118787305592954e-01
82 47 -1.724619833870600694e+00 7.918210843723456627e-01
83 47 -1.921470648558540217e+00 -7.769932756620983039e-01
84 47 -1.842738332828963932e+00 -1.987976066089012006e+00
85 47 1.307023634494813846e+00 -1.356207958163514693e+00
86 47 1.554060868215836333e+00 -1.083788579221461656e+00
87 47 6.553397262461979622e-01 -4.447591082040081023e-01
88 47 5.510565653344750014e-01 2.520330772763037075e+00
89 47 1.899231925760186401e-01 1.749975696366965927e+00
90 47 -6.801813691268849826e-01 -1.423952987006128268e+00
91 47 -1.097910260173002639e+00 -2.562592856699188459e-01
92 47 2.928400574209927276e-01 2.577860558630766241e-01
93 47 1.107850046325252524e+00 -1.510420857431458153e+00
94 47 3.643750623089777041e-01 -8.585421115900914169e-01
95 47 8.550401669860532294e-01 8.565050864000317565e-01
96 47 1.878634029098103175e+00 5.043362855657480548e-01
97 47 9.627371411580141203e-01 1.744177106496718199e-01
98 47 9.008694862573929374e-02 7.937501451842255973e-01
99 47 3.824144805011101544e-01 2.153956548114100977e-01
100 47 5.852430523688340047e-01 -2.545567027536077553e-01
101 47 -2.232502194604005508e-01 2.365638462132166331e-01
102 47 -2.413056711979917335e-01 3.884749017063906518e-01
103 47 7.867364039294841849e-01 3.654394831778036146e-01
104 47 8.142719714856606616e-01 1.051348936189240968e+00
105 47 6.120596944729249644e-01 1.485333172203728402e+00
106 47 1.643147202191068135e-01 4.271413820388254567e-01
107 47 3.238533181380121029e-03 -5.049451969644427329e-01
108 47 2.131579279627892065e-01 -4.212940781210955943e-01
109 47 2.513109658851067074e-01 8.314165316217408952e-02
110 47 9.310181076634156394e-01 1.120721049061796482e+00
111 47 1.039679172629847992e+00 1.124985689045173709e+00
112 47 -5.863378184054537923e-02 1.972042340038797359e-01
113 47 -1.208893544110788865e+00 -3.055494169119286063e-01
114 47 -1.239681014700060535e+00 -1.993169555673386384e-01
115 47 -2.461901337622081076e-01 -5.695981654282500362e-01
116 47 3.444437652790814375e-01 -1.012546356619458132e-01
117 47 7.427003802334442017e-01 6.055501508203766647e-01
118 47 1.724979672060130254e+00 6.750693205077187287e-01
119 47 1.072330152613054866e+00 -5.341731798385545016e-01
120 47 -3.014356818517967551e-01 -4.277371898485465285e-01
121 47 -7.435018198281623247e-01 -3.124041732023892237e-01
122 47 1.866765335420714211e-02 -4.274700948394621891e-01
123 47 2.535351057586891499e-01 -8.529744660328499872e-01
124 47 2.782714181648749951e-01 1.868624270805021581e-01
125 47 -2.154076036400290328e-03 5.843281887996985002e-01
126 47 8.495892408823064734e-01 6.575634457497827601e-01
127 47 -3.323619140321797394e-01 -6.920524793774401884e-02
128 47 -2.562192967758834539e-01 -2.542312716233093850e-01
129 47 -4.574187319482758696e-01 -4.416663982299235958e-01
130 47 4.207561940075791873e-01 -1.868297308526280787e-01
131 47 2.675733160160872481e-01 -1.255640187719110068e-01
132 47 7.048032876211817177e-01 2.787772641690086095e-01
133 47 -1.451880356479931244e-01 7.384105489236243436e-01
134 47 5.126777553162046308e-01 1.069941589522247938e+00
135 47 -5.935222769695012168e-01 7.269723667677604473e-01
136 47 3.458174110464533602e-01 2.560163301199812058e-01
137 47 -2.506012819485432530e-01 4.669676178789428089e-02
138 47 9.040639189863863834e-01 -3.719097525694317063e-01
139 47 -1.820894547748880266e-01 -1.367192582930967459e+00
140 47 3.908675332649233503e-01 -6.134971627755803070e-01
141 47 7.977067677879899621e-02 -1.166379273842492736e-01
142 47 8.302985692233000314e-01 2.128516810737855758e-01
143 47 -9.628275493562957754e-01 -7.750738688839893253e-01
144 47 3.794170075235703266e-01 1.692080154704526107e-01
145 47 5.178429117004224036e-01 -2.431158874728729935e-01
146 47 1.715810060476019583e+00 -9.902681013167999313e-02
147 47 -1.072306365597698319e-01 -9.100916368225626663e-01
148 47 3.637871245899447770e-01 4.021815394504070218e-01
149 47 -6.013177515989527322e-01 -7.264930899468705627e-01
150 47 1.883705646565486391e-01 -1.679761260294939385e-01
48 48 9.795695064136606955e-01 -2.009702398427894998e+00
49 48 1.374137274437095879e+00 3.626618866522981044e+00
50 48 4.438498080248876043e+00 2.566408530433102797e+00
51 48 -2.757007754543068678e+00 -9.020225680026074944e-01
52 48 4.027111867129230305e+00 1.423255541019735393e+00
53 48 -4.746241562396213531e+00 -1.808488284386079004e+00
54 48 1.559651709055799085e+00 2.694903452232131902e-01
55 48 -5.358257972764246091e+00 3.517563896697140535e+00
56 48 1.492533265562746847e-01 -2.053500850296254399e+00
57 48 2.783178025686785961e+00 4.289977398539290832e+00
58 48 -9.581577284667940342e-01 -3.149311599285732566e+00
59 48 2.682585286315362083e+00 1.132266201551809459e+00
60 48 -1.555622888905941803e+00 -2.942424363543947319e+00
61 48 -1.549123544753433723e+00 1.425825221115938901e-01
62 48 6.022604800029492944e-01 2.603702286643051700e+00
63 48 4.748226765852749942e+00 1.069377446790214098e-01
64 48 2.877886888456569370e+00 -3.811403252218380722e+00
65 48 1.409825122578323597e+00 -1.310986138898343034e+00
66 48 2.449887263484800570e+00 1.332794820870392138e-01
67 48 1.428822670962248909e+00 -1.590315709419462875e+00
68 48 -3.590787972705525188e+00 -1.078834222701376078e+00
69 48 3.743475708018177972e-01 1.380724255204404116e+00
70 48 1.187790226995401044e+00 -2.423097462246333045e-01
71 48 -1.623127065858362750e+00 -1.123372937560715989e-01
72 48 -4.300154483228948998e-01 3.201877866298711073e+00
73 48 1.601142597691042946e+00 2.179728733175064992e+00
74 48 -6.721572102205503052e-01 -7.668996228013393868e-01
75 48 1.797767561004077974e+00 -3.276756009999035602e-01
76 48 2.392582050940170291e+00 2.334091673863313288e-01
77 48 8.485196353538295710e-01 -3.641663111628715921e+00
78 48 -7.312605451923928079e-01 -4.912802769700013172e-01
79 48 -2.883696460969011888e-01 1.328081649328148428e+00
80 48 5.311892381693360532e-01 3.813333284926772038e-01
81 48 -1.616075747832816045e+00 5.367315238783296749e-01
82 48 -5.683285145813047334e-01 -1.529797790016924341e-01
83 48 9.733035442001721771e-01 -1.085634751611990190e+00
84 48 -5.094845988606944154e-01 -1.186457857543293137e+00
85 48 5.680710032815878829e-01 3.193552542119410531e-01
86 48 2.265858331583916030e+00 9.815139306817725062e-01
87 48 1.849009416944445316e+00 4.785480474414873231e-01
88 48 5.909750799271169530e-01 8.329120747081250054e-01
89 48 1.855518298047346415e-01 1.181811889863009890e+00
90 48 -1.737868218453945679e-01 -6.138559934796316009e-01
91 48 -1.525136444475655439e+00 -1.032146378762060612e+00
92 48 -2.192089383337245678e-01 -3.226336979957738493e-01
93 48 2.408694435195475603e-01 -6.624535119580009512e-01
94 48 -1.175215875754274553e+00 -7.407098482065345157e-01
95 48 -4.535677603565686500e-01 -2.194212966060863496e-02
96 48 -6.584771938612292430e-02 2.936991063439110539e-01
97 48 -9.590287358249229843e-01 4.198115332997582883e-01
98 48 -1.091149738353382359e+00 1.558578973930533351e+00
99 48 -4.586050847212570503e-01 1.181188806633666211e+00
100 48 -2.296684974326868578e-01 2.901691439912372217e-01
101 48 3.038457764494122970e-01 5.609010559466657275e-01
102 48 2.120287144477655428e+00 1.424380873166429806e-01
103 48 2.442173597478598079e+00 -8.206473173246533470e-01
104 48 8.458777560071234491e-01 -7.857215243640800484e-01
105 48 2.200223981753276215e-01 1.458570329053344161e-01
106 48 9.834121955762679945e-02 -1.061412631502070547e-01
107 48 -1.839712996322992455e-01 -9.769092988159054913e-01
108 48 4.153062870447799537e-01 -1.034320237655244057e+00
109 48 1.072950471525127014e+00 -1.037517849396462521e+00
110 48 1.401718369255733121e+00 -2.394926914242193616e-01
111 48 3.196383061678505499e-01 1.186748662427487888e+00
112 48 -8.441019433030755303e-01 1.584323644681328247e+00
113 48 -4.947432084163171373e-01 7.422884851880461321e-01
114 48 1.496249194763025203e-01 -1.031429270798054576e+00
115 48 5.537231434847332823e-01 -1.569154413847754892e+00
116 48 1.068742018388341819e+00 -7.505598677376958960e-01
117 48 1.023828404150631810e+00 -6.401990364603136197e-01
118 48 1.323751927380072968e-01 -1.666837160306053889e-01
119 48 -1.073902536755014347e+00 3.461995978325203005e-01
120 48 -6.637681303457313442e-01 3.483776619113704287e-01
121 48 -1.223320069912969543e-01 7.026102614071573216e-01
122 48 -1.288613179351708882e-01 5.225574767330842807e-02
123 48 -2.644928860409003768e-01 -4.453532439115551744e-01
124 48 6.416665205782798309e-02 1.624648868172546834e-01
125 48 3.515998436589439224e-01 5.006165091820535817e-01
126 48 2.839095894652962637e-01 8.252985258081186881e-01
127 48 -5.077751998052936200e-01 1.004662468369998951e+00
128 48 -2.816304060762506722e-01 1.021847098339492499e+00
129 48 -1.146473075241158796e-01 1.894332832457837346e-01
130 48 3.739695654834269134e-01 -7.580775249654750358e-02
131 48 6.486666484961052248e-01 2.988301378550101695e-01
132 48 9.970826838115015578e-01 3.074367376048706135e-01
133 48 2.765035328918396540e-01 -3.730677532034706867e-01
134 48 -4.219329336277513609e-01 -1.392981764426847457e-01
135 48 -7.796950777000701827e-01 3.592029422329710009e-01
136 48 1.068018428527311575e-01 2.924635699002873790e-01
137 48 -5.670723609148539679e-02 -2.316761363627841408e-01
138 48 -7.974052942992387871e-02 -1.610701811705243791e-01
139 48 3.026333900601191340e-01 -7.063091680786268145e-02
140 48 6.134602424313998492e-01 -2.015737913291528183e-01
141 48 7.202145066185590139e-01 8.736119776373540979e-02
142 48 -6.752880340716047036e-02 -2.620423038877944810e-01
143 48 -1.138692113143564139e-01 -6.292561302754734465e-01
144 48 -4.734957652021558605e-01 -8.544587012509679003e-01
145 48 -3.196762374710472865e-01 3.186297532337518945e-02
146 48 -8.384531811315223404e-01 3.075702386741199779e-02
147 48 2.375682951754047312e-01 2.283427515773989169e-02
148 48 -4.634556323048782400e-01 1.402438059253380276e-01
149 48 -4.510969849497908912e-01 2.641803060668024283e-03
150 48 -8.443511278907991358e-01 -4.636544781128118520e-01
49 49 -4.469858006181127719e-01 5.027933433852506129e-01
50 49 1.258229837373550097e+00 9.815166759514177830e-01
51 49 -8.132392120835753024e-01 8.098350494697237334e-01
52 49 -1.250517570243285803e+00 4.119410302615156283e+00
53 49 6.655813177892537791e-01 -1.970654039556827053e+00
54 49 -2.482684133188398423e+00 6.687403621774232546e-03
55 49 8.057113550024167514e-01 -3.183695249993615306e+00
56 49 -1.096776904460362717e-01 3.252539058245921488e+00
57 49 -2.093553871654241672e+00 -1.007494752625746059e+00
58 49 1.006673220149271408e+00 7.825042670466598738e-01
59 49 -1.250706016785583685e+00 6.892917306789043685e-01
60 49 6.831876506957863526e+00 7.634716208068110799e-01
61 49 -4.999001719273067357e-01 5.522169881108698331e-01
62 49 -4.202570516127751010e-01 -1.273154071549433164e+00
63 49 2.215457024864121216e+00 1.705598345687074691e+00
64 49 2.222061568780121510e-01 -9.582562024479391871e-01
65 49 -2.142275302585522123e+00 1.026643696375629355e+00
66 49 -1.300464879169282995e+00 2.005896437208997352e+00
67 49 -8.630715568738452081e-02 -1.102544332403722210e-01
68 49 2.845754639855086476e-01 8.622335744631990373e-01
69 49 8.461575025318401888e-01 1.645230115494022316e+00
70 49 3.997943175923033277e-01 -1.815456862515280712e+00
71 49 -1.674258532986280690e+00 -1.166405538055747648e+00
72 49 -1.753525494462555567e+00 1.021853012005801142e+00
73 49 -8.038248245159599348e-01 1.379433179884023808e+00
74 49 -3.048911304186701532e+00 -1.286344332074169206e+00
75 49 -1.640476366348954773e+00 3.846606401587605861e-02
76 49 1.669755740287360402e+00 -9.358397558456618692e-02
77 49 2.309399228461330278e+00 1.887423405830778722e-01
78 49 -1.375323563193338594e-01 1.477078005057043120e+00
79 49 6.926644003714890196e-01 2.863137485691586548e+00
80 49 2.255734576623525944e-01 1.558175563638056316e+00
81 49 -1.241616452081684807e+00 2.471061856553981584e-01
82 49 3.595109505154419072e-01 2.274893715842740971e-01
83 49 1.819393614928266789e+00 -9.010292606529964887e-01
84 49 1.551205544925448043e+00 -1.645216901491628025e+00
85 49 1.042084725422010028e+00 2.044806101876919802e-01
86 49 9.792657718375028519e-01 7.387713519472526302e-01
87 49 3.298868479197739068e-01 6.657359595676607400e-01
88 49 -1.960081527706582394e+00 1.455936128725054957e+00
89 49 -1.565210723255665570e+00 9.341365211299647031e-01
90 49 2.481332623268693860e-01 -5.774394540789810071e-01
91 49 -7.765002377137626421e-01 -1.830671326089242656e+00
92 49 1.516918313457954470e-01 -6.599193655701142136e-01
93 49 1.520891454359672990e+00 -2.949225849751789807e-01
94 49 7.312231016758627966e-01 -6.649806068488527400e-01
95 49 -2.542594738521798403e-01 8.839053109869411395e-01
96 49 7.838476675057151066e-01 1.401090751884807917e+00
97 49 2.518542281926201554e+00 6.156833453162416925e-01
98 49 1.297641273036259646e+00 1.559054429688746246e-01
99 49 1.650122719200552979e-01 -4.001605332662957482e-01
100 49 2.166585679260664421e-01 -8.908473880881742080e-01
101 49 2.150931529705326084e-01 -7.850402148991076912e-01
102 49 6.417370687583213718e-01 -4.328146236980962569e-01
103 49 1.199764881332108013e+00 -2.405622317018215328e-01
104 49 1.706437159469175846e+00 -5.908075398664350275e-03
105 49 1.207881706156794577e+00 -8.657281181484484389e-02
106 49 -1.823467964931627106e-02 -1.110165557402276404e+00
107 49 -6.575972337408262369e-01 -6.197278606761891240e-01
108 49 -1.549934252887807257e-02 2.127872210221374294e-01
109 49 1.464243911255279862e+00 -1.741035657564134476e-01
110 49 1.398161420873863747e+00 5.581556601696439079e-01
111 49 5.833200248639307528e-01 7.142214462997698021e-01
112 49 1.777138317289713443e-01 -2.805268512236148634e-02
113 49 -1.130199632680489286e+00 -7.272955574516781763e-02
114 49 -1.593941492764022749e+00 -9.379830223866417738e-01
115 49 -4.921075267632477046e-01 -7.810428470082323438e-01
116 49 3.584629605174446954e-01 -3.370829066891366521e-01
117 49 1.038509770593597503e+00 4.113079731763462088e-01
118 49 9.419036860150207247e-01 1.005830460066792886e+00
119 49 2.041698948529450386e-01 7.393608621719056639e-01
120 49 -8.349296006871165243e-01 -4.301678135710423345e-01
121 49 -1.627015569146895269e+00 1.857616202663348315e-01
122 49 -1.272141342411835740e+00 2.429203558266709861e-01
123 49 -1.491708333988835955e-01 9.241526975947760292e-01
124 49 6.228947908130947342e-01 8.979937512575006386e-02
125 49 8.423256009844917180e-01 7.560079109718613743e-01
126 49 5.464267146526224916e-01 2.771890091015222213e-01
127 49 1.029199550220009751e+00 2.677379087250021383e-01
128 49 2.963606321875356109e-01 -5.663147863393437342e-01
129 49 -2.986169803651532173e-01 5.232730050170648628e-01
130 49 -5.005073121109513412e-01 -3.928791679655498359e-01
131 49 6.931754375641321353e-01 6.810612599863525851e-01
132 49 1.370691927461474835e-01 -2.985261848044182820e-01
133 49 -5.082955044351682161e-02 7.554690489638721251e-01
134 49 -7.398151495996526661e-01 3.630988362813932224e-01
135 49 1.063716753647265145e+00 3.268836618202487498e-01
136 49 7.697114943246874397e-01 -8.737614499073080854e-01
137 49 6.344091837841818737e-01 -2.109879359164584800e-01
138 49 -9.832962126955550053e-01 -7.339031530221437061e-01
139 49 -8.027179112166054065e-01 -5.252136980531459942e-01
140 49 -2.292683542912466343e+00 -5.597370215640874447e-01
141 49 -9.218501199870604568e-01 8.283568318677794196e-01
142 49 -5.584758311703139633e-01 9.079835436814975846e-01
143 49 1.214973839219735952e-01 2.080578241340388934e-01
144 49 -7.146380469326980567e-01 -1.722549825763143028e-01
145 49 6.856600170826102625e-01 -1.728199827268057098e-01
146 49 8.397083921117918237e-01 -2.874274066526432136e-01
147 49 -2.677035595710918203e-01 -6.071355444654713551e-01
148 49 -1.038887603819506067e+00 -4.776922380492422682e-01
149 49 -1.002449012263561645e+00 5.235331777129455244e-02
150 49 -9.341404464715721279e-01 -2.747281116135121826e-01
50 50 2.301157802111995831e+00 3.951932176268649677e+00
51 50 -1.312872766745152298e+00 -1.117840723504564648e+00
52 50 -4.362736949059613956e+00 1.828467404414605202e+00
53 50 4.539567149008006730e+00 3.410690207259833517e+00
54 50 -1.264136823497131301e+00 -2.190118478842433714e+00
55 50 5.077016046003789418e-01 3.430813422335178275e-01
56 50 -3.257876171393092157e+00 -2.043378611391985622e+00
57 50 4.969259609557776791e+00 -1.235898217513931252e+00
58 50 -9.545823886993942686e-02 1.432414451728089899e+00
59 50 -1.504547478113602121e+00 2.531261760823665385e-01
60 50 1.866159314840404093e+00 4.678726431816659925e+00
61 50 8.621907614243131679e-01 5.513182102825345265e-02
62 50 -3.085862400830371444e-01 2.522039344700811814e+00
63 50 7.357280258179464960e-01 1.145110989107009092e-01
64 50 -1.005979458036175611e+00 -1.752042703482997732e+00
65 50 -1.539877857319876142e+00 -9.406655069278023751e-01
66 50 -9.957206682236585671e-01 2.311222993173379869e+00
67 50 8.930054090287633528e-01 3.957218084566402894e-01
68 50 -1.175476503773016601e+00 6.352268397647364839e-02
69 50 -2.227100032515415828e-01 -1.622294830273577071e-01
70 50 4.684942372806989219e+00 -5.603554689238419151e-01
71 50 1.758137865003574163e+00 -1.413799783774795982e+00
72 50 -6.423746800173827376e-01 3.941195007903798286e-01
73 50 8.884259328487249530e-01 8.474767448326485653e-01
74 50 1.149932402388120778e-02 -1.428792657570645996e+00
75 50 -1.229445973513408230e+00 -1.547865197281951710e+00
76 50 1.840868372140741505e-02 -4.819418598972488588e-01
77 50 5.177552084450071090e-01 -3.214058845700268341e-01
78 50 2.035679210654342541e-01 1.370269678757081389e+00
79 50 -1.391710630174511687e+00 3.306098590611174615e+00
80 50 -1.688560272321553701e-01 1.078030032773246605e+00
81 50 -1.357653363967135096e+00 -1.131592021501719447e+00
82 50 -1.148061459650802085e+00 -1.462239071139623370e+00
83 50 7.157246917500365013e-01 -1.415038516302983496e+00
84 50 8.338416493075838654e-01 -1.028913134847142974e+00
85 50 -8.785325450089267463e-01 1.122547223522918802e+00
86 50 -3.593576568374456937e-02 1.456788014486496641e+00
87 50 5.027018888477708947e-01 -1.597113051032253983e-01
88 50 -1.401495047830241703e+00 -9.704550598583916443e-01
89 50 -1.133237216361906885e+00 -3.870800472028227412e-01
90 50 -7.316575540184109272e-01 1.895725181194078957e-01
91 50 -9.151275048911268195e-01 -3.282174716978388807e-01
92 50 2.789072640030952344e-01 1.177957465986605223e+00
93 50 1.671562344840602066e+00 1.406296377159539146e+00
94 50 9.050637553021984028e-01 1.010803123989235108e-01
95 50 -1.255350869104860101e-01 7.387151463935331952e-01
96 50 1.102693789969440008e-01 1.170705776400654763e+00
97 50 -2.654162519553142086e-01 1.974261203117528563e-01
98 50 -5.045599008532999363e-01 4.580170206979850556e-01
99 50 5.288694180628563668e-01 1.403132613582858124e+00
100 50 5.708168141566761777e-01 -6.064305113979234774e-01
101 50 3.635125904219377313e-01 -1.989317581863194961e+00
102 50 6.960724398731950036e-01 -5.144701566155646111e-01
103 50 3.496954643188833756e-01 -4.334193934397578274e-01
104 50 -1.353751380610867527e-01 -6.496582731277485978e-01
105 50 -1.026373205917792575e+00 8.068288723953297437e-01
106 50 -6.909210638260879778e-01 1.271923715442151881e+00
107 50 1.505455913178702365e-01 2.342608665585623751e-01
108 50 -3.654380637151498079e-01 -5.230637095235359801e-01
109 50 -1.796122667702368947e-01 -4.603110418681966021e-01
110 50 1.578525034454588694e-01 -1.742457540287511986e-02
111 50 -6.592994688424315408e-02 3.909813895352014512e-01
112 50 -6.462069971497705900e-01 3.902810001767491599e-01
113 50 -8.387484768638653332e-01 -2.607875086697177269e-01
114 50 -8.331066315624791052e-02 -9.164343129870904381e-01
115 50 1.319193391169025120e-01 -1.510222098489720333e+00
116 50 -6.044472323056859775e-01 -1.634715804624712110e+00
117 50 -7.479126440382790619e-01 -3.387262616224087641e-01
118 50 -7.564612300443050996e-01 1.133065430162036424e+00
119 50 -3.298694451899452651e-01 1.072372054913791173e+00
120 50 2.519214264224967081e-03 1.046146175471793560e+00
121 50 6.607057774980445997e-01 7.109520230063587354e-01
122 50 7.112522870737820746e-01 -2.611144563843572630e-01
123 50 1.059806848255563927e-01 -1.447519338930775445e+00
124 50 -6.109571157646116468e-01 -1.037465137494793410e+00
125 50 4.612197781940058361e-01 3.319010861929785200e-02
126 50 9.937201441595386875e-01 8.789121409367643967e-01
127 50 1.024897947270596354e+00 2.893149442893802048e-01
128 50 1.811547267999009669e-01 8.920232310473795723e-01
129 50 7.018639860056004043e-01 5.041504259828638590e-01
130 50 4.413511120620548511e-01 -3.292160252935373843e-01
131 50 9.802621968478397729e-02 -1.227900201058364393e+00
132 50 -3.582785311994058919e-01 -6.701487406705308736e-01
133 50 -3.999333603118775948e-01 -6.508052539084470123e-01
134 50 -8.514672342475393396e-01 -2.602010309220726958e-01
135 50 -5.491918317104320657e-01 6.410913670574618084e-02
136 50 -2.181977699563868722e-01 9.689181229412879848e-01
137 50 4.669039856948354883e-01 3.823396187704350413e-01
138 50 3.170164114165177072e-01 6.155871067061595703e-01
139 50 1.204596565399290858e-01 1.355861967869088358e-01
140 50 2.965825975062289510e-01 -2.672777156599492887e-01
141 50 -5.765507356050547649e-02 -4.059194414789985550e-01
142 50 5.184104841692880328e-01 -6.737245487989357295e-01
143 50 3.492331137220187898e-02 -5.232993134233447918e-01
144 50 6.116250736338393890e-02 5.972302830131974716e-01
145 50 -6.213293510292416943e-02 4.587896740638588433e-01
146 50 1.207855199159521886e+00 5.438159639101263210e-01
147 50 -1.624408494895335231e-02 6.654740770464296906e-01
148 50 1.463534425366424252e-01 1.078983956471782912e+00
149 50 -7.703724176996386008e-01 -2.737407819605906512e-01
150 50 1.955459490068528206e-01 -1.625238947137133572e+00
51 51 2.103341689256642777e+00 2.867580393816727913e+00
52 51 -3.519466624360381601e+00 -4.721075167824933527e-01
53 51 -2.083836146441198522e+00 2.984258821554122587e+00
54 51 4.698417643980234537e+00 -3.151428720993416643e-01
55 51 -1.861060584393820827e+00 1.521382803202610656e+00
56 51 3.849780662566951062e+00 -3.935982197676214378e-01
57 51 -4.771573354758613661e+00 -8.341055481183416997e-01
58 51 1.747738250681920347e+00 -4.091461125567440682e+00
59 51 7.785446058206700881e-01 3.800002372017360575e+00
60 51 -4.152880784327292574e+00 -4.799619974849400061e-01
61 51 1.250945163928560255e+00 1.997214140824008499e+00
62 51 -4.240883671653833176e+00 5.014353437142047287e-01
63 51 3.071372286330597223e+00 1.432955209918057360e+00
64 51 8.894406580223566949e-02 7.768986681872319666e-01
65 51 -1.570471846900215684e+00 -3.518404707086681960e-01
66 51 -2.709393126715577416e-01 1.036047121468357091e+00
67 51 5.457364943589475992e+00 6.774079075364214386e-01
68 51 3.421477601752503261e+00 -1.392311687698913003e+00
69 51 -5.547627088322961697e-01 1.982008726427786360e-03
70 51 2.600046218329940539e-01 -5.751373598435548518e-01
71 51 1.779809170533388496e+00 -2.805076301706691311e+00
72 51 -1.130019243755503222e+00 1.685086560959115465e+00
73 51 9.213548191988416569e-01 2.077441011764135315e+00
74 51 2.197131307975871195e+00 -1.187523206591167613e+00
75 51 -8.088734610486896237e-01 -1.057747552064947971e+00
76 51 -4.229321479571550579e-01 5.864522029776884082e-01
77 51 2.445438792594520905e+00 3.276002016627679869e-02
78 51 -8.976066374999421837e-01 5.975189929448909698e-01
79 51 -1.514288421329001988e+00 6.169669752235451554e-01
80 51 -3.233824287675482467e-02 5.632079606910530556e-01
81 51 -2.628371705473555031e-01 -2.896211124670255543e+00
82 51 -8.027672224326138917e-01 -1.233341015592481549e+00
83 51 -6.340630400585971493e-01 -1.072321978557699562e-01
84 51 1.631243954016704301e+00 -1.469547719435450039e+00
85 51 2.677525898578868579e-01 -6.849146396994874042e-01
86 51 -8.366818029480401764e-01 1.155199849321101535e+00
87 51 -2.556684865882685731e-01 1.091811994573437694e+00
88 51 -9.826738277594300186e-01 3.722857278004496062e-01
89 51 -1.926836223816960625e-01 3.812923365304395906e-01
90 51 1.155270512975562269e+00 1.344229360403048634e-01
91 51 8.525602014320399213e-01 -9.701469482299202030e-01
92 51 -7.803466722317711213e-01 -8.964375273863186555e-01
93 51 1.524516853343937384e-01 7.912673856479102152e-01
94 51 6.304697113453789914e-01 6.630232780991883734e-01
95 51 -8.114892771435878727e-01 6.687994364945770709e-02
96 51 4.730191415147090295e-01 1.368357343949267446e-01
97 51 1.014379445382213696e+00 -6.550786756537427813e-01
98 51 -7.606767418727647945e-01 -2.147756685028352486e+00
99 51 -1.169709416662491508e+00 -1.211360792873929837e+00
100 51 -9.904977120589150141e-01 3.183485878416043580e-01
101 51 -3.741851323837407373e-01 2.848401608627508241e-01
102 51 9.326344155772879896e-01 7.867333043218991406e-01
103 51 1.420525784484874876e+00 1.058625440043106991e+00
104 51 4.989264338501426810e-01 9.752802458839234800e-01
105 51 -4.512747900397687806e-01 6.780762355286449328e-01
106 51 3.254430044129495436e-01 9.772966594475882007e-02
107 51 2.132951161515291294e-01 -3.439691803355302557e-01
108 51 -2.813164273226074347e-02 -9.219487731954462140e-02
109 51 1.330402263698956755e+00 7.937871422718204562e-01
110 51 5.789067753313762443e-01 1.081282435922099605e-01
111 51 -2.700877478360532713e-01 -1.070541565413527296e+00
112 51 2.997183097607786922e-02 -1.361491922987649039e-01
113 51 -8.591730822529892730e-01 4.993769360316550054e-01
114 51 -8.381136082100850704e-01 2.507043070993960621e-01
115 51 -5.313425468898684834e-01 4.255871944349751690e-01
116 51 -2.051698085026855134e-01 4.238986204478841779e-01
117 51 9.426339873485332088e-01 -1.025207523645704499e-01
118 51 5.575760118657262510e-01 -4.724040149527141130e-01
119 51 -4.858821978847054357e-01 -3.376424718142890802e-01
120 51 -8.265435808978731647e-01 7.748072985233575571e-02
121 51 -7.617744740309908558e-01 -1.368423403950766726e-01
122 51 2.072213497164133444e-01 4.266226904840065837e-01
123 51 9.407479572358173892e-01 -2.312366413661767761e-01
124 51 6.315526400507097682e-01 -1.157660513910546918e+00
125 51 -1.475519626369002357e-01 -1.454098390448570255e+00
126 51 -4.872265756613100574e-01 -8.818991235251932848e-01
127 51 2.800112611864635781e-01 -4.638565063189266091e-01
128 51 4.447759500642224362e-01 2.727530705088956342e-01
129 51 -2.615465531378188824e-02 5.390438283047377377e-02
130 51 -1.666763517659550220e-01 1.044271082809697049e+00
131 51 2.715414826542610349e-01 4.703712523399981027e-01
132 51 7.885271707346053205e-01 4.579485661949326269e-01
133 51 4.015589882696292690e-01 -5.398163167088614323e-01
134 51 2.257819204600542695e-01 -7.594367372213776946e-02
135 51 7.882426064965366574e-01 -5.210227971067475927e-01
136 51 1.225656252843024818e+00 1.099394570979214530e-01
137 51 3.160282848911263320e-01 -8.114666010118070094e-01
138 51 -4.922602977642072664e-01 7.174169193542596634e-01
139 51 -4.695777230155789850e-01 8.229487188771777983e-01
140 51 2.586836695927988705e-01 1.222419465966376961e+00
141 51 -9.624619629000352727e-03 -6.211990829674619852e-02
142 51 9.166048137549156483e-01 3.188887046609258924e-01
143 51 7.360097547641679672e-01 -5.513632984992216102e-01
144 51 4.400884674508423466e-01 -5.181215591681821442e-01
145 51 -2.603390135397103955e-01 -6.045255544511030088e-01
146 51 2.274129017454581403e-01 5.098442191236541854e-01
147 51 -2.176189182755026708e-01 2.653296572056275116e-01
148 51 -7.891605551221675396e-01 3.875938655154381740e-01
149 51 -9.476451533573678754e-01 4.621341602427890827e-01
150 51 2.179336568976326938e-01 4.097854476602375007e-02
52 52 -5.963417989618746695e-01 -8.311935673788883872e-02
53 52 -2.646193959777947136e+00 -3.732709051888258300e-01
54 52 5.197284509704207522e-01 2.156122465597043458e+00
55 52 -2.951107114828395162e+00 -2.143382341818401482e+00
56 52 -7.034183467348270602e-01 2.543095947643228882e+00
57 52 2.226163149865032498e+00 -2.550638011770348879e+00
58 52 -3.034171638876779209e-01 1.517785308982076309e+00
59 52 -1.838608600827286166e+00 -2.009715861816748106e+00
60 52 -2.712522534859304058e-01 1.538710274281595902e+00
61 52 -4.472790938877849065e+00 -1.572746546859358885e+00
62 52 1.996870802354287378e+00 -3.003256536389827591e+00
63 52 -3.967802641515480122e+00 4.241998599872384368e+00
64 52 3.145407616557278185e+00 -1.652518533968089454e+00
65 52 2.070463518265872604e+00 1.101132342525792840e+00
66 52 -1.318191607932780451e+00 1.538877031334381362e+00
67 52 4.717725352526544458e-01 6.489831920407393984e-01
68 52 -1.115856373858631123e+00 -2.552539185110753728e-01
69 52 -9.202460570036438137e-01 7.910448769249886491e-03
70 52 -1.678253937631360437e-02 1.293225700343478168e+00
71 52 -1.287480250295650386e+00 8.830827712375904914e-02
72 52 -1.564683500077080458e+00 -1.376390314350738997e+00
73 52 2.404976790668356124e-01 9.443964001729775459e-01
74 52 2.321567348882839443e+00 2.498518085456221949e-01
75 52 4.470734331920584448e-01 5.180248488465767354e-01
76 52 -1.634253308013300598e+00 1.490632213753475099e+00
77 52 6.635428390830180323e-01 6.185787339854988964e-01
78 52 -2.285704743134045480e-01 -5.431118900334271082e-02
79 52 -1.004637448459790861e+00 3.602058309062772246e-01
80 52 -1.070312113770819140e+00 -1.281813773437420423e+00
81 52 7.446854720545611483e-01 -2.293624388148926663e+00
82 52 -5.229067136458186438e-01 -1.191116857848885324e+00
83 52 4.219194589550981922e-01 1.129881764336334360e+00
84 52 1.092716689305787581e+00 1.734005134380789404e+00
85 52 8.473213841662250445e-01 4.062979064963722631e-01
86 52 1.436779629989893392e+00 -1.090694181715379102e-01
87 52 1.017559837324518268e+00 -7.136270582389304673e-01
88 52 2.219705429367363481e-01 -1.288121950818648331e+00
89 52 -7.948312228954660386e-01 1.675294175460582125e-01
90 52 -8.622693089470319094e-01 8.817838265325830260e-01
91 52 1.090627265406555413e+00 3.602555750989254180e-01
92 52 3.829581022855584882e-01 -1.073788081082955592e-01
93 52 4.865544545451494507e-02 -2.390338630581476109e-01
94 52 1.064214065979607327e+00 -9.665778765070873746e-01
95 52 -6.052208814711964591e-01 -1.016945320928222207e+00
96 52 -7.171366683042613710e-01 1.009838275998185209e+00
97 52 2.159533838822988161e-01 1.344697917447096991e+00
98 52 6.299318993329015015e-01 -4.415076773609073468e-01
99 52 -1.989773019980908483e-02 -5.909891327198890654e-01
100 52 4.641675145947369852e-01 -5.214705510297324986e-01
101 52 1.171499532243825747e+00 -8.428590692800957962e-01
102 52 -5.913581652505427166e-02 -2.767040216835044419e-01
103 52 5.968178986414464093e-01 8.120026382595438852e-01
104 52 7.911879139279547335e-01 1.882930357736202431e+00
105 52 -7.186304444949508374e-01 1.146109514391805417e+00
106 52 -4.873450549424200307e-01 2.337292323701136709e-01
107 52 1.323069442137107532e-01 -5.112083385614966113e-01
108 52 5.942508791234542287e-02 -1.898518269450222284e+00
109 52 -3.628255313335184695e-01 -1.598380359686830898e+00
110 52 -7.943171193594554813e-01 -3.188647600697750994e-01
111 52 -2.443861759205729900e-01 7.420700429867774783e-01
112 52 4.208483749776778526e-02 1.966619532122927116e-01
113 52 1.376500621349018849e-01 -8.750244124205833751e-01
114 52 2.870768827399933221e-01 3.444570430473333639e-02
115 52 -4.016661915551721918e-01 2.144649709784498259e-01
116 52 -5.798837128222477100e-01 1.028933649013672874e-01
117 52 -8.313732306825256657e-01 1.068350845987641629e+00
118 52 -6.549836416377016191e-01 9.163212481135134535e-01
119 52 4.528679391268622956e-01 3.148778310052487983e-01
120 52 3.368444705750687773e-01 -8.391821802819866560e-01
121 52 -3.030365056770822352e-01 -1.766171939081560671e+00
122 52 -3.158641539532475173e-01 -9.060176397401333848e-01
123 52 -2.914823145921502379e-01 1.062094088701180800e-01
124 52 -4.030902762286427826e-02 2.944892870377716632e-01
125 52 1.786808879156290622e-02 4.801728720881313639e-01
126 52 3.368593423252951302e-01 8.818104695466476572e-01
127 52 3.541428587137123718e-01 9.257429522024511748e-01
128 52 3.090986933454514807e-01 -4.615037301784675750e-01
129 52 1.748281134071894005e-01 -3.638233100230789385e-01
130 52 3.794671719528272535e-01 -2.205580011426808151e-02
131 52 6.902847855103112773e-02 -3.054292705424272447e-01
132 52 1.288131427515351590e-01 -4.635145641469984867e-01
133 52 5.537769506291346372e-02 -1.136065185296891156e-01
134 52 5.622153978920756412e-01 -6.644780077053265288e-02
135 52 5.271388284849537476e-01 4.066001420857106585e-01
136 52 2.251316189028351178e-01 -3.013840583562903408e-01
137 52 1.995490251156289696e-01 -1.066191782766634233e-01
138 52 1.131062736203016228e-01 -4.003852070736013125e-01
139 52 -1.967554381413703646e-01 -2.173985889100192859e-01
140 52 -6.235568605358723371e-01 -3.294991154180873516e-01
141 52 -8.300390256364759134e-01 -2.351784001581933570e-01
142 52 -4.225977701510306717e-01 -6.104163774900237538e-01
143 52 1.527844860655811626e-02 -1.862939232540034851e-01
144 52 -8.657194444758480323e-01 1.929813106510251675e-01
145 52 -5.294413817715460935e-01 8.733571401369562004e-01
146 52 -2.029957364094919225e-01 1.245613911982116906e-01
147 52 6.189555921960114837e-01 7.165580531940660136e-02
148 52 -7.332565121004803732e-01 3.820461834487910990e-01
149 52 -3.799365063012018484e-01 -3.159874672782045368e-01
150 52 1.279289260923515692e-01 -1.451395904069080478e+00
53 53 -3.238082642804742672e+00 5.810252625786398450e-01
54 53 2.105172156702425912e-01 -1.159814917355896258e+00
55 53 -3.101558534615915796e-01 -9.171735576714723503e-01
56 53 -6.760736795747067873e+00 8.027459053370810116e-01
57 53 2.012244331943690678e+00 1.050156693978258948e+00
58 53 -1.769640468289403190e-01 -3.172602107537980665e+00
59 53 2.280795149041626502e+00 8.546102683504334108e-01
60 53 -5.966071191043340743e-03 1.394074303576824381e+00
61 53 5.663354562166817985e-01 -3.007961017111049795e+00
62 53 1.981968172882781973e-02 -2.213008587496332336e+00
63 53 3.582209138707660445e-01 -1.678652919003836175e+00
64 53 -4.393864434701524324e-01 3.934023568081264521e+00
65 53 -1.271925328689382351e+00 -1.234984286077562166e+00
66 53 -4.451550123562144634e-01 1.834175020292673208e+00
67 53 7.718601704779388673e-01 6.856245884437166538e-01
68 53 -4.098317305434848734e-01 -7.774007171462946619e-01
69 53 -4.951584248309382374e+00 -1.401724333842286452e+00
70 53 -3.039562221009299403e+00 2.711760022558403982e+00
71 53 8.074323389443616161e-01 1.445302509630434384e+00
72 53 1.095549204928631504e+00 -7.456297825009148283e-01
73 53 3.123370860398475002e-01 -4.066555761627818621e-02
74 53 4.017666788652797472e+00 -7.782451967187501429e-01
75 53 2.377125817759088378e+00 -6.576440687092751647e-01
76 53 -4.047908854765542297e-01 1.846947249348030118e+00
77 53 -1.856932004957223548e-02 2.690665173481320060e+00
78 53 -3.168842042672532777e-01 -3.805358682115313473e-01
79 53 -1.469426609410009466e+00 -1.765321999678910903e+00
80 53 -1.134705952276191254e-01 -2.532295066527860961e-01
81 53 5.525890710932778171e-01 -4.427831619330757640e-01
82 53 -5.651820837357292016e-01 -8.518032378161198848e-01
83 53 -8.279088362773026066e-01 1.598526177673019077e+00
84 53 3.031958861868369604e-01 9.604841558162776627e-01
85 53 -1.547126046659037801e-01 5.533048991557117935e-01
86 53 4.868402824968592196e-02 3.910484554754476427e-01
87 53 2.917068450971047611e-01 -1.138570648536211399e-02
88 53 2.716876297940284402e-01 -9.743001952400031085e-01
89 53 -4.731688071658189942e-01 6.782615142238990202e-02
90 53 -5.554441406958671168e-01 -1.347050737861485992e-01
91 53 -1.045897602959737549e+00 -1.245662073795837044e+00
92 53 -1.630558369767358906e+00 -2.222066800757082350e-01
93 53 -4.488588563610917959e-01 1.374179093212167357e+00
94 53 1.262366531738901843e-01 8.990348444041893483e-01
95 53 2.052973926874102073e-02 -1.291688850853273562e+00
96 53 -4.838466376078642828e-01 -5.288014312682003393e-01
97 53 -1.178785724288110792e+00 1.509394347393593627e-01
98 53 -1.104526032422831205e+00 4.336896188273175468e-01
99 53 -1.072281524067651759e+00 1.018245626874809018e+00
100 53 -8.807232445251778064e-03 1.162616455915363112e+00
101 53 7.767295853712524734e-01 7.317911056344315046e-01
102 53 3.730359465325139845e-01 -4.471995718621173399e-01
103 53 8.219994021755733238e-01 -8.159216944582522446e-01
104 53 -2.428346707014850669e-01 -6.633427585905812274e-01
105 53 -1.380730688758368796e+00 -3.342876999347867417e-01
106 53 -1.121953772931412630e+00 7.732664246640112982e-01
107 53 -5.965742169136494244e-01 4.194038013369672524e-01
108 53 4.050639650798665836e-01 -4.537873137465864293e-01
109 53 6.991219794118475050e-02 6.449403371301268839e-01
110 53 -3.898209803085218583e-01 3.016552980796845529e-01
111 53 -4.288030377781756886e-01 -2.643762482274097381e-01
112 53 -9.661804507448263912e-01 9.486503972157777076e-01
113 53 -5.164961174755323681e-01 1.275193923710205013e+00
114 53 2.265392965537265657e-01 1.268245867414377726e+00
115 53 5.645214662694126861e-01 1.074870924201017930e+00
116 53 5.307221543953390963e-01 1.292897383369144004e-01
117 53 -7.115807684964781110e-03 -7.526112947545178511e-02
118 53 -3.755729425249971776e-01 2.948672072507964592e-01
119 53 -1.140878485671691367e+00 2.792934183877395782e-01
120 53 -1.532037872299115921e+00 4.681114234142553787e-01
121 53 -5.423735983342736766e-01 4.941503467885136613e-01
122 53 5.192642839688840217e-01 -2.477771427564575135e-01
123 53 5.353146918036710833e-01 -3.782876741479819782e-01
124 53 -2.703502791724244347e-01 2.440995157684831551e-01
125 53 -9.566758397342858267e-01 8.603981433504323539e-02
126 53 -2.740011140223145292e-01 -3.344446185015969020e-01
127 53 -1.742495498715213031e-02 -2.506773334577233059e-01
128 53 -2.226077342855012353e-01 -3.482559101762385256e-01
129 53 4.869219058246232468e-02 -8.122532873747372317e-01
130 53 5.946718118970176770e-01 -7.081075265977642141e-01
131 53 1.398964561565152753e-01 -4.834423843903918883e-01
132 53 -1.677961710898369652e-01 -3.024177300697474258e-01
133 53 -6.220941079050256173e-01 -9.879947273400175867e-01
134 53 -5.371951478668952618e-01 -1.092712624430385082e+00
135 53 -4.104694556899840530e-01 -7.771788244362407561e-01
136 53 4.472472672325476517e-01 -1.042437869136612488e-01
137 53 -2.137974291121164105e-01 2.825177196521825862e-01
138 53 -5.501453242909638552e-01 2.410799007282190265e-01
139 53 -8.053643561206422774e-01 9.208748083743119039e-01
140 53 -6.549727801300005148e-02 8.202400303330582565e-01
141 53 -4.059129789963686896e-01 -5.545219764698742226e-01
142 53 2.580302637035821745e-01 -6.852011938972867311e-01
143 53 4.392685125659073764e-03 -6.230164613197994861e-01
144 53 6.934128984049037214e-01 -5.678913265857373771e-01
145 53 2.250645109852912329e-01 5.496429035938805718e-01
146 53 2.409647384065642661e-01 3.382077247744292442e-02
147 53 -2.414013969965640438e-01 -3.251548205149807913e-01
148 53 1.308340883669147914e-01 -4.994647644245344131e-01
149 53 -3.083184648553466412e-01 8.922778938407566196e-03
150 53 2.593619863913814161e-01 -5.684253471119655732e-01
54 54 -2.641578274891741795e+00 2.149098004190422184e+00
55 54 2.110041078415801075e-01 -3.063928595082877848e+00
56 54 -1.127336035343992515e+00 -2.509563719658871150e+00
57 54 -2.583289482734072440e+00 3.849497379893587645e+00
58 54 2.120226983091660244e+00 -1.121099365368626755e+00
59 54 -2.618630440885165722e+00 1.224446848635961427e+00
60 54 2.462626318949853399e+00 -2.785461164410737656e+00
61 54 3.607457357497603212e+00 1.582812629684382522e+00
62 54 -2.375960524568451748e-01 -2.352690201300655648e+00
63 54 3.883163374571630744e+00 -5.335502492651276185e-01
64 54 -1.507001126365165922e+00 -1.354970265938279628e+00
65 54 2.065602050446615934e+00 4.435926149765945237e-01
66 54 -4.674284100099265871e+00 3.215324989511432641e+00
67 54 -1.934893045430514213e+00 3.248340983327309139e-01
68 54 1.018059289698785452e+00 -7.777922060045479036e-01
69 54 1.853149537185842410e+00 -1.674154300444511190e+00
70 54 6.239518508362527083e-01 2.121483851502049767e+00
71 54 1.808837195132282138e+00 1.744644612086869051e+00
72 54 1.901185642866759506e-01 -1.171933648945913120e+00
73 54 1.221357197982197773e+00 -1.579910622605436299e-01
74 54 2.278918655092291967e+00 1.527209485396989752e+00
75 54 -1.727284520838895943e-01 -9.192307906024614894e-01
76 54 -1.372883424042059319e+00 6.657110970750973467e-01
77 54 -7.239896347270057264e-01 2.199083160274134308e+00
78 54 -3.012567504744311786e-01 -1.172752755870543728e+00
79 54 -1.241639974165254179e+00 -2.863397786786867183e+00
80 54 -9.142927791370678570e-01 -8.426955285727079081e-01
81 54 1.762703082757078876e+00 -1.028815554025975132e+00
82 54 9.556455047400093106e-01 -2.264798695454492417e-01
83 54 -6.200167428922953583e-01 8.298823818668317476e-02
84 54 1.210399702901936575e-01 1.856583266625147610e+00
85 54 -9.314647567915143034e-01 -8.433787622324708799e-01
86 54 -1.252014392711385815e+00 -1.351323474075769138e+00
87 54 -4.210889418495801229e-01 5.730372860714838534e-01
88 54 5.069484086364677289e-01 -2.785070110927506670e-01
89 54 -9.390420352524405656e-01 -4.707942746394841449e-01
90 54 2.621178470374185832e-01 4.919610740001068017e-01
91 54 1.413670602854533831e+00 -9.076222136089727444e-02
92 54 4.009850788968760682e-01 -1.104388695103976747e+00
93 54 -9.503268680013872149e-01 -1.486603610350421822e-01
94 54 -1.102220398158475501e+00 1.266984471614919228e+00
95 54 5.187654866661969288e-01 6.378238249395216108e-01
96 54 -1.215454254903518827e-01 1.910116028372551567e-01
97 54 6.747919304031582133e-01 -7.345059137037160957e-01
98 54 1.362340105232354048e+00 -1.961172066731272201e+00
99 54 -4.063317406713240487e-01 -1.343085799078794995e+00
100 54 1.144572256238519103e-01 -5.108841334345934904e-01
101 54 6.931224940681763869e-01 4.601485603585181994e-01
102 54 -3.735469280209123832e-01 3.519766048215471899e-01
103 54 3.963545108749362278e-01 7.141375320388129166e-01
104 54 7.097428123492830476e-01 7.851354765098181865e-01
105 54 2.228840511075800834e-01 -1.699483644323538933e-01
106 54 -3.155348063905985545e-01 1.812192852618679795e-01
107 54 -9.528105261443998719e-01 3.113400318037290448e-01
108 54 -4.023694693245046805e-01 3.324884423797418442e-01
109 54 2.440826198296061067e-01 7.186809863020354738e-01
110 54 1.402446488249828649e+00 7.280264712289752360e-01
111 54 1.157888977576278844e+00 8.829909239702101731e-01
112 54 6.837967627604246701e-01 6.748242132502957347e-02
113 54 1.688243729627939116e+00 -9.140577646141445634e-01
114 54 6.373273839746280700e-01 -8.605770281567726165e-02
115 54 -4.638024784530997979e-01 5.256872758375803478e-01
116 54 -1.807752247134186974e-01 7.537732832641212966e-01
117 54 8.387468730723186827e-02 5.853024216674733715e-01
118 54 1.083603167870011319e+00 -6.943437631149620426e-01
119 54 1.027379039970742980e+00 -1.145159012278028410e+00
120 54 5.592356874873831429e-02 -1.245882881531755304e+00
121 54 -3.124371556969861019e-01 -1.087702630917700697e+00
122 54 -5.910359036654339038e-01 9.808505947042009399e-02
123 54 1.735169278684765837e-01 1.170040005056168120e+00
124 54 9.457097554425819563e-01 1.505678876251680398e+00
125 54 5.026606955730690274e-01 1.198556735361378633e+00
126 54 1.648547639035158052e-01 4.924596277519110998e-01
127 54 -1.749354177743129776e-02 -6.208552742635077282e-01
128 54 1.997256453796950881e-01 -1.402069954456199197e+00
129 54 -4.789276256727380554e-01 -1.175600322359198646e+00
130 54 -1.128152353077412462e+00 -4.300836240777943797e-01
131 54 -2.486527956445774290e-01 6.572878312948196022e-01
132 54 8.195132856849858538e-02 6.292245113641373733e-01
133 54 -1.278353653254633848e-01 2.784610256763236924e-01
134 54 -1.580105970578670749e-01 6.116177414541117408e-01
135 54 -4.109439461979442765e-01 8.151950248846950853e-01
136 54 1.319566413920522652e-01 1.005241372275986200e-01
137 54 2.550265981016151540e-01 -1.692258297499268926e-01
138 54 -1.068224825576154779e-01 -9.188899150167023633e-02
139 54 -2.749704061452016290e-01 4.938172222698442582e-01
140 54 1.421103924087445125e-01 2.375484301472919335e-01
141 54 -3.330292686696737503e-01 -3.349288144016407398e-01
142 54 -3.431167200566660469e-01 -3.423538701059173905e-01
143 54 1.544911172952246614e-01 8.690325721526519220e-02
144 54 3.786809802185637785e-01 2.534962071458068400e-01
145 54 -3.363699408543494584e-01 5.286928445334896365e-01
146 54 5.268613055744929552e-01 6.361909937764718137e-01
147 54 3.255487443105338774e-01 9.638966601213247443e-02
148 54 -3.174850219104787818e-01 -1.030826149172497708e+00
149 54 -7.526348933990699708e-01 -9.904402003574642732e-01
150 54 1.428600228571626496e-01 -3.665226458623573880e-01
55 55 -4.540439946357899270e-01 4.440334859133460155e-02
56 55 7.097560702328148396e-01 -3.751738741183362258e+00
57 55 -4.071612891851278393e-01 -7.811334039635497994e-01
58 55 2.740197825280820787e+00 2.025113031860015789e-01
59 55 -9.882653775424649067e-01 -2.234657185644838062e+00
60 55 -5.325619568909026880e-01 2.967052462879044672e+00
61 55 -2.219323911447546038e-01 -7.878608693041170286e-01
62 55 2.675885898722194067e+00 1.288980038157100605e+00
63 55 -3.129019643113519322e+00 1.023730069335986981e+00
64 55 3.189464623599993942e+00 -1.863519305837990914e-01
65 55 -4.752176690126322378e-01 8.184768538074127520e-01
66 55 -5.230342371348777331e-01 -4.250570801127811826e+00
67 55 -6.168916825337804610e-01 5.003383405211387469e+00
68 55 -7.548427763676354152e-01 -9.498470985003572009e-01
69 55 1.698808492559621852e+00 -2.394832037000518277e+00
70 55 6.693391784835901470e-01 -1.498267902529669682e-01
71 55 1.449795620026418597e+00 6.947787338166553361e-01
72 55 1.695731653441016062e+00 7.291621430744116283e-01
73 55 -2.154908096822634178e+00 -1.015701709190961255e+00
74 55 -1.236752911143647271e+00 -8.251170799572422609e-01
75 55 2.609978392172051520e-01 9.823744311520197225e-01
76 55 -1.706658004604749035e+00 -3.833392452753090485e-01
77 55 -1.905027221588704300e-01 1.745393958737919249e+00
78 55 3.702303814672269211e-01 -2.475974827944028497e-02
79 55 9.940844758558377015e-01 -1.785554490396984662e+00
80 55 1.025601857005034034e+00 9.357020611880741967e-01
81 55 3.273045405839220545e-01 1.579810734944910866e+00
82 55 2.964348858541861476e-01 3.082354334954919284e-01
83 55 8.804290740127189707e-01 -7.432832215356386385e-01
84 55 -3.613871031457275840e-01 -3.714328229291370409e-01
85 55 2.643591630502468703e-01 -7.404624735457936424e-01
86 55 -1.955161595033952704e+00 -6.006617215562440881e-01
87 55 -1.037048854271876541e+00 -6.841289330266164814e-01
88 55 2.267732903553301704e-01 8.464618276051519841e-01
89 55 -4.152403564797187419e-01 6.570929388337845012e-01
90 55 4.171375825130834158e-01 8.802864348400092631e-02
91 55 1.238763178832157141e+00 -1.037673805293050366e-02
92 55 1.493118705191531115e+00 -8.201958074916645414e-01
93 55 3.710706660495047826e-01 4.144613291437146962e-01
94 55 -7.091417066148805182e-01 9.676299562727104231e-01
95 55 -8.304700007840992715e-02 -3.706386432455536228e-01
96 55 -1.691801749472864547e+00 2.531059203856137474e-01
97 55 -9.360718972364266977e-01 1.090288655400170059e+00
98 55 1.836012756338484042e+00 2.750935081536626248e-01
99 55 1.099203167331766595e+00 -3.179258483576154481e-01
100 55 8.354181952207145878e-01 3.031767437709979585e-01
101 55 9.652818682912402970e-01 5.495129466098651605e-01
102 55 2.764257048813278939e-01 -8.082894517152829916e-01
103 55 -1.853288832093676008e+00 -4.992428800433562630e-02
104 55 -1.520257108531406498e+00 7.514572661993428326e-01
105 55 7.837962726304767980e-01 8.839205558857057277e-01
106 55 5.557857307553447646e-01 1.665903364420017185e+00
107 55 9.349609093397985848e-01 8.180434123225640564e-01
108 55 1.206080913092845819e+00 3.477398267456757730e-01
109 55 -7.693947440982749075e-01 1.430776147368638118e-01
110 55 -7.567185044906080682e-01 2.573184077436820733e-02
111 55 6.208863225074182646e-01 1.681689326240256022e-01
112 55 4.767391736303674410e-01 -1.105387709005061087e-01
113 55 3.565928405121516764e-01 2.666256519288675575e-01
114 55 5.112369128131983853e-01 2.907383692732097291e-01
115 55 5.793731064950019549e-01 1.756444469098381866e-01
116 55 -6.121831125372981797e-01 -7.663538009723228073e-02
117 55 -1.645191224537250418e+00 -5.014658343336871882e-01
118 55 -1.002693606277684779e+00 6.037558836652668903e-01
119 55 4.418317652089462366e-02 1.040925495017255065e+00
120 55 1.221294963755589658e+00 4.027460817033470253e-01
121 55 9.321667339013043341e-01 5.061109350857375677e-01
122 55 3.832469196951655555e-01 3.146745284806146820e-02
123 55 5.786705862201890760e-01 -3.257662593279609942e-01
124 55 -5.604425512101119944e-01 -1.873681986296120150e-01
125 55 -1.399956846718054315e+00 1.246917136877184473e-01
126 55 -1.054601763292233541e+00 6.568070334273206079e-01
127 55 8.180089936362208713e-02 7.609091430599813632e-01
128 55 9.514162860410424472e-01 5.819373771259300082e-02
129 55 7.745087169943369876e-01 -5.915432386355660155e-01
130 55 1.462761530576267288e-01 -6.264103938532550320e-01
131 55 -3.330612086666971949e-01 1.944471513262611695e-01
132 55 -7.840765416502836205e-01 2.743869613699709831e-01
133 55 -4.851790495866099562e-01 3.791935505822703889e-01
134 55 -5.034111557753728761e-01 -2.383803585789226187e-01
135 55 -1.329521142847847337e-01 1.583887324096336369e-01
136 55 -1.890858877081216805e-01 4.704831474656696044e-01
137 55 -2.898349279855552685e-01 6.980178858802386088e-01
138 55 -1.718919234474624858e-01 1.739694333777246082e-01
139 55 -2.161122494910498459e-01 4.140121839542945104e-01
140 55 -1.073516155668706951e+00 -4.096145727216138344e-01
141 55 -2.882137344834918569e-01 -2.737452176834250239e-01
142 55 -8.190319557214924551e-01 -8.220438861504192340e-01
143 55 -3.014960028209454773e-02 -3.417070174514062753e-02
144 55 1.544257743397256799e-01 5.932234033461932649e-02
145 55 4.146280963430514221e-01 6.454775391298118725e-01
146 55 -5.585759371329551692e-01 -2.341102788796730894e-01
147 55 -4.390196772267832004e-01 -9.792032231192690506e-02
148 55 -1.238458084673214055e+00 -5.159682976471928750e-01
149 55 -2.281406694651137018e-02 6.587750737273357915e-01
150 55 -3.411480474755620440e-01 3.642543519625526804e-01
56 56 9.134338849346286260e-01 -3.999757305077977776e+00
57 56 1.793787543554431707e+00 5.054045233453866581e-01
58 56 6.825842506173162016e-01 8.146383782157965436e-01
59 56 3.074350371970845153e+00 -5.070829210133304343e+00
60 56 -2.949436143203593375e+00 -2.009143618627853733e+00
61 56 3.673980524554510296e+00 1.768576652790297077e+00
62 56 -4.192544588182820497e+00 1.385225782551048113e+00
63 56 -1.318075298906317361e+00 -3.903755594871672341e-01
64 56 -9.665018013812117781e-01 2.667931684637037115e+00
65 56 2.224712020375400723e+00 6.704660812841491957e-01
66 56 5.464450743395932175e-02 2.231516574770867845e+00
67 56 -3.072283704887305955e+00 -4.070933131702856755e+00
68 56 3.051045570974902255e+00 1.380387994618546443e+00
69 56 -1.952088232797274392e-01 -1.433925926221577329e+00
70 56 1.300103231121715774e+00 1.424347594175255249e+00
71 56 -8.973822769624855145e-01 8.921225384885418386e-01
72 56 -4.690085980964625589e-01 -1.556253226338035978e+00
73 56 -2.959373766951763240e+00 6.215844353428835456e-01
74 56 -2.827177532171970764e+00 2.591752728353617474e+00
75 56 -6.837613736946801524e-01 -1.764102754831130548e-01
76 56 -2.957357544788632997e-01 -2.417925267318637772e+00
77 56 5.871034539660696661e-01 1.013055441502210163e+00
78 56 3.662492082174703789e+00 2.412981290852553307e-01
79 56 2.572361123475675360e+00 -1.067600314339439027e+00
80 56 4.364684104253598873e-01 3.911680653926933315e-01
81 56 1.687951729744777474e+00 2.838186037802489903e+00
82 56 1.419667799000372543e+00 2.305129424163822272e+00
83 56 -7.455469921522570598e-01 7.469976534478274255e-01
84 56 -3.380873410591562211e-01 -4.076184026778656433e-02
85 56 1.189769844292798556e-01 -6.618157997267934967e-01
86 56 -6.478648916019502657e-01 -1.177275401687446932e+00
87 56 -4.511370194609322093e-01 -2.383421598787460738e-03
88 56 1.308483029864565550e-02 -5.442009607245368308e-02
89 56 7.690013462349004625e-01 4.021456319658182205e-02
90 56 1.094017621964367137e+00 2.540243968654004592e-02
91 56 1.090186474842710362e+00 4.941777854996084463e-01
92 56 4.901008997852366877e-01 -5.014862253544902781e-01
93 56 -1.849429733727317171e-01 2.107764581033916979e-02
94 56 -4.786636368472883818e-02 9.646487283871107987e-02
95 56 -1.557043945111407091e-01 3.408602810197733368e-01
96 56 -1.088623015822087536e+00 -4.010576712794338139e-01
97 56 -1.192436821989314888e+00 -1.415997416390792241e+00
98 56 -8.017141564958725208e-01 -4.267709317872175889e-01
99 56 1.846401770423277688e-01 -3.959719672395111134e-01
100 56 5.268660843471876243e-01 1.049853618760809404e+00
101 56 8.317134394585715129e-02 1.530471830381152643e+00
102 56 9.313449553098316347e-01 6.043439127828895696e-01
103 56 5.207691017766741259e-02 4.823310281079453143e-01
104 56 -1.053277159419152120e+00 -1.701142193227383748e-01
105 56 -4.894708046225998976e-01 -6.019553305780902530e-01
106 56 -4.322579511618031556e-01 8.484397145076494340e-02
107 56 3.610301031548130979e-01 4.898282757445932001e-01
108 56 7.936266043064789111e-01 4.494500116166086912e-01
109 56 7.284809184576518382e-01 6.477569492583519495e-02
110 56 6.106040228960436522e-01 8.549224633222607395e-01
111 56 -9.317044090627524255e-02 7.813995761810845764e-01
112 56 2.702776379999393130e-01 -8.860037128075189949e-01
113 56 4.561673392284367745e-01 -3.374491091359800299e-01
114 56 -5.304256960943070087e-01 3.417931977624777962e-01
115 56 -3.145493067460743974e-01 1.162845763174249480e+00
116 56 7.807667350889873070e-01 1.623113386224316557e+00
117 56 6.378157871246338262e-01 -5.390188027741218274e-02
118 56 4.979541713415117643e-01 -9.549019647650752729e-01
119 56 6.294611186857874685e-01 -7.300831110569951932e-01
120 56 -6.935208059787255352e-02 1.011643941044430561e-01
121 56 1.096399293853690671e-01 1.669023356303156458e+00
122 56 7.709743575603871246e-01 1.965888765523971404e+00
123 56 4.615089841168019680e-01 7.392459831729774056e-01
124 56 5.949063698401446665e-01 6.910646575473788911e-02
125 56 5.764252452098113100e-01 -2.324495705773800547e-01
126 56 -8.311452763698247148e-01 -1.072832657252571931e+00
127 56 -1.452374375852650168e+00 -1.198123947801639666e+00
128 56 -5.572967185594986939e-01 2.456672533235706446e-01
129 56 4.017502188252219386e-01 1.058881500741474024e+00
130 56 7.461180433912841803e-01 4.933481056523456587e-01
131 56 3.037741014938145634e-01 1.790288791894627807e-01
132 56 2.907116260652107056e-02 -1.289327006509005669e-02
133 56 3.936103646535719647e-01 -5.088889477473996781e-01
134 56 4.449039914722488498e-02 -3.408637691358425981e-01
135 56 -3.456436383416652824e-01 -1.427273627052901839e-01
136 56 -3.345621880825855321e-02 2.082261314427186205e-02
137 56 4.737172570624519907e-01 -5.551207423972656096e-01
138 56 8.743669092852823788e-02 -3.849391907738823893e-01
139 56 -3.502090672570433161e-01 -2.431962793048604854e-01
140 56 1.895015546105189852e-01 3.608829885681976712e-01
141 56 6.699045705762477487e-01 1.660494658431826143e-01
142 56 -1.783018261175748631e-01 9.415879821645611880e-02
143 56 -2.855173721617059734e-01 4.881880678406036456e-01
144 56 -2.456184114954863273e-01 8.351922358607108965e-01
145 56 3.364374565918288318e-01 2.613323968822392138e-02
146 56 7.922940822383520709e-01 5.357641340891183823e-01
147 56 3.209018752597462276e-01 -4.666005648750905233e-02
148 56 -1.718554137976358864e-01 -8.264461751895375574e-01
149 56 6.158371754931830921e-02 -1.184930163435942818e+00
150 56 -1.560145936559358959e-01 -2.362566735568294995e-01
57 57 -4.807372981678240120e-01 -2.594345574006651667e+00
58 57 1.949723143017863869e+00 2.950876327088986173e+00
59 57 1.431640188156628746e+00 1.673725873491745286e+00
60 57 1.600111477025345508e-01 -2.529896368650086380e+00
61 57 -7.760274932748723042e-01 2.091410689271166579e+00
62 57 1.705830851350141231e+00 -2.671893817564153117e+00
63 57 -2.506823334406494741e+00 6.303584259467283069e-01
64 57 -1.062883888755964401e+00 -1.933374111066879175e+00
65 57 2.132878765263745535e+00 -4.176805510741156691e-01
66 57 -4.303889079850941046e-01 9.884059283195405499e-01
67 57 2.670891219921548210e+00 1.240862879986442069e+00
68 57 -3.614763545196190808e+00 1.148288515060059023e+00
69 57 9.678311355178578212e-01 -2.771726751986014925e+00
70 57 -1.338809438334974233e+00 1.023652396405301035e+00
71 57 -5.048576088281219176e-01 3.155258130572806241e+00
72 57 1.260185643417973900e+00 3.319859340516267299e+00
73 57 -6.228706910951847808e-01 -2.531789240754994119e-01
74 57 -1.197633523257479515e+00 1.191208498549110706e+00
75 57 4.753701314059517458e-01 2.002814479146686644e+00
76 57 -6.446993962021435598e-01 4.457460066893475514e-01
77 57 -1.184246947759431956e+00 -1.342689246143722537e+00
78 57 4.572343755364478568e-01 -1.065550184691057778e+00
79 57 8.461669597666962028e-01 -7.077080203334210617e-01
80 57 -1.093069061491827698e+00 4.795614234462882708e-01
81 57 -1.016228138625162813e+00 8.177401321957484814e-01
82 57 1.582078226111053865e-01 -1.100702625227111486e+00
83 57 -4.822934741689534066e-01 -1.157192084925251052e+00
84 57 -3.818359627211455054e-01 4.018294205024113830e-01
85 57 6.253520331963965395e-01 -8.252960418291113154e-01
86 57 6.742547359980949340e-01 -5.568105857062112252e-01
87 57 -4.114720766090891324e-01 -3.246679959855758302e-02
88 57 1.403594283612848548e+00 7.062277214455289220e-01
89 57 5.792641725661367147e-01 -7.868365569855373387e-01
90 57 -3.465818354432630977e-01 -4.346569049980602562e-01
91 57 5.655738890887362924e-01 9.850954580708292108e-01
92 57 1.314323810157596251e+00 6.036175001425528874e-01
93 57 -8.225226327128261072e-01 1.334414138191381660e+00
94 57 -3.892830139931382355e-03 1.027924818829014653e+00
95 57 1.386171845298614702e+00 5.748595342885376436e-01
96 57 1.335994382693374560e-01 -1.070639386336872168e+00
97 57 -1.022893381315856054e+00 -9.365818351350654325e-01
98 57 -4.899399430959394675e-01 3.724981135211928862e-01
99 57 6.795675728903554091e-01 -1.339389417421725126e+00
100 57 2.769784364212156680e-01 -4.507950679053219778e-01
101 57 -6.543583066007974125e-02 9.365843593847682502e-01
102 57 2.283393785984731417e-01 7.292210799028385759e-01
103 57 -5.756328946902773691e-02 9.420269598218268259e-01
104 57 1.935033512888943708e-01 4.416596024631349038e-01
105 57 7.866271581856305595e-01 4.147417093381516873e-01
106 57 4.271058911299467908e-01 -1.053543532450301523e+00
107 57 6.707091533938845940e-01 -1.652958517935819271e+00
108 57 -1.068689060554090797e-01 -1.740876699092939739e-01
109 57 -8.306948297463189190e-01 1.788302617761204361e-01
110 57 -7.123312012635126811e-01 6.637747433610360348e-01
111 57 -7.097458889007922656e-01 1.221169195562277876e+00
112 57 3.687511471610005476e-02 1.015729291261693978e+00
113 57 4.226201709389574290e-01 4.543826224035947270e-01
114 57 5.184933597227551205e-01 -6.247907139011151800e-01
115 57 -2.460543720230473907e-01 -4.979382281742518734e-01
116 57 -4.933991426232162691e-01 3.222625443041375326e-01
117 57 5.924026249401254107e-01 3.782814812242837887e-01
118 57 5.863296743949437673e-01 5.557951251086750144e-01
119 57 7.299496923367785328e-01 8.621916874673679620e-02
120 57 1.293010321232913151e+00 -1.025392217195168210e-01
121 57 3.333490809544893407e-01 -3.317722046970649208e-01
122 57 -4.268851213695499247e-01 -5.679300176477027895e-01
123 57 -4.168106424356036732e-01 3.335148100667684190e-01
124 57 -6.495387991336479816e-01 -1.472593468598725440e-02
125 57 -3.617892760101484306e-01 -1.358941494220957391e-01
126 57 2.318262868404548649e-01 6.455390511333787273e-01
127 57 5.546753052300774645e-01 -2.335490405057724927e-01
128 57 4.102764288474876064e-01 -1.153117843946163346e+00
129 57 2.976276548389271692e-01 -6.737810499929612895e-01
130 57 3.572760554742759331e-01 8.929738897833408018e-01
131 57 2.949199857347703513e-01 1.593067939267149846e+00
132 57 6.656033573203011811e-01 8.655953737523442992e-01
133 57 3.530909324278063144e-01 -2.121752039624159314e-01
134 57 -1.938668933259821148e-01 -6.606870386390882866e-01
135 57 -1.154416980420604477e-01 6.530321461076996070e-02
136 57 -4.013674478742557672e-01 1.053983240257738929e+00
137 57 -1.514492680581501771e-01 7.367730910569947333e-01
138 57 2.966803288832089991e-01 7.622256012277185411e-01
139 57 -7.963546016426015228e-03 6.252568128492430599e-01
140 57 -1.692121050621608336e-01 3.371886304076860408e-01
141 57 5.450884512657931669e-02 1.682442078089817772e-01
142 57 8.680290722669845027e-02 7.912928692587923862e-01
143 57 -2.700545287103318925e-03 8.222728322739391027e-01
144 57 -8.080476408128123289e-02 3.239265183372067591e-01
145 57 -7.645860802854639315e-01 -4.073930546073064596e-01
146 57 -1.235756582042167873e+00 2.539388373076955641e-01
147 57 -9.106344516749744766e-01 -3.095592534449989608e-02
148 57 -3.275493641843124082e-01 4.415487313545420900e-01
149 57 -4.273092595984514519e-01 3.903841933256148033e-01
150 57 7.382129590045082290e-01 4.378059961101462005e-01
58 58 -2.592509080003678079e+00 1.848538005972101828e-01
59 58 2.798105129794173251e+00 1.276211223985167509e+00
60 58 4.999594001131222321e-01 2.178230318359563711e+00
61 58 -5.370480343795525080e-01 2.705525841804496068e+00
62 58 1.902722928147467574e+00 2.433145992582128159e+00
63 58 -2.384312531769295085e-01 -4.344975316608327809e+00
64 58 1.620045615249430693e+00 -9.855830382247676713e-01
65 58 2.227173734594326340e-02 3.930914002365397675e-01
66 58 1.079742280970654722e+00 -4.077860025033364089e+00
67 58 -2.379553209858254803e+00 9.604918309519858699e-01
68 58 1.250055710573213963e+00 -5.115102590454463360e-01
69 58 -2.402839106619917009e-01 2.910568301872477281e+00
70 58 -2.579367645987445279e+00 -3.119376776737085244e+00
71 58 -1.258415138940179034e-02 1.635303747403895336e-01
72 58 -1.206431999181103887e+00 2.714864930449897296e-01
73 58 2.529277349516062534e-01 7.956531232283823307e-01
74 58 -2.475816895815735053e-01 1.472453180535906903e+00
75 58 -2.149877893467482537e-01 8.696011526333709274e-02
76 58 1.810710389255793196e+00 -3.109489573417828279e+00
77 58 -7.127652336499189500e-01 -7.644167027702915007e-01
78 58 -2.147983521655496553e+00 -5.302666185212638883e-01
79 58 1.205829794355150364e+00 -1.118050247963490174e+00
80 58 -1.583093966897059612e+00 -1.021732491261621023e-01
81 58 3.247668840211613284e-01 1.187643318455005925e+00
82 58 1.128942460229924283e+00 1.771041228241304166e+00
83 58 -4.604725198946780784e-01 -7.607936924390578115e-01
84 58 -8.693440140040782360e-01 -8.831651234429128694e-01
85 58 -8.773103884915417483e-01 1.026683875013415737e+00
86 58 3.393247964404146333e-01 4.709928592624943455e-01
87 58 7.535480106817917800e-01 -5.463754945849580436e-01
88 58 -7.123186742486244949e-01 3.772901686874097216e-02
89 58 1.009162654793995140e+00 -1.632949509406730115e+00
90 58 9.810091708690665824e-02 3.099841118454018662e-01
91 58 -1.953831537974198618e+00 1.286628448072730246e-01
92 58 -1.326135794457450556e+00 1.265596969860831589e-01
93 58 -1.671551461132222860e+00 3.221695230869463522e-01
94 58 -1.044752220398011744e+00 5.225762152672180916e-01
95 58 4.275708767995536896e-01 8.355882112970773878e-01
96 58 4.676359652248551768e-01 -6.894657120857896615e-01
97 58 3.685743449112622444e-02 -1.079171118763647019e+00
98 58 -1.961312693381429550e-01 -2.410310065778331901e-01
99 58 3.676306209537553160e-01 -8.648694882717193888e-01
100 58 -1.184008791400750354e-01 -1.909329510288819143e-01
101 58 -3.112434833695790909e-02 2.952891156792173399e-01
102 58 8.766954172618809937e-02 1.928786549332365263e-01
103 58 -1.452376106847266035e+00 3.828384734656191113e-01
104 58 -9.069101700955511935e-01 6.675482374388157503e-01
105 58 2.827567731919425342e-01 5.452927650589289854e-01
106 58 1.561236226096343327e-01 -9.682131932249231632e-01
107 58 -2.666733051155012468e-01 -2.256042230646773394e-01
108 58 3.841610076003960650e-01 -1.231434641312274259e-01
109 58 1.109380387374723886e+00 -5.869347086290760407e-01
110 58 8.940391324882265844e-02 6.888589507787975519e-01
111 58 -6.161319558409630304e-01 2.995824317474927168e-01
112 58 -4.662681810830636708e-01 -1.330197229829814254e-01
113 58 -8.413895698870046402e-01 4.910622190628799455e-01
114 58 2.318456441785645139e-01 7.801920286970008833e-01
115 58 1.076978772001642604e+00 3.735011921444754690e-01
116 58 7.230390710748039185e-01 -6.809095265545960229e-01
117 58 7.353663416389788487e-01 -1.195644909664315136e+00
118 58 -6.685738175387746507e-01 -7.319972038219364485e-01
119 58 -1.401951241916757906e+00 5.398962091926823303e-01
120 58 -9.490911011467355607e-01 9.246560052442102107e-01
121 58 -5.786831366228015749e-01 4.349052100734703274e-01
122 58 7.406032705441870090e-02 7.522776443004898228e-01
123 58 4.222666266846157312e-01 8.213254171491629618e-02
124 58 2.874378617626981436e-01 -7.299003844683786824e-01
125 58 -6.503552803619556677e-01 1.377621729885651902e-01
126 58 -6.959811636628501219e-01 8.856966137878784506e-01
127 58 9.203262146516838493e-02 9.825348747083726408e-01
128 58 2.477761906383568746e-02 3.565037925533376395e-01
129 58 2.616516514760334200e-01 -1.558199642464676293e-01
130 58 2.327932224466729982e-01 -1.392498522409060246e-01
131 58 -4.799046726169331478e-01 -4.074306030886625796e-01
132 58 -7.108187850153131482e-01 -1.442431188730780300e-01
133 58 -1.300840945184133512e-01 4.273415781905917088e-01
134 58 2.443476767880309042e-01 1.603189483961961204e-01
135 58 -9.047018641176184095e-02 -4.082245095389432366e-01
136 58 -3.418095752464637982e-02 -6.959246607871950596e-01
137 58 1.292046571208187444e-01 -3.599142352296364478e-01
138 58 -6.778189517211014037e-01 -4.590662271586121168e-01
139 58 -8.614176072130869111e-01 -5.750118714780002582e-01
140 58 -5.112244899782404373e-01 2.538061343219336630e-01
141 58 1.275503720797094842e-01 8.159914140504634927e-01
142 58 8.357412715776365575e-01 1.236513638148400429e-01
143 58 -1.508850955226653454e-02 1.301850875958141529e-01
144 58 -5.099411402594091758e-01 -5.517513660540297044e-02
145 58 5.808801559593820274e-01 -3.019388772968756296e-01
146 58 1.220740863013385913e-01 -3.110444607197728750e-01
147 58 -6.985968858583374574e-01 -3.651270224756264504e-01
148 58 -6.923866039588194576e-01 -3.819997469793720568e-01
149 58 -2.444810494880983731e-01 1.952440629203306410e-01
150 58 -1.569795500591492921e-01 4.449386373347066770e-01
59 59 1.409756365263440170e+00 6.052523500858529859e-01
60 59 5.165281800084483566e-01 -7.975455073110214455e-02
61 59 -1.986713996531289661e+00 1.821557986311247657e+00
62 59 1.591391706214444479e+00 2.421728493934410587e+00
63 59 3.373877311975725046e+00 -1.135764821600944163e+00
64 59 -3.063809635967663869e+00 1.860255979209315402e+00
65 59 2.637853754336164869e+00 -2.239424513731632427e+00
66 59 3.929321021410870363e-01 2.212250487903523410e+00
67 59 -1.144208378723668762e+00 -2.405543650379666332e+00
68 59 -1.416407590024183261e+00 2.921631053135639089e+00
69 59 -9.058332356549260167e-01 -2.398404568463777586e+00
70 59 2.743974858350842538e+00 2.486860502585989396e-01
71 59 -1.746860908886477937e+00 -1.195556935465789672e-01
72 59 4.201740508793797346e+00 -1.389669160424251260e+00
73 59 -2.005519474992276674e+00 -2.103435317818344696e+00
74 59 -3.917127965983183691e-01 -3.184870558005406860e+00
75 59 -1.228617655354185434e+00 1.885643463250899377e+00
76 59 -1.952265964881558347e+00 -5.541483939124708380e-01
77 59 -1.129584464429304491e+00 -2.525809300637425814e+00
78 59 -4.564402040700343277e-01 -2.800599142223973992e-01
79 59 1.184860876312652689e+00 -5.070767720800797296e-01
80 59 3.091889576544780693e-01 -8.423797674499866606e-01
81 59 1.015014842521277272e+00 1.296161167800295999e+00
82 59 3.553906215582992800e+00 3.672115252792192974e-01
83 59 2.771308554390628842e+00 5.934956399965038987e-01
84 59 -3.924568273559060350e-01 1.486170785345969358e+00
85 59 4.365938097363218362e-01 1.267631873376410923e+00
86 59 1.215407654487988598e+00 4.957435624347402148e-01
87 59 3.573113884836811582e-01 2.062056813902898300e-01
88 59 -1.992831811794220365e-01 1.337976999650902776e-01
89 59 -3.016402516074669915e-01 -5.575699080087199722e-01
90 59 -1.728790716627670032e-01 -1.327136851557751740e+00
91 59 4.741935043374475578e-01 4.092201548187545113e-01
92 59 4.285386397207751052e-01 8.730550669186002422e-01
93 59 2.813874505241772406e-01 -5.219837467361614358e-01
94 59 -8.673826985870832784e-01 -9.148265645491007181e-01
95 59 -4.541229721507081263e-01 -3.995929478562080250e-01
96 59 2.576341767076164579e-01 -1.245619736398453581e+00
97 59 3.169071315264042621e-01 -6.915035835170975087e-01
98 59 -2.513959907247481085e-01 1.475475654472935827e-01
99 59 9.187294802454114562e-01 1.182232844744190547e+00
100 59 7.102930896216901324e-01 4.625219490135582534e-01
101 59 -4.238595919041484028e-01 -4.760235585273540904e-02
102 59 -7.130800878220617811e-01 9.011841013318393490e-01
103 59 -1.002410071319121521e+00 -5.378640039856470434e-01
104 59 -1.088666191961902729e+00 -5.504382866902346461e-01
105 59 -1.183907582674685655e+00 3.903708233302268793e-01
106 59 2.472881873736336722e-01 -4.935507689210052451e-01
107 59 5.457093466822993122e-01 -2.968712017969142858e-01
108 59 -7.143334730819989042e-01 4.874562195592649361e-01
109 59 -4.949903878141135305e-01 7.328614350098798802e-01
110 59 1.344844277497938556e-01 8.285006631529064913e-01
111 59 6.391337309102791409e-01 2.207809689144156207e-01
112 59 3.526304665664248827e-01 -2.722815180845740701e-01
113 59 -1.030816714489838581e+00 -1.127689724341617739e+00
114 59 -1.335697627879406379e+00 -5.712387259858603406e-01
115 59 -1.149628355153916370e+00 7.013036114019455258e-01
116 59 -6.572282381709708687e-01 6.410825625208370626e-01
117 59 6.658997693816608443e-01 5.266087913249486441e-01
118 59 8.753356407334429434e-01 1.025998948119385412e-01
119 59 1.750813707193853708e-01 -2.132977171499603475e-01
120 59 -4.797744901022458208e-01 -3.498322070079078472e-01
121 59 -1.187822068227003314e+00 -2.737126445603420555e-01
122 59 -9.418645687587935411e-01 -1.449166852069867228e-01
123 59 -3.223552751955392481e-01 -1.110052913858958212e-02
124 59 2.700856330097782254e-01 3.817537470935942756e-01
125 59 1.243183496379349995e+00 -9.388715686638748892e-02
126 59 1.271038829794223890e+00 -5.845200052161266813e-01
127 59 2.355962445567427177e-01 -5.578868973263900743e-01
128 59 -7.217082249654442616e-02 -9.947717302763183778e-01
129 59 3.417151883845213067e-01 -8.924590150421058965e-01
130 59 2.601067741129277633e-01 -1.864489356916293125e-02
131 59 -2.924956373318657321e-02 3.381405776872057345e-01
132 59 -1.322706673908506311e-02 2.019832371426274475e-01
133 59 -1.365162778378008201e-01 -4.722281003990785875e-01
134 59 -1.689803495828169355e-01 -8.584951947577859066e-01
135 59 -3.574624158092660764e-01 7.271251366178850539e-02
136 59 2.250614134964891710e-01 7.870520707502433044e-01
137 59 1.297411298452470829e+00 3.540085886362073775e-01
138 59 1.061165720049959571e+00 -1.950642888158170829e-01
139 59 9.738494039272779790e-02 -4.271532573945268085e-01
140 59 -7.850218742971919184e-03 -4.395926430607495772e-01
141 59 7.015360751183527532e-02 -4.101992768313662552e-01
142 59 2.639774728877624099e-01 3.583490806206395263e-01
143 59 6.065611168363550798e-02 6.913536449092552161e-01
144 59 4.760285062099229858e-01 7.303258122102442851e-01
145 59 3.294206476896689995e-01 3.608218897789168267e-01
146 59 4.304571672865147858e-01 2.374126323516301817e-01
147 59 7.061490425257473946e-01 3.071075838544301551e-01
148 59 7.089660911692551304e-01 4.596383260421622596e-01
149 59 2.538282661491040870e-01 -1.049051760016169732e-01
150 59 8.655399380398125508e-01 -4.096711118033802973e-02
60 60 3.914028381472054452e+00 1.384953007293500571e+00
61 60 -2.921502518589856212e+00 -4.454815973767928816e-01
62 60 -2.369006211947383811e+00 1.312592395331573236e+00
63 60 1.525765905950016155e+00 -5.627370247722129903e-01
64 60 2.307424714429218149e-01 -7.975215051504588315e-01
65 60 -3.164496953769044385e+00 3.899271262238866331e+00
66 60 1.729793481819483780e-01 -3.499264131517663134e+00
67 60 2.281451231114882905e+00 2.618553821665711379e+00
68 60 -6.690039663588178698e-01 -3.715937480296011564e-01
69 60 1.038102550077584896e+00 1.505637476050643686e+00
70 60 -2.624783893092654807e+00 1.107376452578056725e+00
71 60 1.811161653989656672e+00 -2.691754056538823381e+00
72 60 1.430694560497566492e+00 3.806341648848791781e+00
73 60 2.872804424001345946e+00 -3.402383522934843141e-01
74 60 -1.355373801474340834e+00 8.913577865866956218e-01
75 60 -5.498605000430889511e-01 -1.362696597658324293e+00
76 60 8.825891764473811074e-01 -1.017207001927630805e-01
77 60 -1.665089640476558941e+00 1.634033081466144344e+00
78 60 -1.277751966649152582e+00 1.908634783084551367e+00
79 60 1.688302925269761889e+00 6.531396223195002904e-01
80 60 1.374547637922982846e+00 -9.602754978770077221e-01
81 60 -5.585928365638573867e-01 -2.121670140989611042e-01
82 60 -7.642055992002803055e-01 1.476360432969156866e+00
83 60 -4.716635372595719411e-01 -1.424623700277084515e+00
84 60 -4.826058119973395399e-01 -4.649332493400638588e-01
85 60 -8.830556149549860512e-02 1.076541165706665693e+00
86 60 1.099634219457915840e+00 -1.561189504010151996e-01
87 60 1.470543774919188085e+00 -5.447060779503278827e-01
88 60 1.448813119930282056e+00 -5.199587845618131032e-01
89 60 8.671734316021649791e-01 -3.029560910455950662e-01
90 60 4.215480250853155808e-01 7.761336871293105233e-01
91 60 -6.242233528855373192e-01 9.817334341726616787e-01
92 60 1.129417448809433733e+00 7.895099280459469959e-01
93 60 9.973693773066111268e-01 -6.134192158534131079e-02
94 60 5.160254671239234980e-01 2.842673576995329299e-01
95 60 -8.655342713043487346e-02 1.545059722399071411e+00
96 60 9.413179031232410399e-02 -4.000962577193071801e-01
97 60 -3.126887803558101031e-01 -4.399093405762475317e-01
98 60 -2.806421940089555145e-01 1.989972717988468948e-02
99 60 6.450000147266242712e-01 1.048220677859217576e+00
100 60 -1.877822390345048609e-01 3.031694499382118768e-01
101 60 -7.448369166146692200e-01 -1.892564087634968917e-01
102 60 -2.377068012872463332e-01 7.434503242325140038e-01
103 60 -9.480856729319359077e-01 -6.279452211270232231e-01
104 60 -1.071524974722587009e+00 -1.158423082755015043e+00
105 60 -6.359899558749887438e-01 -6.790444108855445693e-01
106 60 -1.225845813917806615e-01 -3.034914476378825499e-01
107 60 -8.943670449027257829e-02 1.383336128621043271e-01
108 60 2.452813301958999270e-01 3.490245660379687198e-01
109 60 1.040747211048379528e+00 5.742286317526577033e-01
110 60 6.829854475728158736e-02 -3.742933899302076095e-01
111 60 -2.808190524372980446e-01 -6.614228611258931023e-01
112 60 1.197517396980066762e-01 4.039048354770528038e-01
113 60 3.426073951309522858e-01 3.236492703567708240e-01
114 60 5.624497752810264650e-03 2.777999074677232200e-02
115 60 -6.695951416470481421e-01 -1.162101205347913779e-01
116 60 -6.721567916901143303e-01 -5.579855507971690637e-02
117 60 -1.686696264730744854e-01 5.723855833919488934e-01
118 60 1.532039654838822651e-01 6.550202722344469208e-01
119 60 -2.605111313344360413e-01 1.559240052708489088e+00
120 60 5.687194206741822411e-01 1.831372174682251552e+00
121 60 1.905368168384439898e+00 3.004576590663691205e-01
122 60 5.571549858776518871e-01 -2.951959801348100210e-01
123 60 -6.769201083564194699e-01 -4.352241968387141613e-01
124 60 -2.809502032828274931e-01 -2.829074446075133253e-01
125 60 -9.205928907815222884e-01 2.984845415236889177e-01
126 60 -5.169730813586819185e-01 9.616588642670294007e-01
127 60 9.431159771329379327e-01 1.276470526824286855e+00
128 60 5.606236860489720586e-01 7.451738818295745859e-02
129 60 -5.018728114360264669e-01 -7.075750088056931286e-01
130 60 -1.065925523389989582e+00 -5.383396290426983866e-01
131 60 -9.378675086595388288e-01 -4.789815323916701284e-01
132 60 -5.486794659190259438e-01 8.015111753159342989e-02
133 60 -2.079393017154460843e-01 7.237242321950141388e-01
134 60 3.081327465136001198e-01 8.435909067144692353e-01
135 60 3.057986767325021060e-01 -1.281062109863102816e-01
136 60 -2.108488137664654705e-02 -3.478838950306217814e-01
137 60 -7.730600513282830377e-01 6.363042004177547062e-01
138 60 -9.576879337547474780e-01 2.770365396660494639e-01
139 60 -5.545488607414064686e-02 -2.442020374263275673e-01
140 60 4.754018100232828559e-01 1.463066777755613890e-01
141 60 8.888482134553694625e-01 1.987312546464524154e-01
142 60 1.380860896932570414e+00 -6.116915329808962631e-02
143 60 7.486942370798914670e-01 -4.108054953864290759e-01
144 60 1.644988132876812892e-01 -1.125948090307924143e-01
145 60 -2.644572492931295815e-01 6.392566913735751033e-01
146 60 -3.186688856773125522e-01 8.874407801429483600e-01
147 60 1.698822923935394413e-01 5.405695215845195412e-01
148 60 3.719065673961475249e-01 -2.722328507453344315e-01
149 60 2.120335265104524719e-02 -2.385859863847439866e-01
150 60 1.677368653100774765e-02 2.851420228257998679e-01
61 61 2.900978955216316768e-01 -8.253306774566473436e-01
62 61 -2.241384595347153397e+00 7.412427682358743164e-01
63 61 -1.256413397954220246e+00 1.253629701384049611e+00
64 61 -1.630533331293682275e+00 -1.037661525941279805e+00
65 61 -2.660021481832085311e+00 1.916992509792490862e-01
66 61 1.977418720526406659e+00 3.651518476284216219e-01
67 61 -7.396286469722129775e-01 -3.307562361750276292e+00
68 61 1.195403178344052630e+00 1.247174682411933855e+00
69 61 2.402358497315038921e+00 -7.189495807192300969e-01
70 61 1.253203472812332020e+00 -2.270303656941480508e+00
71 61 -3.275871528258709642e+00 1.965011254929161844e+00
72 61 -2.536226256243113486e+00 -1.641400861259058708e+00
73 61 1.699468586505933576e+00 3.133904022321988059e+00
74 61 -1.581328066196315829e+00 5.421143071257189527e-01
75 61 -3.865734848274499091e-02 2.203971248189190657e+00
76 61 -1.245356118363919601e-01 1.819796025772815184e-01
77 61 2.164583220627272375e+00 -1.571465123923960761e+00
78 61 8.555879848492440320e-01 5.954134372628694383e-02
79 61 1.117996988253485258e+00 2.720706098045635901e+00
80 61 4.480204796354937957e-01 -6.895358640363568048e-01
81 61 3.316516434747270314e-01 -1.577778122343981737e+00
82 61 -1.569000131782827268e+00 1.182330381135919817e+00
83 61 -1.045632888407552308e+00 -7.204774567051019929e-01
84 61 -2.620616868785012432e+00 3.440764301855680357e-02
85 61 -1.501743870527417757e+00 1.589596070305757669e-01
86 61 1.387316266106188634e+00 1.079791793461406746e+00
87 61 4.488908781175501850e-01 8.992149600263636966e-01
88 61 -2.916677299305089344e-01 8.245891953546022890e-01
89 61 1.743991629968214274e-01 1.418069367470363940e+00
90 61 1.712600479948472032e-01 7.932094591655856064e-01
91 61 4.350564649965834030e-01 2.871161190876134195e-02
92 61 -6.479428646881635334e-01 1.925197612256991819e+00
93 61 -1.418815282627111429e+00 -2.179848432808136061e-01
94 61 -7.313458491454730703e-01 -5.678240368778004754e-01
95 61 -1.818624493960966815e+00 1.324079797431943484e-01
96 61 -1.196839681638756758e+00 6.622657148952549866e-01
97 61 -7.488077610697141395e-01 2.391272920217745734e-01
98 61 -2.120870499779236862e-01 -2.122144041079761234e-01
99 61 8.417888106390164493e-01 1.577143577920115391e-01
100 61 1.089105670558453198e+00 -5.691727453780735108e-02
101 61 8.181436338350905890e-02 -7.936023229740766238e-01
102 61 -6.318639953740234905e-01 -8.063592466403837200e-01
103 61 5.174234058654331170e-02 -1.082728374755639100e+00
104 61 1.782453791256697617e-01 -5.361503789227142214e-01
105 61 7.374143584791127415e-01 -9.155778244209418215e-01
106 61 1.506914788575847375e+00 -8.339536048194112761e-01
107 61 3.749889402958468954e-01 5.929146762506647822e-02
108 61 -1.037538221842549124e-01 6.205279076408873884e-01
109 61 2.052315498722032672e-01 1.332102976289440299e+00
110 61 2.923194473734052057e-01 2.960456512089527092e-01
111 61 7.440359324159296905e-01 -5.152804021104200327e-01
112 61 1.914716918001933832e-01 -8.819115398027619346e-01
113 61 -5.053095705927477255e-01 -4.235868474256280214e-01
114 61 -6.914430076107269674e-01 9.000650859579431007e-01
115 61 -1.112153878358634884e-01 6.698330244297635572e-01
116 61 6.601862849024230373e-01 6.454714867002342427e-02
117 61 3.528432231363521909e-01 3.362886840131454336e-01
118 61 6.061138228987033028e-01 1.196115862153474263e-01
119 61 2.145921267055912185e-01 -9.474164123607325960e-02
120 61 -5.476589037254940839e-01 3.660669395189125042e-01
121 61 -4.540846656628305111e-01 4.159673879126293827e-01
122 61 -2.954699590891706196e-01 -3.339524749744336024e-02
123 61 3.399114559252039980e-01 -1.506719434754153486e-01
124 61 1.824856093905212473e-01 -7.271112976227167568e-01
125 61 -3.155686218424236245e-02 -1.407870850387083372e+00
126 61 -1.178674080208098329e-01 -8.043283428767153964e-01
127 61 -4.717704222172751649e-01 -3.313360764522556567e-01
128 61 6.082942067124283425e-02 2.657865372362568368e-01
129 61 -2.647196438112919270e-01 1.128320197148297677e+00
130 61 -2.821026184433862438e-01 8.043151578681365654e-01
131 61 5.610114925243212536e-01 2.244289001778721482e-01
132 61 -1.025112485514721727e-01 -3.509792022147288915e-01
133 61 -3.492896675725910005e-01 -4.318853796454368288e-01
134 61 2.119660005412908610e-03 6.660781309580763102e-03
135 61 2.452329568020265860e-02 2.776578531930893462e-02
136 61 4.706340648507883473e-01 1.770404061188714795e-01
137 61 8.479112639671839702e-01 2.751589419761552024e-01
138 61 2.888564311210355950e-01 -2.419586526881503663e-01
139 61 -9.202145811185898916e-01 -5.849731690372820259e-01
140 61 -1.194240568710244421e+00 -7.597877941905475385e-01
141 61 -1.168837534100319042e-01 -2.366865972638146909e-01
142 61 3.621626985051412673e-01 9.903285088259450308e-02
143 61 4.459534010025153483e-01 -6.697799411670041225e-02
144 61 2.679444429919292658e-01 1.345635586372002368e-01
145 61 -1.318720701559779884e-01 9.939776030892813474e-03
146 61 -4.879228511733826323e-01 -1.062501651821738280e+00
147 61 -5.059647417125349156e-01 -4.257492711410228448e-01
148 61 -2.556241307941914953e-01 -1.107623659828613633e-01
149 61 4.501563202525450391e-01 -4.528185308074457183e-01
150 61 5.263500382126017341e-01 -9.067462136837178832e-01
62 62 -7.854752394986753705e-01 -1.457541140525694834e+00
63 62 1.269596917378199574e-01 8.154145482988512939e-01
64 62 -9.832676872710028881e-01 -1.127838956515769597e+00
65 62 -2.075970889848893108e+00 1.137399161206650966e+00
66 62 1.496281809740212410e+00 1.571921516076456360e+00
67 62 3.441090353189391493e+00 -3.291381794784287163e+00
68 62 9.176106614817854945e-01 1.654441412401908673e+00
69 62 -3.220826381173800823e-01 3.215844553646373533e-02
70 62 1.597666941464170431e+00 4.713678094461127288e-01
71 62 -2.006584362122279419e+00 -3.303701884031968294e+00
72 62 1.121093481676813663e+00 1.562586098856575956e-01
73 62 -4.165758255879569383e+00 -1.260009004703462443e+00
74 62 4.611530041005726943e-01 -3.647346245418169319e-01
75 62 -2.053098347933784318e+00 1.462752952541904961e+00
76 62 3.004904032659827529e+00 -1.951575367828052077e+00
77 62 4.086629490991897651e-01 8.135383986023211333e-01
78 62 -2.064644573102802916e+00 -1.786262800469183176e+00
79 62 1.027436449844287614e+00 5.331285858411455303e-01
80 62 -2.901794635221818242e-01 6.756605056903418616e-01
81 62 -2.651067118403798162e+00 -8.470428466061096229e-01
82 62 -1.763556281006680937e+00 1.111415633181039420e+00
83 62 3.355903876725210844e-01 -6.847957999661978823e-01
84 62 3.378515819117787755e-01 -2.771519999485205332e+00
85 62 -7.925619412582428358e-02 6.517558843077816966e-02
86 62 9.502895065095028349e-01 6.070950074814299158e-03
87 62 2.021365057226256035e+00 -8.185144110678743701e-01
88 62 4.323632768451545205e-01 1.315788595853083498e+00
89 62 1.059881956740371528e-01 2.872228135158003681e+00
90 62 -7.067119062591231682e-02 2.664198936966389653e+00
91 62 -6.049707497747962570e-01 3.560262668526733010e-01
92 62 4.905803844956062587e-01 -7.249251253625733638e-01
93 62 4.128544427484334700e-01 -4.660209647359666030e-01
94 62 -1.803975352420147171e+00 -1.314901026471687606e+00
95 62 -1.171596017066270035e+00 -9.041072800921681196e-01
96 62 -4.010942945072613064e-01 6.753815117025219195e-03
97 62 5.342163316081478125e-02 -8.364701314881719529e-01
98 62 -1.915353770862435745e-01 -4.568354241049365494e-01
99 62 1.191186515620699105e-01 5.619017937753971736e-01
100 62 1.224967196728785623e+00 2.434087830922932738e-01
101 62 1.622144331496355063e+00 4.329715833683233650e-01
102 62 -4.104480902057133784e-01 1.244660162591155084e+00
103 62 1.952917156720083147e-01 1.173209079073618932e+00
104 62 6.288399706299487857e-01 3.561668207689256960e-01
105 62 1.797811289587209205e-01 2.089303960102296132e-01
106 62 4.974193417812426410e-01 6.500512670210853994e-01
107 62 -8.918502693407132087e-03 -2.290355366046467056e-01
108 62 -1.441714478578969560e-01 -4.345526684174559895e-01
109 62 -1.128137795740923738e-01 7.294565486307456048e-01
110 62 -3.816317620533179467e-01 6.286011304345228146e-01
111 62 -9.402544976030543511e-01 6.697549699750928731e-01
112 62 -6.543219744017610973e-01 8.718811160637004454e-01
113 62 2.451977190775720405e-01 6.496522900559875691e-01
114 62 2.051583233513527282e-01 4.479074094689692309e-01
115 62 1.652208814449443799e-02 -3.275695797027893263e-01
116 62 4.492220548605292962e-01 -8.559668225442936818e-01
117 62 1.523983068058872570e-01 -4.326761609776637041e-01
118 62 -3.619210993439090363e-01 3.617225701286383988e-01
119 62 -5.514845785843857096e-01 1.563544293976686927e-01
120 62 -1.669695025087464257e-01 4.183859519085074141e-01
121 62 1.473841809752274301e-01 5.979370562807788669e-01
122 62 -3.067283006037406223e-01 -6.543532057226296716e-01
123 62 -7.749825869534909817e-01 -7.956054978600264338e-01
124 62 -7.456523709195010952e-01 3.672534102796589650e-01
125 62 4.001132082619148211e-01 1.041487605964419361e+00
126 62 7.617726241849738233e-01 7.232833673747944836e-01
127 62 3.128312871125069616e-01 4.082888359462884531e-01
128 62 3.178356685139849813e-01 6.540321338691142961e-01
129 62 -6.311370958949695797e-01 5.594245443163969878e-01
130 62 -1.197286888930040538e+00 2.517030349556080848e-01
131 62 -3.272804011926895573e-02 2.790313087624878285e-01
132 62 9.031295891634184558e-01 2.261300440099681397e-01
133 62 4.055678588114742800e-01 -8.503317599698964613e-02
134 62 -6.595376535110893945e-01 -3.109971433003833607e-01
135 62 -1.068433929499357893e+00 -4.814726507662119015e-02
136 62 -1.083546226593119943e+00 6.303137763072415023e-01
137 62 -1.157810840636890104e+00 6.241008587969154586e-01
138 62 -5.564716854305650218e-01 -2.367446370729095473e-02
139 62 3.360538217802401528e-02 6.276887061696778680e-02
140 62 3.779631262356166199e-01 1.170753576252770989e-01
141 62 4.974775579474056686e-01 -4.297378793745947334e-01
142 62 1.445224055496328042e-01 -4.124937170145482890e-01
143 62 7.743117759091337760e-02 4.272675433471172235e-02
144 62 -1.702255573235521013e-01 4.450173407814232984e-01
145 62 -5.367593423966794397e-01 8.883577019211844616e-01
146 62 -3.172823714451992183e-01 6.012063799057305591e-01
147 62 2.461127995796857371e-01 -5.472914036333713650e-01
148 62 8.693348118204534680e-01 -1.116595575462856926e+00
149 62 3.015224624529580510e-01 -2.926273214450608173e-01
150 62 -2.617925724815677313e-01 8.411443865764621775e-01
63 63 -5.183843948856134976e-01 2.150567754967912748e+00
64 63 1.305322440826766295e+00 -1.468092177445383673e+00
65 63 -1.339229900828965647e+00 -3.702003332249952372e+00
66 63 6.129033256565875609e-01 1.903436130226110024e+00
67 63 1.001109428967917436e+00 1.544210755412429359e+00
68 63 -5.110596419969580806e-01 -3.858207572548314257e+00
69 63 1.284642303125462126e+00 4.646953727249530708e+00
70 63 -2.089332304752288039e+00 1.409492980761246406e+00
71 63 6.358903268287494637e-01 1.874133984332760905e+00
72 63 -2.597736671315670876e+00 3.218277413992128855e-01
73 63 3.799347659850302428e+00 -1.938420959997208204e+00
74 63 9.860073464715317648e-01 1.883049902017744637e-01
75 63 -1.927682524436033829e+00 -1.695080031243630714e+00
76 63 3.836200724479564284e-01 2.354224553202713732e+00
77 63 1.719719072608153043e+00 -2.934071512832129525e+00
78 63 1.063076821386569115e+00 1.557266946008128761e+00
79 63 -2.567626590911622930e+00 9.368635464571112292e-01
80 63 -1.922012453579036162e+00 5.774467399383310662e-01
81 63 -1.642684339489395295e+00 1.786021067924324912e-01
82 63 -2.540699782306682142e+00 6.460916944160381981e-01
83 63 -1.675026606068219515e-02 1.114032753195378866e+00
84 63 9.681852041277927423e-01 -6.505606090827549259e-01
85 63 8.781416008946703045e-01 -2.516660546568597834e+00
86 63 2.025976796210668951e+00 -8.838049171575192986e-01
87 63 -7.983053068868428692e-01 -1.293229664289267777e+00
88 63 -3.419281739590993574e-01 -1.101413044622685966e+00
89 63 -3.853130181824024336e-02 9.256980758782245022e-01
90 63 2.366248541455294452e-02 1.002491911154972604e+00
91 63 2.872002494389906402e-01 1.413299564684880938e+00
92 63 -1.012582814239908480e-01 7.848227639012718138e-01
93 63 3.084748213518684890e-01 -5.604519856211305218e-01
94 63 9.695303228357011749e-01 -8.271123625465001128e-01
95 63 2.933866788192991404e-01 -1.004916039475037159e+00
96 63 2.004618379512954185e+00 -5.089398647045928481e-01
97 63 1.458517628735846783e+00 3.865559952683199629e-01
98 63 -1.170853278521302721e-01 -4.936160587838352987e-01
99 63 -5.466899756574246094e-01 3.485948369902366339e-01
100 63 -1.119996465089777127e+00 -2.914280359567225642e-01
101 63 -9.230989605682120569e-01 2.782145416372586166e-01
102 63 -1.007506011515554745e+00 5.467821346744545785e-01
103 63 -3.524765110880061503e-01 6.403385027283248210e-01
104 63 -1.404712580428156277e-01 1.487924544513884173e-01
105 63 3.259831036620640388e-02 -1.096696733588385930e-01
106 63 8.491592158254432920e-01 1.323736182338477729e-01
107 63 1.177271894660281704e-01 -3.762908320728798328e-01
108 63 -1.066918441719950872e+00 -6.592364757099572481e-01
109 63 -1.252179479965470188e+00 -7.483148613462036192e-01
110 63 -4.858175786590778200e-01 -8.589553612978467756e-01
111 63 -6.925567411089552650e-01 -9.931734783894854424e-01
112 63 -9.954266239095727054e-01 -2.540559547419090070e-01
113 63 -3.138963139624776910e-01 7.933224073692023426e-01
114 63 4.421214618290758569e-01 7.472393550555687103e-01
115 63 1.299244990207262473e+00 3.907600997378122276e-01
116 63 1.142855369096274609e+00 1.030297416467059468e-01
117 63 7.696900592847666367e-01 -6.425114512854251947e-01
118 63 2.948183351226663085e-01 -1.290048760544310613e-01
119 63 -1.518438095304851521e-01 7.236943018065308819e-02
120 63 -3.562671246661457958e-01 3.723637794397129386e-01
121 63 -5.268204110354957059e-01 1.030626170812138032e+00
122 63 -8.948686100818648015e-02 1.653138283750122117e-01
123 63 4.985640313349918307e-01 5.719684242677983699e-01
124 63 7.967684487252744141e-01 7.163500861246194784e-01
125 63 7.887704990134815075e-01 -2.180848336092575668e-01
126 63 1.181650001264511612e-01 4.043251661132218344e-01
127 63 -1.291294995071992635e-02 7.133622729952041608e-01
128 63 4.401742325772897146e-01 5.332940549849013445e-01
129 63 -1.820243125712319998e-01 8.126160263133064277e-01
130 63 -4.424227991608201127e-01 8.399911202744273497e-01
131 63 1.022335096014859029e-01 8.156261365207881919e-01
132 63 6.460676618344858291e-01 2.627316291028461981e-01
133 63 4.886869536641371692e-01 1.603978725453154008e-01
134 63 -2.412434419230153337e-01 5.835729138373618730e-01
135 63 1.646177095637970655e-01 1.020611654685843472e-01
136 63 8.782837994317435615e-02 -2.053024555644061555e-01
137 63 -2.574688367607252393e-01 1.973765900708134846e-01
138 63 3.187906364099526435e-01 8.421178340051905797e-01
139 63 -1.847671296828213572e-01 6.328075371356899348e-01
140 63 -4.239844706877094471e-01 5.334693529957287295e-01
141 63 3.454770224545704038e-01 1.046832893154340693e+00
142 63 6.300110122860494988e-01 3.230551419499726462e-01
143 63 5.180855154683211561e-01 -4.303786900075047828e-01
144 63 -2.022560649177183589e-01 -1.087524011664227491e-01
145 63 -6.422083594774563586e-01 -1.115675951798517362e-01
146 63 -8.689423295662517255e-01 -1.418333340123361652e-01
147 63 -9.601502851165517605e-01 -2.149523717067272077e-01
148 63 -6.891647803128997385e-02 -4.771911636931013834e-01
149 63 3.333269976380580091e-01 -7.021911629207209238e-01
150 63 -1.998440248345248749e-01 -1.516802783879548921e-01
64 64 -4.379210481089641505e-01 1.425153146668034054e+00
65 64 7.771888189428114435e-01 -1.612216558096788210e+00
66 64 -1.507653032280362959e+00 -2.496636026983180212e+00
67 64 2.204930237367395574e+00 2.885033978169409541e-01
68 64 -2.368054298027512328e+00 -2.140624225790595414e+00
69 64 -3.266748896757373011e+00 3.311931340682462421e-01
70 64 1.453897630698846255e+00 2.031750609872593483e+00
71 64 -3.206355927834178665e+00 -2.727936205182228679e-01
72 64 1.888840379785661217e+00 1.871025569933446375e+00
73 64 -3.907667681434116580e-01 1.224717244400794103e+00
74 64 2.212019985462103655e+00 -3.818373182836023894e+00
75 64 2.405839096679700084e+00 1.184330125829551328e+00
76 64 -2.976955330100179875e+00 5.142783797892767073e-01
77 64 8.194516588130734691e-01 2.056791730710610278e+00
78 64 -3.112328109092280304e+00 -5.872432888305167964e-01
79 64 1.903423275881541255e+00 1.927623081920090797e+00
80 64 1.008424777202364453e+00 1.857667997000144622e+00
81 64 4.937529890490923168e-01 -2.137806996260506853e+00
82 64 -1.763186718961260002e+00 -1.487496767277926013e+00
83 64 1.421860534810950094e+00 -2.502665121856709196e-01
84 64 1.894785517593795987e+00 3.103358012738125504e-01
85 64 -8.374304054126163743e-01 -5.171020353645834344e-01
86 64 3.338015773767087913e-01 1.640979696491897455e+00
87 64 1.638225992192964275e+00 -3.705050820854265403e-01
88 64 7.988517777160022981e-02 4.969788867615712591e-02
89 64 -1.597374625216974486e+00 2.167325682243339546e+00
90 64 -1.066633107494157739e+00 1.464909284499918529e+00
91 64 -1.156361824535239835e+00 -1.661797218958130373e-01
92 64 -9.359726468849645098e-01 -4.040159748229908421e-01
93 64 -1.306891039333768489e+00 7.130343770855959162e-01
94 64 -7.354398661575216600e-01 2.170702393698895616e+00
95 64 -2.784532678739833414e-02 7.227426114939996538e-01
96 64 1.411223365497785043e+00 8.414728172413579177e-01
97 64 1.456877426556051569e+00 4.200715982187288589e-01
98 64 3.830161303488953117e-01 3.431366125729062855e-02
99 64 -1.857007362172010234e+00 -3.458423999420781048e-01
100 64 -1.421082582629823010e+00 -2.220876307096920355e-01
101 64 -7.891959611102844496e-01 -1.053998448314275305e-01
102 64 -6.250121253590102954e-01 -7.605526585854592847e-01
103 64 -5.322979309640470946e-01 -7.457136746239066971e-01
104 64 5.724848185374566967e-01 -1.184580703361410858e+00
105 64 5.917136941799996386e-01 -1.294931512247361693e+00
106 64 -5.160891930579628029e-03 -5.813093641358410002e-01
107 64 5.988396421342533360e-01 -2.154508211333139023e-01
108 64 8.729225999401956093e-01 8.574923255347109974e-01
109 64 6.108431181310365332e-01 3.340002993698705236e-01
110 64 6.200903380570577106e-01 -3.867644926073833811e-01
111 64 -3.019280089134343537e-01 -3.888152162602330764e-01
112 64 -7.038771511447041718e-01 -4.724688398517666310e-01
113 64 -1.938100267686538106e-02 5.295685787385179255e-02
114 64 8.556699227597061586e-02 -2.121904850144403776e-01
115 64 1.135655116756771749e-01 -4.708380812354372169e-02
116 64 -3.410573642533915734e-02 1.790665362958590301e-01
117 64 -4.005964955184801446e-01 2.482366243891893642e-01
118 64 -8.942517409148337260e-01 2.930359771004531488e-01
119 64 -9.554806109698890659e-02 -4.242855477041156953e-01
120 64 2.227840070787360238e-01 -5.934487853017264003e-01
121 64 -4.703181454708506015e-01 -8.110336990521504336e-04
122 64 -5.411501743294468980e-01 -1.138407473519679469e-01
123 64 -1.122287916133806185e+00 -1.972306582268008868e-01
124 64 -4.538422024335865834e-01 2.498295723948698865e-01
125 64 4.019798808662246037e-01 7.071648295009879126e-01
126 64 -1.473792439109033459e-01 -2.034722640737260391e-01
127 64 -3.888373507248469862e-01 -1.002362857535580520e+00
128 64 -1.087272977820120445e+00 -3.954681676857077499e-01
129 64 -1.143260481801962047e+00 -8.704204923433050967e-01
130 64 -5.751508299152250370e-01 -8.142046091132197905e-01
131 64 -6.311045416004580355e-01 -4.068977651526651806e-01
132 64 -1.212024751087805857e-01 -4.161565719453033108e-01
133 64 -2.936522355958617880e-01 4.435849153085080210e-01
134 64 -5.263130710995790329e-01 6.112473683992769580e-01
135 64 -2.341692529573524695e-01 4.623860384945784885e-01
136 64 -7.593287025337593921e-01 3.568696953730184362e-01
137 64 -4.480450601159103874e-01 -2.846331836329861198e-01
138 64 2.629290329036365614e-01 -5.282920712469059144e-01
139 64 4.534597256689899547e-01 -3.181615902798626827e-01
140 64 2.846956332826192648e-01 -1.738697529823446386e-02
141 64 -2.066684144486541086e-01 1.257214192565502542e-01
142 64 -2.135935499372286772e-01 -1.002223295375226364e-01
143 64 -2.918134193746770300e-01 -6.843175593427575087e-02
144 64 -4.383364939734349930e-01 2.997337058816460509e-01
145 64 1.382645773491184560e-01 3.206884488223553653e-01
146 64 3.192243844105568940e-01 -5.352480139911544033e-01
147 64 1.671367305533326755e-02 -1.226093860734148944e+00
148 64 5.732822791966606796e-02 -3.306773665095835701e-01
149 64 2.814872622479772657e-01 6.431408013288383296e-01
150 64 -1.618009070811234906e-01 9.062960521497277488e-01
65 65 9.887391963528568972e-01 -1.387372947214561947e+00
66 65 6.221999229730027503e-01 5.673617689032735001e-01
67 65 3.813764125262487648e-01 -2.735495026352063319e-01
68 65 1.763498737576779440e+00 -1.799466277919148371e+00
69 65 -1.070778805936066336e+00 -7.712960465404722354e-01
70 65 1.003526123291141436e+00 2.218836202951973924e+00
71 65 4.521877712057555954e-01 -1.534214705447029203e+00
72 65 -1.474889851231621751e+00 -1.549880981273353608e+00
73 65 1.337406962012728240e+00 -4.763953785398389318e-01
74 65 1.367951510735155862e+00 -5.070319892704158171e-01
75 65 -1.753953866603115364e+00 -8.129451877962969863e-01
76 65 1.414433478897922036e+00 -1.051518605890977787e+00
77 65 -2.655550807631549493e+00 1.797842843561090920e+00
78 65 1.046223482090535284e-01 -1.781848301099276055e+00
79 65 -2.870958698135249509e+00 2.401247944752425312e+00
80 65 -3.662800223355651696e-01 -2.647435516101986352e-01
81 65 2.328854017148892286e+00 4.857273374027197277e-01
82 65 -2.408985184266595192e-01 -7.223046044569361168e-01
83 65 1.231297539187144185e-01 -1.939108514646042725e+00
84 65 6.855115409615623046e-01 -1.257095006844465290e+00
85 65 -1.531071150568340755e+00 -1.359645586818136964e+00
86 65 -1.977638336779170336e+00 7.173273746096908710e-01
87 65 -6.613953677816385435e-01 1.803940958046205356e+00
88 65 -6.644151084807917718e-01 -6.155901431105385013e-01
89 65 1.103693751083794306e+00 5.434758120616727251e-01
90 65 1.889277317173821968e+00 4.558030732616467073e-01
91 65 5.312384672343760661e-01 -7.603844656877605246e-01
92 65 -1.287120260330414157e+00 1.018750007845865488e-02
93 65 -6.204360592337555547e-01 -3.279346257809643839e-01
94 65 2.269639611763461240e-01 -1.782983869220778478e-02
95 65 -8.176430043183824381e-01 2.001386767596064153e+00
96 65 -3.457276088893137533e-01 2.192150301084691666e+00
97 65 4.035975277312803811e-01 7.634323665214767241e-01
98 65 -7.432320001396263143e-01 4.974500556384860994e-01
99 65 -8.309911348389890096e-01 -3.814049710353998313e-01
100 65 -5.367847964086360779e-01 -1.619796163364346508e-01
101 65 9.831254111149789754e-02 -9.656630193708876098e-01
102 65 3.656765643058086379e-01 -1.129736368828387238e+00
103 65 8.161213964802929155e-01 1.124465871952752827e-01
104 65 1.193208057886530726e+00 6.831754409295913710e-01
105 65 1.150411753457527331e+00 1.227023450246408909e-02
106 65 3.635614738189771322e-01 6.456434579935165230e-01
107 65 3.362197498371424786e-01 8.036626979096090917e-01
108 65 -5.411071800467189830e-01 8.438412658245019182e-01
109 65 -1.510890911662136515e+00 1.343507641587736057e+00
110 65 -5.583273795572715192e-01 1.191359237860393883e+00
111 65 9.662281087319257722e-01 2.157629388123809278e-02
112 65 8.014918100934935730e-01 -5.452803903806602293e-01
113 65 -1.100700303784648976e-01 -5.714931748202359829e-01
114 65 4.171351617267410328e-01 -4.416700983229366329e-01
115 65 -4.665759320335677307e-02 2.335410694182673552e-01
116 65 -1.423696463711810356e+00 1.043163201472360052e-02
117 65 -1.659068008754837065e+00 3.784836529909493263e-01
118 65 -7.687733345419920372e-01 6.596599242113873052e-01
119 65 5.326947831987023374e-01 2.381577992847735969e-01
120 65 8.761649406444157462e-01 -5.789917397313899816e-02
121 65 3.387228174140075043e-01 -7.005302333723226749e-01
122 65 5.329419274910150994e-01 -2.917279648422010374e-01
123 65 -3.903345462184317216e-01 6.349272166094417635e-02
124 65 -8.662560718744193311e-01 1.106779721783911485e-01
125 65 -1.494605840478540337e-01 5.846364827831018740e-01
126 65 6.345399207236401828e-02 1.989201283196024572e-01
127 65 1.970695047039458803e-01 2.545980509761038291e-01
128 65 1.849294773125255698e-01 8.472373384657017059e-01
129 65 5.548881360644634109e-01 5.434291827021874299e-01
130 65 1.412991318887191206e-01 5.528812719674582876e-01
131 65 -4.315289236538284445e-01 7.778755616780086424e-01
132 65 -2.249169608889300398e-01 2.368203880943195450e-01
133 65 -3.114268249630159358e-01 -2.281554523013267638e-02
134 65 -3.945454233777644926e-01 3.301426336391881655e-01
135 65 2.184166371970364950e-01 7.658736888813512111e-01
136 65 1.073246157443503712e+00 4.775344345733825713e-01
137 65 7.404294847045661543e-01 -7.296155514119936902e-02
138 65 -2.830925043659240914e-01 1.454518509188948427e-01
139 65 -5.090002787012618546e-01 3.082515848831367533e-01
140 65 -1.425728270125932451e-01 3.387338599766714919e-01
141 65 4.510241193320093517e-02 3.760685306044034837e-01
142 65 1.225305729636544660e-01 8.867064397907591100e-02
143 65 4.701036506273422594e-02 5.775643623295812629e-02
144 65 -1.147211103623462305e-02 -1.482240713930404741e-01
145 65 -2.214233976025741513e-01 -1.520187682656026495e-01
146 65 -4.176244257408165406e-02 2.091767077452128809e-01
147 65 5.702030316870592141e-01 -2.827388391783933197e-02
148 65 6.070706170203595820e-01 -2.337512482905592937e-01
149 65 3.743660340834795153e-01 -1.865976680004761967e-01
150 65 2.454885678781493774e-01 2.829592506433493138e-01
66 66 -3.261453170203484353e-01 -6.949137527752965449e-01
67 66 2.112333405447997858e+00 2.281052313673322285e+00
68 66 2.949835641967395894e+00 5.217162417280700737e-01
69 66 1.096738071432490358e-01 -1.758677394200890975e-01
70 66 -4.392307582404944566e-02 2.189793214134328370e+00
71 66 5.015825200224867331e+00 1.531203535149924244e+00
72 66 -2.124719171076581148e+00 -2.073035986990881430e+00
73 66 -9.235413633637358233e-01 6.713629500536606454e-01
74 66 -7.335154995994361826e-01 -4.454982977125140353e-01
75 66 8.190962961086413197e-01 -2.461655490600020146e-01
76 66 -1.011895050672527052e+00 4.096728271593432780e+00
77 66 8.953162544786263943e-01 -1.440469794080907029e+00
78 66 3.068925377202699201e-01 -5.064127284090147452e-01
79 66 -5.153056753177064353e-01 -2.966761882923623528e+00
80 66 6.371350007868605836e-01 1.711885623752746888e+00
81 66 -2.363457950066504054e+00 -2.007926737237724968e+00
82 66 -8.057499365082831932e-01 -9.464458021997146364e-01
83 66 -1.903704778296025468e+00 5.470205090806831150e-01
84 66 4.201569641433925417e-01 8.855937897207364351e-01
85 66 -2.175823046937443717e-01 -1.124388692506977705e+00
86 66 -2.161309307989697004e+00 -1.126244582978042308e+00
87 66 -1.355006418396844381e-01 -1.877883608724515152e-01
88 66 6.567075443109630095e-01 2.374315413250329687e-01
89 66 -3.097735947021301950e+00 -1.070223993847911004e+00
90 66 -1.021437815187453912e+00 -2.674739391722578130e+00
91 66 9.425120254827774602e-01 -1.104630195149558736e+00
92 66 5.349275948693299476e-01 -1.549748800954330541e+00
93 66 2.573357946215100167e-01 -1.781016727065627969e-01
94 66 4.529988085351376315e-01 -5.819044262936484690e-01
95 66 1.354954962750601899e+00 -4.582870413142777211e-01
96 66 4.305178732817036003e-01 6.939118201927179097e-01
97 66 -1.521099639625579814e+00 9.287313888153739261e-02
98 66 -1.035209904806493553e+00 -2.307215628390169027e-01
99 66 -1.159301002700484196e+00 6.442513420873632324e-01
100 66 4.316833750975617168e-01 -4.700088333635621396e-02
101 66 1.440771284151618703e+00 1.924579772206725381e-01
102 66 2.111610388321868426e-01 -6.933399094546717212e-01
103 66 2.517831468362350389e-01 -1.473894870509996569e+00
104 66 -9.750212933564100792e-01 -6.897280355575259314e-01
105 66 -8.883271390277087676e-01 7.873542404869592337e-01
106 66 -5.618684858474105592e-01 5.319336481134195882e-01
107 66 1.483402270470048911e-01 8.566555283552731437e-01
108 66 3.059039905530627768e-01 5.211978625630740991e-01
109 66 -1.569394485230340697e-01 5.094520355239127163e-01
110 66 -1.164653165443909844e+00 2.768214634212175507e-01
111 66 -1.553942598466801162e+00 -8.737663694387332036e-01
112 66 -7.202073453213972964e-01 -4.695512458650419330e-01
113 66 4.724187728487657667e-01 -9.960976674822394350e-02
114 66 1.550097226631849123e+00 -3.786367693968009096e-01
115 66 8.439383235912724102e-01 -3.640080606577575928e-01
116 66 -1.449666042515549147e-01 1.041724248216557847e-02
117 66 -8.536053813494739462e-01 4.439560527732373529e-01
118 66 -1.496916770986576939e+00 -2.033276973035363921e-01
119 66 -1.825160621655555204e-01 -3.845712013162045362e-01
120 66 5.317495514015574409e-01 4.515605011469521757e-01
121 66 4.595174931905045002e-01 2.070187351970130540e-01
122 66 8.842909914631364998e-01 5.801694255933766975e-01
123 66 6.273048946430749284e-01 7.135513719310933312e-02
124 66 3.087409053356603428e-01 -4.370550706354520143e-02
125 66 -8.268085641082797976e-02 5.191086444779082765e-01
126 66 -8.493036887576783656e-01 -3.975094452962212310e-01
127 66 -5.709716051633575429e-01 2.732426461139543863e-02
128 66 -7.364022462634753352e-02 6.105512039786102907e-01
129 66 2.314364970421913803e-01 2.190523915900699226e-01
130 66 4.680751478549036171e-01 3.720930974380383116e-01
131 66 2.363591164518092369e-01 3.230898834281256127e-01
132 66 1.539618910536595386e-01 4.638574140097186105e-02
133 66 -1.505280892366061551e-01 -5.870550468167763380e-01
134 66 -7.724227522310372906e-02 -3.481972268809854221e-01
135 66 -1.722121525092033256e-01 8.370305894201800490e-01
136 66 -4.998433150446064399e-01 2.151228366122856506e-02
137 66 -2.150091370812090008e-01 -3.930114674354882043e-01
138 66 2.844702218836686614e-01 -8.779016218693581897e-02
139 66 8.178938383861178441e-01 -1.164828839434932428e+00
140 66 -5.815720250248539169e-02 -1.024199277334356450e+00
141 66 -6.207489279000497628e-01 -5.382080570745672032e-01
142 66 4.170812448094309288e-01 -4.535568619505938592e-01
143 66 3.504909475456353118e-01 1.705546567436815389e-02
144 66 -5.772798515794949625e-02 2.673551588200651641e-01
145 66 1.314571897161126157e-01 2.460808283097494498e-01
146 66 2.881999376150599090e-01 -4.679956241141906004e-01
147 66 3.077349106888593311e-01 -7.281518598147487253e-01
148 66 3.171278856467604768e-02 1.723220252599892977e-01
149 66 5.317591278778598801e-02 4.556597918311394158e-01
150 66 4.079842617695011997e-02 -1.792561160187564895e-01
67 67 -2.151930359358206424e+00 4.996245661758583201e-01
68 67 1.756041962215050933e+00 1.941244537787512048e+00
69 67 1.603057312887559593e+00 5.813381179532530751e-01
70 67 -2.062978961811422707e+00 2.531252562977464926e+00
71 67 1.247019324727180134e+00 5.943334630479366609e-01
72 67 8.748913718179474053e-01 -1.613233569555274416e+00
73 67 -2.354517413014199256e+00 2.368317320364055067e-02
74 67 1.785035941937312409e-01 6.968352989231758610e-01
75 67 -2.984575585791619634e+00 7.263894678134654725e-01
76 67 -1.446976114284832249e-01 5.503865727541225050e-01
77 67 1.827512759756881211e+00 4.856726055622769600e+00
78 67 2.360278683973396907e-01 -1.183770629467133295e+00
79 67 1.635117148308957047e+00 -9.085720339704628223e-01
80 67 -2.403776538892632875e+00 -1.830352350864086486e-01
81 67 3.442065290021865565e+00 -1.331162573208217736e+00
82 67 -2.496152653574857272e+00 1.824471269232721682e-01
83 67 -6.964857747288956125e-01 -1.566292299528918575e+00
84 67 8.017588981223531253e-01 9.249719399148107479e-01
85 67 2.134503612221305691e+00 -8.158791115127205229e-01
86 67 1.479318274252016563e+00 1.123367238709689797e+00
87 67 1.252916232444163835e+00 5.530028408276073115e-01
88 67 2.501535637247193744e+00 -8.837368578193373070e-01
89 67 1.207709314008281742e-02 1.343767163492837757e-01
90 67 -4.104393007143298799e-01 2.167807731489828083e-01
91 67 -5.126817845747618785e-01 -1.517571190386064028e+00
92 67 -2.110074466957967410e+00 -4.266952591290715247e-01
93 67 -9.120849461091404820e-01 1.209611807318986321e+00
94 67 1.213726548601750777e+00 1.104090099537887504e+00
95 67 1.012905850825573717e+00 1.453851062861561960e-01
96 67 2.350623360906552717e-01 -1.106819013152566256e-01
97 67 -1.226623504456828551e+00 4.347839259934818124e-01
98 67 -5.114376159524756105e-01 -6.331806751153217228e-01
99 67 -1.058324905994273868e+00 -6.040469737274148931e-01
100 67 -7.657734846213373192e-01 5.046849555277804766e-01
101 67 -2.042238595703172732e-01 -2.647029169925452230e-01
102 67 6.758717828475711009e-01 -2.248755384882950015e-01
103 67 -4.169907100558136182e-01 -2.435688041463817677e-01
104 67 -6.354956150601409615e-01 -5.673827275534754078e-01
105 67 -6.442572683978626813e-01 -4.253690677535744702e-01
106 67 -4.735635690615163096e-01 -1.044474905983226565e+00
107 67 -4.263176524770081466e-01 4.703710362314020288e-02
108 67 -1.080916244428023615e-01 -2.572872997490301405e-01
109 67 3.982193293998224637e-01 -2.644068593326051597e-01
110 67 3.746869561383542324e-01 1.118069474780475636e-01
111 67 2.733360087536642058e-01 -6.473476629527021853e-01
112 67 7.065499359962217410e-03 -7.781905926927643602e-01
113 67 -7.111084773967041306e-01 -7.954374121234562001e-01
114 67 -1.439335486651519003e-01 2.769457865035599986e-01
115 67 8.784215694716401845e-02 1.274039675307744313e+00
116 67 1.846231219726133382e-02 9.579664537260957902e-01
117 67 -1.369388345544216290e-01 5.596527860358972983e-01
118 67 -3.548292189058869783e-01 -1.347808122998702951e-01
119 67 3.443177625645389983e-01 -2.928038778360823602e-01
120 67 3.103531845923323540e-01 -1.381846083713738071e+00
121 67 -4.116177997896266483e-01 -1.608697471048613270e+00
122 67 -9.630056453379691739e-01 2.458890484140341948e-01
123 67 -1.287619810376491591e-01 9.818625867421686415e-01
124 67 3.811689010414813228e-01 8.928269441645260152e-01
125 67 5.118475320373705451e-01 4.130354535159711515e-01
126 67 1.171762650818858109e+00 -2.771282446534379384e-01
127 67 6.659456059075813394e-02 9.030729817567657858e-02
128 67 -6.323161676617972127e-01 -5.450867059518792190e-02
129 67 1.836424921300360835e-01 3.231977390423667051e-01
130 67 -1.316054717233467453e-01 -2.448632786491135999e-02
131 67 -2.147851423326126441e-01 -8.133249772043834591e-01
132 67 -1.384741693990306499e-01 1.175337788429686448e-01
133 67 -2.325930700052002142e-01 -5.873488800643692498e-01
134 67 5.514977655375252752e-01 -9.597680063658278193e-01
135 67 5.800105385529286117e-01 3.437245773502996260e-02
136 67 1.263826213646822849e-01 2.479254316972278605e-01
137 67 -4.085298381305938475e-01 1.150834058049300945e-01
138 67 -1.104318127069492173e+00 1.528695124881856993e-02
139 67 -8.648043356901081724e-01 5.950908390818007154e-01
140 67 -1.107894223088926600e-01 3.522230445359664786e-01
141 67 3.254433145097733737e-01 -4.857254217245414174e-01
142 67 1.330704262332419174e-01 -4.771221198121056717e-01
143 67 -3.725885678416787639e-02 -5.321080090545616814e-01
144 67 -3.128952026005930587e-01 -1.556858026209863577e-01
145 67 -5.842094845171462714e-01 4.414339579297794081e-01
146 67 -2.868649570730525400e-01 6.214101235500778253e-02
147 67 -3.887794164167997502e-01 -2.127123419292741013e-01
148 67 -5.616367199617412487e-01 5.451985718139908121e-02
149 67 1.612014522542781214e-01 1.104528733575520782e-01
150 67 3.178849256989835781e-01 -4.119104012892584876e-01
68 68 -1.901119375835426673e-01 8.474974357086244581e-01
69 68 -1.223134018451312643e+00 2.288365379250237031e-01
70 68 -2.048190495884625761e+00 4.085420720527765948e-01
71 68 -1.702287018912931549e+00 2.269420431179907549e+00
72 68 7.068907291284425298e-01 -9.894097856289429949e-01
73 68 -2.977865023156617053e+00 -1.731536504982847058e+00
74 68 2.681217686278974388e-01 7.825286710757926034e-01
75 68 1.756150993829785678e+00 -1.465136817286020632e+00
76 68 -1.115146011965651551e+00 -6.768812814711289150e-01
77 68 -3.261220026701731056e-01 -8.552693430935813801e-01
78 68 5.656632277634320305e-01 -7.208266679467578708e-01
79 68 -9.269780240098676183e-01 5.979487147839506189e-01
80 68 -4.645135166002406502e-01 -9.207808173793587958e-01
81 68 -1.788653918597289616e+00 1.842966802555006112e+00
82 68 2.877774855794575926e-01 -2.742595830587611250e+00
83 68 2.009317888207320379e-01 1.871355271060581860e+00
84 68 7.308530655120998309e-01 3.889333935114509533e-01
85 68 2.163459930278438303e+00 -3.047885008744888879e-01
86 68 1.778919860904426775e+00 -5.849500009381664034e-01
87 68 2.769460421772906855e-01 1.323262316312028508e+00
88 68 1.714383157900208343e-01 1.336623712129123787e+00
89 68 -1.424016266814060350e+00 -4.922333414576403054e-01
90 68 -1.697472115278424010e+00 -2.445391044037723005e-03
91 68 2.713338905342492335e+00 8.675515444026385969e-01
92 68 1.451355686592525007e+00 -3.376176031396559418e-01
93 68 1.123929343313670337e+00 -8.439266097394693134e-02
94 68 9.801988329530216815e-01 3.047661884747749350e-01
95 68 8.308422445119149069e-01 2.351817820929174851e-01
96 68 4.419366886357964375e-01 1.652391115388150533e+00
97 68 -3.143468665831204989e-01 1.614438812458657724e+00
98 68 -1.214087809303306065e+00 7.321726797604181103e-01
99 68 -7.098182760321285478e-01 1.150335189636500610e+00
100 68 5.221793902885417671e-01 9.772784945102954701e-01
101 68 1.643279606199417042e-01 -4.651304099659854807e-01
102 68 -1.087073129645504399e-01 -9.903801792703110785e-01
103 68 -1.728577762787111005e-01 -9.931270630853168413e-01
104 68 2.798829276230566099e-01 2.406646855896932835e-01
105 68 4.402266927676045105e-01 -1.841582842415807608e-01
106 68 5.005707470766190825e-01 3.790348948948194518e-01
107 68 7.598171984562109849e-01 5.013617590378889322e-01
108 68 8.419869104958226380e-01 3.736781702288982099e-01
109 68 -1.386093979372863272e-01 2.170380360500220596e-01
110 68 -8.474576690787964939e-01 6.091454252148876813e-01
111 68 -3.083662946298023622e-01 4.044810206432546407e-01
112 68 3.360976679259092270e-01 -2.005502456867016281e-01
113 68 1.049910442523551701e+00 -2.185198600786054934e-01
114 68 1.193329459388405178e+00 4.459848540302752129e-01
115 68 6.716450205812338758e-01 -5.051262949156607451e-01
116 68 8.994142590385348357e-02 -1.705548766396225158e-01
117 68 -1.225542234953630905e+00 7.077240003228026932e-01
118 68 -6.246545563081316033e-01 -2.670417774058222449e-01
119 68 3.219073713146638482e-01 -3.134202485548384653e-01
120 68 1.663973689882767282e-01 -3.122650877077089993e-01
121 68 9.370694781624030467e-01 -2.020130985115537736e-01
122 68 7.457086712928390204e-01 -2.333308986286117270e-02
123 68 4.191826504189449798e-01 -3.754382791821178067e-01
124 68 2.166075436422333911e-01 3.146195425432001813e-01
125 68 -1.014518545057005117e+00 6.655747766782404984e-01
126 68 -1.387978423386644622e-01 4.935463071374290855e-02
127 68 1.339785962652997320e-01 3.189549462100388366e-02
128 68 -2.742575231477549780e-01 6.888053423926565610e-01
129 68 2.984018295177711666e-01 7.003183956187138959e-01
130 68 1.808737412996698768e-01 -3.704044660210027429e-01
131 68 -3.104553032359338438e-01 -5.488390021249953676e-01
132 68 -2.673579708062472915e-01 -2.287460071962202357e-02
133 68 3.121876253442443239e-01 7.840230456532717995e-03
134 68 1.707026560859378206e-01 3.989768007447107578e-01
135 68 -7.607591325259493997e-02 7.251680934592222849e-01
136 68 -2.662618252946519215e-02 3.416323249911490390e-01
137 68 -3.989564826878280179e-01 -3.423430877582975818e-01
138 68 -4.440392986426318078e-01 -6.198121133325107390e-01
139 68 2.634659896958457814e-01 5.286046095852731108e-02
140 68 3.524099236001881907e-01 2.052181377424429909e-01
141 68 -1.210656979320917093e-01 -8.607320448905371457e-02
142 68 3.370148009261469957e-02 3.401140440649277896e-01
143 68 6.113538955166535060e-02 3.538922282133560304e-01
144 68 -1.303834039652874977e-01 -6.142138688347932585e-03
145 68 -2.567505103645708053e-01 -1.014265669635319861e-01
146 68 -6.326384356951997301e-02 2.090822046375663268e-01
147 68 1.885685986829783722e-01 4.363977458128877052e-01
148 68 -3.689450046897573277e-01 -1.601795793646426658e-01
149 68 -6.924636711571726666e-01 1.144918472893375339e-01
150 68 2.924577274890275969e-01 4.530876343757894720e-01
69 69 1.339214334346750412e+00 1.480735469282233596e-01
70 69 -2.831718661387168545e+00 4.185124998550215913e-02
71 69 -1.915955624020615922e+00 8.264860471688418864e-01
72 69 2.232535767120338022e-01 2.154718082153115055e-01
73 69 -7.135723890034655348e-01 -9.882424608813511480e-01
74 69 -1.871005737675511149e+00 2.837779345976472634e+00
75 69 3.241043791671224028e+00 1.894834258300302499e-01
76 69 5.432518514820473543e-01 -2.000583868051484693e+00
77 69 2.371855522035468233e+00 -3.485984699257363428e-01
78 69 3.468856094122562683e-01 -1.613222562570158614e+00
79 69 -2.975995769618966946e+00 -3.052334058742181888e+00
80 69 -7.930906805072263088e-01 1.485435697214731787e+00
81 69 -1.398987953337983980e-01 -4.053373254775323731e-01
82 69 2.165890585605612095e+00 1.363193299710360407e+00
83 69 -2.110729713738230817e+00 -2.777308775860041656e+00
84 69 2.336696849068868875e+00 4.018060668488624421e-01
85 69 -3.245716777211452575e-01 7.213236492607473516e-02
86 69 2.598657327722134203e-01 -2.839658950106938029e-01
87 69 -2.209795584807012325e+00 1.034562070133206113e+00
88 69 -1.171443995526714188e+00 5.990012087582872180e-01
89 69 -5.316773184614910219e-01 -6.328933625616054437e-01
90 69 -1.875017197826857274e+00 -1.216313604253851932e-01
91 69 -2.112902095162778160e+00 2.637262725320295709e-01
92 69 2.104732075709176975e-01 -1.940964995363791523e+00
93 69 1.038508462013838951e+00 -2.877587884730445911e-01
94 69 1.234931304636343485e+00 -1.298493546189338765e-01
95 69 1.896144745557082345e+00 -8.655441592682033836e-01
96 69 -8.882346439474266830e-01 -1.289496049391414711e+00
97 69 -4.659267901607350160e-01 2.709405437807881345e-01
98 69 -3.579316958848791780e-02 1.041651269111354194e+00
99 69 -7.125643694461153421e-01 6.157282129762176037e-01
100 69 -3.770645441770547057e-01 3.743248713934071992e-02
101 69 -5.854671112384671749e-01 2.816193817817253531e-01
102 69 -6.377681192930177712e-02 -4.755512331036975682e-01
103 69 6.204630608787581325e-01 2.962428345125588391e-01
104 69 2.794040876369001669e-01 7.183743968752875908e-03
105 69 6.773659145832863215e-01 -3.327419171630295325e-01
106 69 1.055364236777287301e+00 1.751144712384346269e-02
107 69 1.274143290037517695e-01 -5.633833359236093408e-01
108 69 -1.354394487676289449e+00 -3.754994679763601906e-01
109 69 -6.876540326192647212e-01 -3.889380868903166699e-02
110 69 -9.441660699036740212e-01 -6.306248860161086656e-01
111 69 1.088770457658485014e-01 -1.212153719802898516e-01
112 69 -1.647090314280467427e-01 1.073159337871815167e-02
113 69 2.062592026631936415e-01 -1.433891097035473183e-01
114 69 6.975679301029954482e-01 7.988188670725784313e-01
115 69 2.824809778099812152e-01 9.009435083909608233e-01
116 69 7.523621167231666629e-01 5.046525594084774191e-01
117 69 4.609189717159328237e-01 -6.718425592165390425e-02
118 69 4.210078523588606236e-02 -5.841891035684620981e-01
119 69 -2.998737012293110071e-01 -3.950193068280919428e-01
120 69 -6.625867687150394092e-01 -6.428955877483576442e-01
121 69 -4.214431499740233233e-01 -3.015902854091430385e-02
122 69 -3.631194797053557966e-01 1.349043667844477046e+00
123 69 7.292570565477358713e-01 1.674051682933853202e+00
124 69 8.222138854654126305e-01 4.109374078205282332e-01
125 69 2.023049396214693929e-01 -1.352591526175984882e+00
126 69 2.488227281585107531e-01 -7.914323573941959289e-01
127 69 -5.742440533229449251e-01 -2.211155411640134405e-01
128 69 -4.002088284833496545e-01 2.917606237748197051e-01
129 69 1.289503566470295848e-02 9.977251251891754436e-01
130 69 -4.425883820552138914e-01 1.077077536914293338e-01
131 69 -2.804015646383803961e-01 -4.962279687548086238e-01
132 69 -4.895459741669240805e-01 -5.014586990796803256e-01
133 69 7.800783897598623229e-02 -6.007489984623323176e-01
134 69 4.644009665152012412e-01 -6.003302600929208421e-02
135 69 -1.553095822916290003e-01 2.618636287120168493e-01
136 69 4.639171060577018668e-02 3.631044757604626749e-01
137 69 -5.497871133836994550e-01 8.054710453264851688e-02
138 69 -7.924463772403641526e-01 -2.185244013525655948e-01
139 69 -2.534777159303004401e-01 2.039789273794977709e-01
140 69 -1.018685919759173830e-01 -1.518947549176686840e-01
141 69 1.837588921245273121e-01 2.276317513819767560e-02
142 69 -3.904003165670054121e-01 1.474499889381528372e-01
143 69 -7.856883726308858673e-01 -6.314668880619050961e-01
144 69 -4.871082812978438925e-01 1.809946688308275431e-02
145 69 -2.080130592009993840e-01 2.751425225818929787e-01
146 69 9.766598139928965583e-02 -1.782270101438234722e-01
147 69 -2.886969834589210859e-01 -9.115059528270835765e-02
148 69 -7.215257514664399352e-01 -1.285244148954985954e-01
149 69 -4.964746135073183075e-01 -3.469598920998655522e-01
150 69 -3.148191505301582427e-01 -8.396435971616893479e-01
70 70 4.620125210244837022e-01 -1.873768000956382185e+00
71 70 -2.190062634452407675e+00 1.217538872911544390e+00
72 70 4.443192601676460018e-01 4.171102971160444151e-01
73 70 -5.384371482403165210e-01 -1.574837380365565753e+00
74 70 -1.363451060929128822e+00 1.648083877852141443e-01
75 70 1.067098481599209503e+00 2.173470439829533696e+00
76 70 1.378272588556665568e+00 -3.585222689956495956e-01
77 70 -1.822723352268666108e+00 2.381341197892728467e-01
78 70 2.311707649743437898e+00 1.204022298236862021e+00
79 70 6.355836737770179656e-01 1.149089894040491222e+00
80 70 -2.728162748982992269e+00 1.043927592535036919e-01
81 70 3.322987444892987252e+00 1.433487106411124090e+00
82 70 1.421386916516634291e-02 -2.438146847575841381e-01
83 70 3.022443527676077490e+00 -4.369198556149433976e-01
84 70 -1.115422817860009186e+00 1.903493633964953524e+00
85 70 1.709547344327189800e+00 -2.546457860299932374e+00
86 70 1.440044724335918236e-01 1.350218721371772013e-01
87 70 -1.432479107058952428e+00 7.304751603619068501e-01
88 70 -9.166238823420189696e-01 2.026499990224529757e+00
89 70 -1.153161849838293840e+00 -8.978251716667420279e-01
90 70 1.779903949307423572e+00 -4.081731739132207215e-01
91 70 2.521049975513480312e+00 1.698509542656820415e+00
92 70 1.332699948822220759e-01 -5.972323294713361985e-01
93 70 -7.813942719522251057e-01 -1.661597498220248825e+00
94 70 -9.675688031056356442e-01 1.052825106374111197e+00
95 70 -1.079704589997847908e+00 6.206663777748773203e-01
96 70 -1.756504041001172078e+00 6.096579942782225370e-01
97 70 -2.061296378522782913e+00 3.885570733935990173e-01
98 70 1.397035021126113163e-01 -2.984759680848182717e-02
99 70 4.796332161812769113e-01 -3.716663615548951860e-01
100 70 7.624699195697631771e-02 -8.978476180143629692e-01
101 70 6.615290269014149904e-02 -3.924720398927804971e-02
102 70 -9.254056799528618260e-01 -9.961876862694494239e-01
103 70 -1.320478522320466475e+00 -2.650894971530376454e-01
104 70 3.055182666404135383e-01 1.233878096080373243e+00
105 70 -1.377731934699363003e-01 8.625691999622153716e-01
106 70 6.272307642318754040e-01 -2.691168826542940096e-01
107 70 2.060304695797100794e-01 -5.688823599120934604e-01
108 70 -2.971921371621517038e-01 -8.720459071529818029e-01
109 70 -5.795194263845284688e-01 -2.033074485930346231e-01
110 70 -8.014628932171848907e-01 -1.191846898594882909e+00
111 70 2.734316027988614728e-01 -7.476619100998852518e-01
112 70 8.725948289428302473e-01 -5.040394403650314548e-01
113 70 1.214746356996384336e+00 -1.070539746903245715e-01
114 70 3.970994282052177082e-01 4.696079492889467799e-01
115 70 -5.517073524467422940e-01 6.825967878829737323e-01
116 70 -9.293083434880825555e-01 1.142478557071995082e+00
117 70 -1.262582959093652368e+00 9.141953457675243699e-01
118 70 -1.997376019314587581e-01 3.485964117298464560e-01
119 70 9.116194361263664503e-02 2.702409662345284236e-01
120 70 5.174345822669758066e-01 -1.035543591690144261e-01
121 70 1.549756782420612100e-01 -3.927051397965584112e-01
122 70 -9.242411835877626380e-01 -4.328071530219342877e-01
123 70 -3.261395175716996775e-01 6.241171343524735127e-01
124 70 -4.183112685595837266e-01 3.862750675191723992e-01
125 70 -8.364562727602301573e-01 -8.829237535249566671e-01
126 70 -1.908485053669949916e-01 -5.401929873401969395e-01
127 70 7.632003912124284417e-01 -5.677450655714271210e-01
128 70 6.053160517652158568e-01 -9.150493625022904087e-03
129 70 -2.946044597556954914e-01 8.738234928902280929e-01
130 70 -1.719267912615903837e-01 1.757098084161202445e-01
131 70 -7.860697864063173057e-01 2.142145280793272127e-02
132 70 -1.152736517852308573e+00 -8.803543578301473160e-02
133 70 8.983422191118362043e-01 4.296763692153839354e-01
134 70 9.519256166261794716e-01 3.509182411309709204e-01
135 70 -3.540810440575368201e-01 -7.033021374784562685e-01
136 70 -1.773505535228891983e-01 -9.939337035526768505e-02
137 70 -1.108594796920735759e-01 1.155118843281722346e-01
138 70 -3.306629162184789306e-01 -7.503532665374351707e-02
139 70 -4.234756903456757815e-01 2.669272540426672058e-01
140 70 -3.656334024978850211e-02 1.646437875389351047e-01
141 70 -2.346131580122788884e-01 -8.481770019365554580e-02
142 70 -6.740189951067598884e-01 3.109421008537656128e-01
143 70 -4.879012651062872297e-01 6.297072039952448241e-01
144 70 -5.690333637179223469e-01 -3.715689388038492802e-01
145 70 -1.373703472291813721e-01 -4.447058516336246381e-01
146 70 1.230235420571046123e-01 4.891272748167161954e-01
147 70 -2.897594991011954724e-01 3.823322108106306239e-01
148 70 -3.993444559730137122e-01 5.090273013560651094e-01
149 70 -4.204188508635536281e-01 6.434354234633221647e-01
150 70 1.885496619569658194e-01 9.695719299534330538e-02
71 71 -1.391354995796419969e-01 -1.324835272044849965e+00
72 71 -6.884640401565510492e-01 3.563043187024042546e-01
73 71 7.926410750594624632e-01 -1.759871990714062084e+00
74 71 -2.759065213476517009e+00 -1.207977955342014020e+00
75 71 -1.632778370079227104e+00 4.181562971170866283e-01
76 71 2.604055421384382285e+00 -1.563967479499038360e+00
77 71 -1.443301177083480047e+00 2.831325463251088692e-01
78 71 -1.529673984154891420e+00 1.951216135677235064e+00
79 71 4.536855681393265893e-01 9.154548584698334324e-01
80 71 -9.109765246759102819e-01 1.085738767623791956e+00
81 71 1.516661624351724358e+00 1.927033684339787944e+00
82 71 2.760434525511204829e+00 -1.622472217086015078e-01
83 71 -9.843527803435150325e-01 -4.497421125732934954e-01
84 71 -1.147283594988161237e+00 -8.043511096958059214e-01
85 71 -8.215458917377674863e-01 4.541615372708442067e+00
86 71 -9.444657542683426721e-01 -9.043841999208823701e-01
87 71 1.082802215723817740e+00 9.566957835270387678e-01
88 71 -4.000860390767020935e-01 -2.891401854713752662e-01
89 71 6.043369078564839736e-01 4.658487296940206357e-01
90 71 -1.111700901895221305e+00 -7.341609770686416958e-01
91 71 -7.309924938166331154e-01 9.401674183920843975e-01
92 71 1.133200551440497028e+00 1.032210506652744275e+00
93 71 7.378389074447675444e-01 -5.561324741870620619e-02
94 71 -6.294729991556112791e-01 1.888864745334980055e+00
95 71 1.127251177978501051e+00 9.696816803838083088e-01
96 71 -7.180302402964361397e-01 5.747059842264828911e-01
97 71 -4.190910821856046464e-01 -7.541131810706210026e-02
98 71 1.198551536133211637e-01 9.525614306219077898e-01
99 71 -2.228920509413778728e-02 7.967725360110219923e-02
100 71 2.673886900865340283e-02 -4.264064147254645887e-01
101 71 5.210715331545762163e-01 3.252926050675362946e-02
102 71 7.133446759518767555e-02 9.578137130722987891e-01
103 71 -1.159872047766012493e+00 1.145048240773529846e+00
104 71 -3.843967646101146829e-01 3.149439180969553220e-01
105 71 3.583699507082100943e-01 -4.537543109871318703e-01
106 71 -1.232748130223241534e-01 -5.435669629116927914e-02
107 71 -1.470097645866832170e-01 4.671337635380420350e-01
108 71 1.023722007536802536e+00 3.480597428076920852e-01
109 71 2.116104778412969956e-01 -2.047780257065992537e-01
110 71 8.464960997214993066e-01 4.390692017901413613e-01
111 71 1.017916196505417759e+00 -7.297942520753035456e-02
112 71 6.415638194872775868e-01 -6.976358608253523386e-01
113 71 -8.982680124511271957e-02 -2.639792025134916620e-01
114 71 -3.699216219685815821e-01 8.651145378197125924e-01
115 71 -1.728244279487278767e-02 1.173947219544466014e+00
116 71 -6.571079127040686529e-01 7.167118747935751211e-01
117 71 -1.161711241127751482e+00 -5.103917033841932627e-01
118 71 -4.071723618088358143e-01 2.842956051025608000e-03
119 71 -6.443091329888670504e-01 1.710901223626061229e-01
120 71 -1.882112424376721771e-01 -4.457033011720761689e-02
121 71 1.984113636195855568e-01 4.452211856904860765e-01
122 71 2.634829707803415522e-01 -3.173007920969090345e-01
123 71 7.502348221245100368e-02 -3.692168772079892913e-01
124 71 -5.256992393394338547e-01 -4.595660753870562942e-01
125 71 9.777930899583632540e-02 -9.283903839866953778e-01
126 71 -2.866946872469154917e-01 4.630044350694554889e-01
127 71 -5.761793121632110548e-01 6.380432808408751377e-01
128 71 3.383058419393219496e-01 1.160336623513930354e-01
129 71 2.641990962900314099e-01 7.165512521913688371e-01
130 71 4.816529205613320069e-02 2.501967898842945570e-01
131 71 -8.138665754040380618e-01 -4.073748403194449863e-01
132 71 -1.146687676812853329e+00 -1.371921151101450076e-01
133 71 -1.980111636121434371e-01 2.562237719630377497e-01
134 71 4.214026649274720260e-01 2.644340981386340550e-01
135 71 9.194842827720928202e-02 1.764801120579577998e-01
136 71 -1.459219174581694589e-01 -7.552879926673285171e-02
137 71 5.302455107347744390e-01 -9.269080491613534978e-02
138 71 2.389838012044840643e-01 4.550301749256319694e-01
139 71 -6.029511009535324373e-01 2.474232279338499929e-01
140 71 -2.073552763083226780e-01 -2.111377797958439162e-01
141 71 -3.733297450135852347e-01 -9.240520724430759114e-02
142 71 -1.140549037342320160e+00 -1.206787551367938111e-01
143 71 -3.904473955959248399e-01 2.028509312570980772e-02
144 71 2.666112219634388936e-01 1.440474724664575212e-01
145 71 5.699898901323943723e-02 -1.333314609505789616e-01
146 71 6.976768718119899515e-02 -6.006045343928967384e-02
147 71 -1.749414582330143797e-01 -1.298902113515931767e-01
148 71 -5.349789319772785268e-01 -4.022216037368824271e-01
149 71 -7.933063810856418874e-01 -1.055018507210665757e-01
150 71 -5.205068543098417821e-01 3.159668927686695161e-01
72 72 9.927459676212951889e-02 1.031255358705929215e+00
73 72 1.577384024603028234e-01 -1.064956360779264477e+00
74 72 -4.332216078280049509e-01 -3.526602383580926148e+00
75 72 -2.041653686020601821e+00 -2.163217658872600702e-01
76 72 1.250607021911556149e-01 -8.462115162531027579e-01
77 72 3.965790851650065341e-02 -2.751047227244243665e+00
78 72 -1.320721687590685089e+00 1.579386443184274791e+00
79 72 1.411435238601178588e+00 1.412802069706919905e-01
80 72 -9.237833352378315155e-01 4.190407164873037882e-01
81 72 -1.071062076768760418e+00 -8.540907323097083337e-01
82 72 2.141257620501685555e+00 -1.366004523681098592e-01
83 72 -1.515707916748404660e+00 -9.087574042349746417e-01
84 72 -1.889430824417604571e+00 1.226272882362320349e+00
85 72 -3.318662929802141726e+00 -1.233024104153877670e-01
86 72 8.186272347837394436e-01 2.358579484154803563e-01
87 72 -3.008218875541932569e+00 1.257923103567315959e+00
88 72 1.820052522444232102e+00 1.075127659101831334e-01
89 72 4.734978275477916831e-01 -1.163551614083963903e+00
90 72 4.551275633055140157e-01 -2.617839076717462632e+00
91 72 -1.840254689483973083e+00 -2.224730824474457913e-01
92 72 -1.665101279993910666e+00 5.247322407725993343e-02
93 72 -1.184724511836333871e+00 -7.153725396167556205e-01
94 72 -2.061964950281553133e+00 3.128631323953849352e-01
95 72 -4.647862833796663207e-01 2.275772897076654200e+00
96 72 -6.012001736781875938e-02 1.386381851926828390e-01
97 72 6.329057165808240626e-01 -1.276313300621792157e+00
98 72 1.246660963583515302e+00 -1.375113854463646756e+00
99 72 1.980422849327754253e+00 -1.641114785141489341e+00
100 72 2.938689114278869585e-02 -3.834064543683351478e-01
101 72 -7.454205989478790428e-01 1.798705834537069892e-01
102 72 5.924120503948608618e-02 7.060198403741372308e-01
103 72 2.932105587422214055e-01 1.482802882622090035e+00
104 72 -4.028041875282271089e-01 3.298326442548006332e-01
105 72 3.168214099528195993e-01 -2.286858492419625855e-02
106 72 1.941053018409724107e-01 -4.851929712009168671e-01
107 72 -1.635326925389351399e-03 -4.531595388562784654e-01
108 72 -2.108540498874947322e-03 3.942627414284048393e-01
109 72 3.462561042835683722e-02 6.355448600698780925e-01
110 72 5.430033070121839112e-01 -8.529235383078057064e-02
111 72 4.951956151745915413e-01 -4.924742616318056321e-01
112 72 -1.462539318405423061e-02 -5.485325389439830168e-01
113 72 8.010858014333217536e-01 -9.854253334647702367e-01
114 72 -2.763221268408574960e-01 -5.729732605111836907e-01
115 72 -2.048578334675836277e-01 -7.375010544911656529e-01
116 72 -4.541917196401208390e-01 1.498969286388904254e-01
117 72 -4.469030347191806363e-01 -1.435821017287383372e-01
118 72 3.912208146582151214e-01 -7.041187321130419896e-01
119 72 4.769725976237387810e-01 -5.585664963310899012e-01
120 72 4.179858103880806919e-01 -2.176476586549176695e-01
121 72 1.170720619666850149e-01 5.388290498273653334e-02
122 72 -6.844436951594175256e-02 -4.706972991845275178e-01
123 72 -3.452206936380677882e-01 -3.419920044240984947e-01
124 72 -4.763235361643208821e-01 -1.806555838480856935e-01
125 72 -8.453565494544400261e-02 -2.702353811844381837e-01
126 72 -4.366013172270752363e-01 1.691148954468327248e-02
127 72 2.004853952569754516e-01 6.643707441677862979e-01
128 72 2.446968771330008119e-01 6.467564899874711504e-01
129 72 -1.893712546583000422e-01 -5.586634642553589547e-01
130 72 6.155952822131645075e-01 -4.917022793271503267e-01
131 72 2.381780514373846858e-01 -3.978804206973936552e-01
132 72 2.184738014211066170e-01 -4.289745769794605090e-01
133 72 3.482923050388211927e-01 1.143901163505268048e+00
134 72 -2.022233985644512622e-01 8.289414054636070617e-01
135 72 -2.936002545475284164e-01 -6.557325966104435855e-01
136 72 -7.363567171393078370e-01 -2.725423536919430734e-01
137 72 -8.097555983837614879e-04 -6.686169783864502614e-02
138 72 1.020943707065447237e+00 1.913149128994068304e-01
139 72 5.905182102447412706e-01 5.346025753722241092e-01
140 72 4.941392538921435262e-01 1.121110822892034398e-01
141 72 3.516852841777781125e-01 -3.898502518587563803e-01
142 72 -9.339866008577159262e-02 -3.007411242530476647e-01
143 72 -2.886321955648507576e-01 2.265102054285219324e-01
144 72 4.287017407042637007e-02 -1.381500544631828198e-01
145 72 5.355899714117111632e-01 2.213521091699452714e-01
146 72 -7.707799621855093708e-02 8.628985887426064982e-01
147 72 -3.433715072486425712e-01 3.662442394992677097e-01
148 72 -8.710485190420393098e-02 2.395293521242173040e-01
149 72 -9.512068014819116679e-02 -4.908547584514490886e-02
150 72 1.375590956873224413e-01 -1.929107211424528623e-01
73 73 1.341857359372886860e+00 9.746142471990709710e-01
74 73 -6.728375819876946107e-01 -1.336245567867931694e+00
75 73 1.256133699962733163e-01 -1.824234293590968115e+00
76 73 1.654831957977472845e+00 -9.633469929928525910e-02
77 73 1.070866537047985734e+00 -1.016499044173835964e+00
78 73 -1.286048717998101498e+00 -1.476871945709469225e-01
79 73 -3.122742664395730672e-01 7.578876641861591601e-01
80 73 1.360627125829395823e+00 -1.437600249793344886e+00
81 73 -1.309718897208861144e+00 1.972867490641652122e+00
82 73 -4.394757338649812883e-01 -1.624814133964334606e-01
83 73 1.344250850035467071e+00 -2.195045753605832317e+00
84 73 -3.137223556450867257e+00 1.873999888183049300e+00
85 73 4.656481930895474131e-01 7.519790841023665795e-01
86 73 -1.218954220381697873e+00 9.198928155761789682e-01
87 73 6.385552768544879854e-01 -4.466281246344851574e+00
88 73 -5.682806662386947760e-01 1.414304281966988874e+00
89 73 1.263766947827801967e+00 -6.064293963595356329e-01
90 73 5.483840694524473314e-01 4.145498826384763635e-01
91 73 -4.233460636866673843e-01 -9.954565662490599820e-01
92 73 1.154946936703248994e+00 -1.308590608016354739e+00
93 73 3.826633240756566190e-01 4.189412065347953851e-01
94 73 -1.489851938825158761e+00 5.534129897487266581e-01
95 73 -2.996825241599832546e-01 -5.230627185615035479e-01
96 73 -2.135856890038033695e-01 -6.010253356555738113e-01
97 73 -2.151496317133669844e+00 -1.316219542801989384e+00
98 73 -8.173922722423947462e-01 8.085685972406286837e-01
99 73 -4.807818731852207539e-01 -4.829902732144605304e-01
100 73 1.754683467602716485e-01 -1.110171491689784240e+00
101 73 -2.264935412727603625e-01 1.061711656835541584e+00
102 73 2.875037086743182368e-01 7.065179739324854991e-01
103 73 -1.360039477451548684e-01 3.011549936837226715e-01
104 73 -7.087257850045273200e-01 5.529985788982445111e-02
105 73 3.597770230300203487e-01 -4.214588545273511566e-01
106 73 -1.596555747465780162e-01 -2.341805098838040389e-01
107 73 -1.371308108899110811e+00 8.880022836369949601e-01
108 73 -1.354306738606018620e-02 3.537802499862233857e-02
109 73 4.002049784828100587e-01 -3.030821816051414430e-01
110 73 3.069279184372669667e-01 -8.588251922654813741e-01
111 73 -1.318906852763817861e-01 3.583207282503608759e-02
112 73 -6.181804461660824757e-01 1.809471412685541569e-01
113 73 6.587399167227406260e-02 2.646651918453012398e-01
114 73 2.154299600135050896e-01 -8.579686876162825881e-02
115 73 8.246507249070825774e-01 6.950583914565449106e-01
116 73 3.627077418015714483e-01 -7.864378112208333937e-02
117 73 3.768945084547905000e-01 -1.058653836365262224e+00
118 73 -1.349558827870257216e-01 -4.785572186063044020e-01
119 73 -3.804337614785082144e-01 2.426379580587147977e-01
120 73 1.681387298755181725e-01 9.224192084918222401e-01
121 73 1.058268027788788618e-01 1.027862304966698836e+00
122 73 3.526548744243828554e-02 7.673286125531550983e-01
123 73 -3.172341015481215942e-01 7.603651180383469432e-01
124 73 5.355883523551808745e-01 -4.667747996693087931e-01
125 73 9.232680099240242466e-01 -1.973489435939728143e-01
126 73 -7.013516136103361553e-01 6.087677728107097064e-01
127 73 -6.044786243928083058e-01 3.333763038708471571e-01
128 73 2.283686212881077815e-01 -1.548763187824245269e-02
129 73 -1.704454183557808644e-01 -3.662168633860880540e-01
130 73 1.038155918408376621e-01 5.805777817754475406e-02
131 73 8.022460124495015554e-01 -3.892227473575252672e-01
132 73 7.172599960098677840e-01 -4.363499115819737817e-01
133 73 1.220887608046277578e-01 4.949273097062765747e-01
134 73 -3.726780757643743253e-02 2.017425457382663878e-01
135 73 -3.920649540988500048e-01 -5.357091759895273864e-01
136 73 -8.057343542162086480e-01 -8.602666440902921874e-01
137 73 3.077284961364559202e-01 -3.684668761349452759e-01
138 73 6.594788879661694914e-01 -7.755528709191325532e-02
139 73 2.602183107154852904e-01 1.126185062083968069e-01
140 73 1.989884383307729820e-01 8.249265530504000798e-01
141 73 -9.696504570842937043e-02 1.585950589935848920e-01
142 73 -1.614403180503578006e-01 -4.731346811363591476e-01
143 73 6.439674264224087841e-02 -2.200393309100162342e-01
144 73 5.779113355429379428e-01 -2.628382576809988325e-01
145 73 1.327437418234541089e-01 -1.909634226571308435e-01
146 73 -1.683646497576178624e-01 -1.690642205644068419e-01
147 73 -2.405882739451632030e-02 6.443358098616358554e-02
148 73 -5.890144866186696193e-01 -3.532481516983019404e-02
149 73 -2.338295028807136355e-01 -3.157613488890090858e-01
150 73 -2.044148842264871535e-04 -1.759260786861593095e-01
74 74 1.838073025700431185e+00 -5.212586464067114900e-01
75 74 1.309467063367147910e-01 -2.342024749357003999e-01
76 74 1.603821761251839284e+00 1.588044413714084779e+00
77 74 2.120524701354348895e+00 -9.620105094496788078e-01
78 74 4.600838760932549620e-01 -1.047392290799341152e+00
79 74 2.020740199478577304e-01 3.369732366714977001e+00
80 74 3.381871694139954032e-01 -9.945264674672700256e-01
81 74 -1.355998505777097352e+00 -1.259682108223528996e+00
82 74 -1.524620857993923106e+00 2.179802307590529953e+00
83 74 2.784849006098560342e-01 3.040095513329090782e-01
84 74 -2.028535270338304719e-01 5.272998774822479362e-01
85 74 7.579268657954868482e-02 2.234228411051153440e+00
86 74 2.520772214498287145e+00 -1.564182991762126829e+00
87 74 2.097337606148370059e-01 -1.569355303487693087e-01
88 74 -1.840402669197007013e+00 -4.185006772372170225e+00
89 74 1.546102031479998029e+00 1.204276979550896076e+00
90 74 -9.518746585561616014e-01 5.933262758519403102e-01
91 74 3.113943411989873455e-01 2.390898143141069632e+00
92 74 -6.620644809874431935e-01 1.678210423380685601e+00
93 74 2.431104050247512749e+00 -1.309269983933897930e+00
94 74 -5.244328495675553148e-01 -1.054334388149693602e+00
95 74 -1.359582163261634058e+00 6.416601410234129554e-01
96 74 6.233121903683145337e-01 -6.735962970930879923e-01
97 74 5.780377076188696339e-01 -2.368810319943252640e+00
98 74 -8.780648750468402763e-01 6.818455236568592426e-01
99 74 -2.688401656555816088e-01 1.143279682380898832e+00
100 74 -4.512131696642131540e-01 2.229286524442543271e+00
101 74 -1.262873816897631896e+00 7.325328066601675125e-01
102 74 -1.625909525193328653e-01 9.778817693733176108e-01
103 74 6.815725859379267310e-03 3.430614091207602745e-01
104 74 -3.305369411397480195e-01 -2.842685332342271831e-01
105 74 -7.705975096497262866e-01 -6.504556767504686698e-01
106 74 -8.941116450801275262e-01 -1.102573696785176471e+00
107 74 -1.442151431616426116e+00 3.653122541827006353e-01
108 74 -9.588053117719954610e-01 1.121769643887414958e+00
109 74 -4.182584208721548680e-01 -4.835237000729033507e-01
110 74 1.940746901935302415e-01 -3.994510074496648855e-01
111 74 8.545921530266974431e-01 2.807117263333847590e-01
112 74 1.036108938458023321e+00 5.431757886205847152e-02
113 74 -5.310119413053243642e-01 1.135679841005472923e+00
114 74 1.920087615867200823e-02 1.021059320278107752e+00
115 74 3.754478432523036813e-01 7.147188416559718815e-02
116 74 2.502131028732841878e-01 2.893568974316162307e-02
117 74 -6.768931038896536245e-02 1.782228139135362821e-01
118 74 1.208022656887474261e-01 -1.579693580027748123e-01
119 74 2.412201926290849785e-01 -7.876310991927819583e-01
120 74 -3.157241366559535578e-01 -1.113440153342810934e-01
121 74 -1.403233377934741233e+00 7.342727284622477812e-01
122 74 -7.129751880639614292e-01 9.963122114794019657e-01
123 74 -8.314119897366318845e-01 6.201005829785196655e-01
124 74 -8.628420249764787719e-01 4.185633824289738403e-01
125 74 4.149581836955248404e-01 7.584275892867066160e-01
126 74 8.066867527734489229e-01 -3.029088468156962421e-01
127 74 4.220037559460509402e-01 -6.456906895530671875e-01
128 74 -2.539035865056354924e-04 -4.702563560004550114e-01
129 74 -2.023445140501263229e-01 -1.140941029280285512e+00
130 74 -4.357994145213132109e-01 -3.566014285611481816e-01
131 74 -4.279882340398317164e-01 5.524205973129451275e-01
132 74 -1.212777483160926983e-01 1.061120563285452345e+00
133 74 -2.994705647127932080e-02 1.482059514825701196e+00
134 74 -9.029509105694596971e-02 4.111989404329726705e-01
135 74 -2.145502347851385716e-01 -7.409765353353484629e-01
136 74 -4.592972208597411732e-01 -6.222019668851836993e-01
137 74 -2.938899879874688481e-01 2.220386492532194500e-01
138 74 7.328375035048990682e-01 -1.611002500390356085e-01
139 74 1.094017927251530020e+00 -2.319375258563325382e-01
140 74 1.037859373699824006e-01 6.378736849268875631e-01
141 74 -2.978127544524257209e-01 5.815185795376195399e-01
142 74 -4.988919710893114923e-01 4.280316420237018638e-01
143 74 -6.846404236280351219e-01 4.451877010583867311e-01
144 74 4.661892812875234604e-01 -2.840269232960879187e-03
145 74 5.485346523621879022e-01 -3.335766855140405718e-01
146 74 -5.832226448291161214e-01 -1.448108445294090108e-01
147 74 -1.335550826883401543e-01 9.417410256917814471e-03
148 74 2.334005554314836917e-01 -1.765567229498650192e-01
149 74 -2.255694102216403985e-01 -2.457591678419614456e-01
150 74 1.064405762558747054e-01 1.794328419105440664e-01
75 75 1.996638673198944947e-01 1.111914376257691073e-01
76 75 9.077694875358783833e-01 1.578066922286985641e+00
77 75 1.767926380727185220e+00 1.994962444800167933e+00
78 75 -7.515058002204924037e-01 -2.295906927166914357e+00
79 75 -6.668487327893820593e-01 -1.006759033918159241e-01
80 75 6.760163166900508003e-01 1.744871610651943739e+00
81 75 -1.482010118683277700e+00 -1.295108296650532065e+00
82 75 -1.636276621571034706e+00 4.945850269996094895e-01
83 75 -4.242679166374722088e-01 -1.234602960948955719e+00
84 75 4.536691907478693775e-01 -1.167858752438257541e+00
85 75 -1.574333083447601700e+00 1.902703219292342096e+00
86 75 2.583392449601070062e+00 6.991005929890212744e-01
87 75 -4.251308807813014012e-01 -2.752528995675975310e+00
88 75 -1.819794954372939977e-01 -9.864542091224374198e-01
89 75 -2.270384078546063833e+00 6.531511573432344786e-01
90 75 4.617074833534710043e-01 -9.909145253986083313e-02
91 75 -2.427262029822516265e+00 1.306451535956722143e+00
92 75 6.208803389279905494e-01 2.133154088684158789e-01
93 75 3.047466348849274809e-01 2.014989044762503401e+00
94 75 -7.519492200786229152e-02 -2.217650232668275212e+00
95 75 -1.645791974572691496e-01 -1.796410272686649989e+00
96 75 3.455492059358599155e-01 -6.711446961819441670e-01
97 75 6.492063339494981156e-01 -1.386585923928753683e+00
98 75 -6.962349991282648087e-01 3.223055974234851351e-01
99 75 5.349500464310652514e-01 5.597030993620706329e-01
100 75 1.152693499500024199e+00 -4.737886381731447050e-01
101 75 2.573714627517261211e-01 1.482123067773360170e-01
102 75 -1.145761103893613519e+00 1.356260155092788022e-01
103 75 -5.760617460712552651e-01 -1.436623427412941911e+00
104 75 -9.520209722772933481e-02 -1.539446315499169993e+00
105 75 2.984063645483464589e-02 4.750943305610256795e-01
106 75 3.712482678528175040e-01 5.916954978523314423e-01
107 75 5.048053010817710184e-01 -5.102493961269873868e-01
108 75 -3.827387398916836658e-01 8.108695379024369321e-02
109 75 5.855600973835743961e-01 4.935529925490167447e-02
110 75 3.597385029464791328e-01 -5.868434637281637611e-01
111 75 -8.390915725410669213e-01 4.575010644679676775e-01
112 75 -2.462768332841522578e-01 1.343886774435794074e+00
113 75 2.194596295524437468e-01 9.067482400221636984e-01
114 75 -3.423199078472634049e-01 2.032450365063329656e-01
115 75 3.801704460056400114e-02 -5.971973050434777885e-01
116 75 2.854748714699384404e-01 -7.314640077049819888e-01
117 75 1.124316867900132300e+00 -1.152937648556177974e+00
118 75 1.007119604011215364e+00 2.236546615673266625e-01
119 75 3.896958208970507931e-01 2.426506060625832628e-02
120 75 1.043988959747647050e+00 1.137583515280165408e-01
121 75 1.227988569776780281e+00 -5.509752209705320869e-02
122 75 2.433000004784125481e-01 -3.756763623767473415e-01
123 75 -9.826048424612248144e-01 -6.076245753237636826e-01
124 75 -7.992458600862974993e-01 -3.605087730345044039e-01
125 75 -5.371676968061931401e-01 1.375097647099955411e-01
126 75 -8.048742023634412046e-01 1.923823506952452439e-02
127 75 -1.807803469691762199e-01 1.191342783322847376e-01
128 75 1.191151876492523520e+00 3.758233980488731585e-02
129 75 1.536129374148176518e+00 -4.159524692502931664e-01
130 75 7.384915709674097495e-02 -6.410952751519738424e-01
131 75 2.011566970212046168e-01 -4.719240045637976833e-01
132 75 3.315295335668731469e-01 -9.409284619037223962e-02
133 75 -8.495810864689243846e-01 -2.779015352472321010e-01
134 75 -1.012505666848036584e-01 6.298026392571293153e-02
135 75 4.414774388613188494e-01 1.533258334977890547e-01
136 75 3.920859672639620541e-01 -2.056120583048356709e-01
137 75 3.720767919574007321e-01 9.329496889892485711e-01
138 75 6.211704609775161451e-02 8.224305177342471351e-01
139 75 -1.356099553022789284e-01 -5.675092001375180439e-01
140 75 -4.958650202350362024e-01 -2.625580416725853961e-01
141 75 -7.001773276210205843e-01 -5.003891147806929784e-02
142 75 -3.528841464007439477e-01 -6.353534276967169880e-01
143 75 9.655566153307981736e-03 -4.628530842279581226e-01
144 75 3.687457484209410996e-01 3.888084589289378945e-01
145 75 2.433743978534719243e-01 -1.608046789395865817e-01
146 75 -3.289622110278696970e-02 -7.512372855940240290e-01
147 75 5.397251261987537352e-02 1.130026383309610527e-01
148 75 3.499663405333639510e-01 -1.994068031915372241e-01
149 75 5.148490452814422635e-01 -3.170838483752182468e-01
150 75 -5.427083420884207809e-01 -4.670029850640784047e-02
76 76 -2.227113424928724772e+00 2.203318867052054042e+00
77 76 3.356528945593785229e-01 5.759503812790012917e-02
78 76 1.064997840143128816e+00 7.576539103266947128e-01
79 76 -1.073357556468420348e+00 -3.864225807438658733e-01
80 76 -1.944903331527595425e-01 1.546060497948940626e-01
81 76 5.538465274689686746e-01 -1.763477059410496484e+00
82 76 -8.167489222989605668e-01 -1.509014955451457141e+00
83 76 8.097667407747566326e-01 7.555146384270499116e-01
84 76 1.448697773987007165e-01 -2.071360817549338318e+00
85 76 6.357179178963001664e-01 -1.796717100803145506e+00
86 76 -4.755281853928405855e-01 1.617027652874399202e+00
87 76 6.215632592770957421e-02 -1.481611121106307660e+00
88 76 -2.565107895882579037e+00 2.331806089112379576e-01
89 76 -1.827358970662830706e-01 -7.783700635489259056e-01
90 76 1.471163126277905908e+00 2.439000716879882624e+00
91 76 -1.356220877745548226e+00 -2.189583472406417819e+00
92 76 -7.616175499118912340e-01 3.985099653353967319e-01
93 76 -4.691949704613438410e-01 -2.373419409300861371e+00
94 76 -5.202199278069842281e-01 -3.737672252333410494e-01
95 76 -4.661885602522228833e-01 2.338474290171540237e-01
96 76 1.242918841972908472e+00 8.366542529112670490e-01
97 76 2.868383850194519358e+00 -5.027645586434844605e-01
98 76 6.799033084188769172e-01 7.628126820586155210e-01
99 76 -8.355234454810797073e-01 1.565077757638819955e+00
100 76 5.008808363970024269e-01 -3.115617066200411164e-02
101 76 -1.171601368973586466e+00 -1.197834592508574714e+00
102 76 5.380091439184877533e-01 -8.637935157144416287e-01
103 76 -7.123214903933285935e-01 -7.613481350886354138e-01
104 76 -1.328167709905498040e+00 -1.744186122585775101e+00
105 76 3.275245389418818265e-02 -1.156550531065062837e-01
106 76 1.005292055521692096e-02 1.291371172513120780e-01
107 76 5.780581559734347952e-01 7.067566328204020198e-01
108 76 1.272331916581253219e+00 1.083129423995214502e+00
109 76 1.055720344893755325e+00 4.718700257313838131e-01
110 76 7.134759535785858420e-01 -7.346283024907374060e-01
111 76 -3.085967907227589180e-01 2.667777733185099920e-01
112 76 -5.165471463535529217e-01 6.906014588486151240e-01
113 76 -1.479190938618075990e-02 1.067909339217390619e+00
114 76 -7.726413673995955467e-01 1.364687770161579772e-01
115 76 -6.161396206156478650e-01 -4.582461304916909395e-01
116 76 -2.512060903662739486e-01 -3.144202272855570746e-01
117 76 7.649330392133513179e-02 5.350932492492422865e-01
118 76 -2.069497768884969446e-01 8.193968828258046955e-01
119 76 1.289501778351027195e+00 1.107860343866624353e+00
120 76 9.138391236485846614e-01 7.248402851254268642e-01
121 76 7.291743263752118454e-01 1.405237434698314580e-01
122 76 6.785108214660389159e-01 3.862033748148843704e-01
123 76 3.231709011929084774e-01 1.843779583698391678e-01
124 76 -1.566739195691842224e-01 -3.521079217617197887e-01
125 76 -1.050241670858020671e+00 -5.218933889256670566e-01
126 76 -8.427424497395821223e-01 -7.893939461534044133e-01
127 76 -6.908098456638220863e-01 -5.396640373108342326e-01
128 76 -1.231199016112261013e+00 -1.925331773343779140e-01
129 76 -7.629431293588719021e-02 7.141339189783408870e-01
130 76 7.570234881222414058e-01 1.490166212419864022e+00
131 76 9.283759942683560418e-01 1.244026968319212445e+00
132 76 5.784757327116859527e-01 2.791827763022972642e-01
133 76 -7.223875866724938088e-01 -5.480993527529047782e-01
134 76 -7.675588070600417590e-01 -8.726101018459392344e-01
135 76 2.757908583806496505e-01 -1.124469759386009793e+00
136 76 1.330223589588187538e-01 -3.289355707733469802e-03
137 76 -3.647459162235515140e-01 8.859474796232027494e-01
138 76 5.014610773987430159e-01 6.599108689382203741e-01
139 76 6.207181233784440089e-01 -1.217063719676023809e-01
140 76 -4.277099070226677568e-01 -7.669134051363286630e-01
141 76 -9.213374785513314680e-02 1.359945469653314476e-01
142 76 -2.176305870713156898e-01 2.833475157244332854e-01
143 76 -7.636309263471413589e-02 -5.780067755769681126e-01
144 76 5.521755956754628158e-01 1.672542522212519256e-01
145 76 1.742032210674209214e-01 1.418550986736620279e-01
146 76 -1.405976436657498940e-01 -2.790134321393415440e-01
147 76 -2.618581840412204098e-01 3.349167338764313384e-01
148 76 4.753105705199233144e-01 5.315819073035858988e-01
149 76 7.609064136895618002e-01 5.369904639029385862e-01
150 76 9.028125540674948601e-02 2.907888186240304984e-01
77 77 -1.099327842953687462e+00 1.775038245677414750e+00
78 77 -2.113181266659324153e-01 -1.188333044749108280e+00
79 77 -7.625156873061176288e-01 1.248056326282227513e+00
80 77 3.181355160966255202e-02 1.883742257039045631e+00
81 77 1.521861584997648453e+00 3.557115058228974558e-01
82 77 -1.164170226672531561e+00 -1.586154794387329092e+00
83 77 2.266173929711658985e+00 -2.718779544681566573e-01
84 77 2.063556005936061588e+00 -1.270643878514869707e+00
85 77 -1.414408029780879206e+00 -1.779932791408913861e-01
86 77 7.760412748950948902e-01 1.238114183208792296e+00
87 77 6.331610626658827901e-01 1.225685018095354684e+00
88 77 -1.826248431065784494e-01 -9.302671709546623813e-01
89 77 -4.828370799772540023e-01 2.461473169523449744e+00
90 77 5.839346844826119876e-01 -1.637173715297024268e+00
91 77 4.601694757615354625e+00 -1.277858417755541653e+00
92 77 -1.480407287476236178e+00 -2.964741611896998918e+00
93 77 1.518844507509722330e+00 -4.457139119159225782e-01
94 77 -2.152797906917550019e+00 -1.235464859198315946e+00
95 77 -1.141506451644627995e-01 -1.213521835334129273e+00
96 77 -1.867401385040451389e-01 2.877583550222173603e+00
97 77 6.284358829354814713e-01 1.385793635832133219e+00
98 77 -3.111615148019716282e-01 -1.473760993120729230e-02
99 77 -2.412021209503017738e-01 9.563113812687376036e-01
100 77 1.138991659160495384e+00 1.772158922939111259e+00
101 77 -1.086878769380517640e-01 3.302189132232878910e-01
102 77 -1.153548798521759178e+00 1.762515891280097557e+00
103 77 -4.524415527614714660e-01 6.780648941964975140e-01
104 77 5.045526321962704452e-01 2.746421488689223533e-01
105 77 -7.993992978677932904e-01 4.982544223775725034e-01
106 77 8.391964534433114103e-03 8.256489336379407851e-01
107 77 2.855050793789637442e-01 -2.761981027636229991e-01
108 77 6.538334272157980687e-02 -9.126239119619804496e-01
109 77 5.150773985031752433e-01 4.632279874791467855e-01
110 77 -1.402491363754165832e-01 4.434486939631576141e-01
111 77 -1.173180739174998655e+00 2.033080001549948668e-01
112 77 -3.047959074227498677e-01 1.450600281297757532e-01
113 77 -2.341422551849633993e-01 -2.812014612184179918e-01
114 77 2.235063454319063947e-01 -2.187539958352823777e-01
115 77 -1.159028052029577455e-01 -1.130385347760415465e-01
116 77 -3.941474441295438336e-01 -8.696106888946459890e-01
117 77 2.906615888242261025e-01 4.490515031388089828e-01
118 77 3.585168705457963956e-01 1.274336613332155421e+00
119 77 -7.332446925553367523e-01 6.469305664185743820e-01
120 77 -3.306536874839473006e-01 -4.066903268778359476e-02
121 77 2.766698049470954213e-01 2.295674810059192827e-01
122 77 5.247634907544435068e-01 1.625546756198070417e-02
123 77 1.854973778106824289e-01 5.939466665419887437e-02
124 77 -2.012575286395605623e-02 5.122566265891694837e-01
125 77 -1.179080347053719502e-01 7.930057851189911133e-01
126 77 3.275880154111530107e-01 -5.305032028449097048e-01
127 77 2.545719323636170262e-01 -1.453412465941948284e+00
128 77 1.107324769473431170e-01 -8.021469027953952446e-01
129 77 -2.200675664285157707e-01 -3.970683141698561069e-01
130 77 -6.609957276217445221e-01 -4.304242387183995211e-01
131 77 -1.984529766397352124e-01 8.814017285051507500e-01
132 77 3.742359127012180875e-01 1.351654096803315941e+00
133 77 2.495471687916262227e-01 1.839734620560815603e-01
134 77 -2.303118852087120971e-01 -5.683205850051694652e-01
135 77 -1.485014673672838126e-01 -6.283240441465285375e-01
136 77 1.939516642583288819e-01 -4.547526653346614101e-01
137 77 -4.779835732875037380e-01 -1.367783318811666704e-01
138 77 -8.889815948783507116e-01 3.220946716521153608e-01
139 77 -6.370451218127219928e-01 3.669469808177217574e-01
140 77 -3.819168030834837468e-01 -4.655999703207707591e-02
141 77 3.534288474680591374e-01 5.297304227336172566e-01
142 77 6.403197071325079648e-01 2.122248237013079075e-01
143 77 3.556179623315883220e-01 -1.706402154725530362e-01
144 77 -1.577308484094225582e-01 2.573260090213189688e-01
145 77 -3.596131619560390957e-01 -5.687110449204411944e-02
146 77 -5.678622104262490700e-01 -4.282408732464189072e-01
147 77 -7.260654415226360792e-01 -1.638015491227523546e-02
148 77 1.635553197488817112e-01 3.130877847846472717e-01
149 77 2.056234979053969958e-01 2.703130518600205257e-01
150 77 -5.006648787881304852e-01 4.996696573339515224e-01
78 78 1.626343853336686518e+00 1.218457155835579897e+00
79 78 -2.143754204724600321e+00 -5.985081337225807152e-01
80 78 -2.307234762871067435e+00 1.573349725648615305e+00
81 78 8.017167324031901909e-01 3.338739292824157712e-01
82 78 5.769768658425888930e-02 -1.060532727668899167e-01
83 78 -1.927272889636597819e+00 1.407149750314106162e+00
84 78 1.744442677447817891e+00 9.973262412337872140e-01
85 78 1.678287213481680362e-01 -1.631700026711373708e+00
86 78 -5.447523421647306741e-01 1.502898421898049897e+00
87 78 -2.294029598285120958e-02 1.416386367927446210e+00
88 78 -3.161317401772207325e-01 -4.351096532648399823e-02
89 78 -4.722753589679609676e-01 1.575562396522605546e+00
90 78 2.956775258618575375e+00 2.125831694507835656e-01
91 78 7.543094527916952008e-02 -1.000345629071742737e+00
92 78 2.588660108613879629e+00 -1.517810566283678497e+00
93 78 -4.012792468106804455e-02 5.098798958388134350e-01
94 78 2.222904720400034062e+00 -9.182528791719554162e-01
95 78 -1.110825574964768192e+00 9.465041454024566425e-01
96 78 -5.168390515481100511e-01 -9.446101967051412363e-01
97 78 2.246879428669908307e+00 6.731190388929031432e-01
98 78 -8.871822889777216670e-01 -1.222502961673574085e+00
99 78 -2.629299392334014218e+00 -1.071368194049429512e+00
100 78 -3.044810429361620718e-01 1.012400354720236262e+00
101 78 5.193331677974528660e-01 -1.417753627283596940e-01
102 78 -2.771751878465414931e-01 8.924467368322139826e-01
103 78 -1.453983226124364592e-01 2.675009467931836138e+00
104 78 -2.319901203156807534e-01 3.852364582213607669e-01
105 78 6.319691985608940632e-01 -9.016519935725718637e-01
106 78 4.864494849435173629e-01 -3.891451063025506141e-01
107 78 1.237128457539204973e+00 -7.300577952783414704e-01
108 78 -3.475477851662516215e-01 -3.190844783348050773e-01
109 78 1.631800035431340556e-01 6.726664284008649908e-01
110 78 7.298965934905389252e-01 1.169079968061740527e+00
111 78 -6.598184223645152668e-01 1.246502017514545146e+00
112 78 -1.029131277067032224e+00 1.857828126409316827e+00
113 78 8.121286396845736610e-02 5.532474611040588686e-01
114 78 -4.128306697754010046e-01 -1.573956532825879773e+00
115 78 -8.591860426358685077e-01 -7.133289422770319188e-01
116 78 -7.445545638093972185e-01 1.787975511260218586e-01
117 78 -7.835163707875392181e-01 -5.292987469578890325e-01
118 78 3.357754128130840954e-01 -3.123422903744915158e-01
119 78 1.053870872718824625e+00 -8.951072795466551435e-01
120 78 2.497608834764871166e-01 -5.260267596181281702e-01
121 78 -5.730032164810353601e-01 -5.419025519540952018e-01
122 78 1.828923324442442433e-01 4.054780953744846483e-01
123 78 2.151183682509372197e-01 7.362968760986740024e-01
124 78 -5.680132862183345788e-02 8.818003831620229160e-01
125 78 -5.895272858290929729e-01 3.870582016915085077e-01
126 78 -3.820206923968862411e-01 5.621838036567640418e-02
127 78 3.017721477675346792e-02 1.717495750271174626e-01
128 78 7.030621862263213284e-01 3.185635730575012148e-01
129 78 5.811958979317721763e-01 -1.982077946042148930e-02
130 78 3.482319407825785751e-01 -3.223243988334249521e-01
131 78 -1.010450830040510173e-01 1.512036340762206443e-01
132 78 -7.009751774351417053e-01 4.818359372583113642e-01
133 78 -7.975283870313896184e-01 2.491046264166649482e-01
134 78 -7.958829688132410540e-01 5.955898178338772109e-01
135 78 6.651750614983841237e-01 5.183511576122422637e-01
136 78 1.085286574548340877e+00 -1.458385098610706643e-01
137 78 -2.675719408684837375e-02 -7.014396729767745642e-01
138 78 5.635324461878699065e-01 -3.937310143954671493e-01
139 78 4.243540748552474540e-01 -1.970077000803159006e-01
140 78 -6.395821402900851993e-01 -2.175859927209784772e-01
141 78 -9.045453359072715971e-01 8.814195242294757815e-01
142 78 -1.257953074112014291e-02 1.316703713477574533e+00
143 78 2.992816761646881485e-01 2.631819339981728567e-01
144 78 -2.399584425664752219e-01 -3.592357056599796428e-01
145 78 3.283318006937580580e-01 -4.472993427529454169e-01
146 78 5.213787494443472559e-01 -8.749772129038440038e-01
147 78 -2.618998329284963900e-01 -1.080136348692137149e+00
148 78 4.482572245144360035e-01 -2.068923336865936130e-02
149 78 6.064959457869940618e-01 1.506808377907209451e-01
150 78 -9.849992906983742746e-02 -3.289416892947172322e-01
79 79 -8.449097719696914144e-01 -2.997080502436550997e-01
80 79 -1.443633144578786665e+00 -5.542907693804401958e-01
81 79 -8.362093347722078240e-01 -1.325524732712524134e-01
82 79 4.000457602432656856e-02 -1.995792365859154982e+00
83 79 -8.701936929596199022e-01 -1.852132432598810663e+00
84 79 -5.550760246040864487e-01 1.545362115192139729e+00
85 79 -3.531979155985455199e-01 -8.769943809828517622e-01
86 79 -1.258669747628351709e+00 -3.454288901280291868e-01
87 79 1.146709855677556344e+00 8.460546168372443665e-01
88 79 9.974910089252896350e-01 -9.656119292552580724e-01
89 79 -2.467830979960673243e+00 -8.216912666377830243e-01
90 79 -1.192706866213294248e+00 1.186757706602758367e+00
91 79 1.322989690649737149e+00 -1.492382192756612547e+00
92 79 -7.614867360809369767e-01 2.185046878388555935e+00
93 79 -2.205569702917690833e+00 2.288454554248344763e+00
94 79 1.013449579660056887e+00 3.075328790409125546e+00
95 79 9.837950195921268959e-01 -2.596968381713650187e-01
96 79 1.631883228902938132e+00 7.911578581433273971e-01
97 79 -9.284880937915531707e-01 -2.010264148778299287e+00
98 79 1.670578365469584492e+00 -1.146747188289131136e+00
99 79 4.482924796497969044e-01 -1.636300954002054331e+00
100 79 6.736629948626545739e-01 3.930708974895115726e-01
101 79 -4.030431085538932479e-01 -1.026762169894426258e-01
102 79 -2.099550804536632675e+00 -3.932846351265830709e-01
103 79 -1.829689672952754087e+00 6.620964470993362383e-01
104 79 -7.797215650073252569e-01 -4.999339153649107886e-02
105 79 -1.934172089438691122e+00 5.181278038384593554e-01
106 79 -4.007964694819483586e-01 -1.554735279491166855e+00
107 79 1.124735323563005984e+00 -1.274740347852537425e+00
108 79 1.968494896637240643e-01 -7.314680821600866301e-01
109 79 -2.788087785884346692e-01 3.280356074945809386e-01
110 79 -1.143783142957395027e+00 1.588570646925070662e+00
111 79 -5.996678225584224364e-01 1.098072138632376182e+00
112 79 -9.242083079864080730e-01 4.705660885487472633e-01
113 79 -3.871093129332031646e-01 1.395815132142650405e+00
114 79 1.023242010466324931e-01 -4.691686699400123284e-01
115 79 -3.552353747627567948e-01 -5.657096686883915648e-01
116 79 -5.884884131090430959e-01 7.158569510379222955e-02
117 79 -2.705301014196623277e-02 -1.316297167065762774e-01
118 79 -7.679932618045333115e-01 -3.947630360100645164e-01
119 79 -5.265135786261863071e-01 -5.103042587177374356e-01
120 79 -6.944126180395335246e-02 -5.118190470108567869e-01
121 79 -2.474405657943735681e-01 2.376125643702564905e-01
122 79 -8.515838949371296041e-01 1.172622208895882201e+00
123 79 4.892370721185329008e-01 7.316101539363104589e-01
124 79 4.849690780651879501e-02 6.019201890993337578e-01
125 79 -2.953384015248017302e-01 1.339636679728298807e-01
126 79 -2.794399386553471087e-01 -5.322148967512450035e-01
127 79 -2.277386670125741697e-01 -1.017462977771799615e+00
128 79 -6.782784007097210077e-01 -5.269572797559024524e-01
129 79 -8.882672484874517549e-01 2.462121332542513974e-01
130 79 -6.441434368293266766e-02 -2.387901518582482563e-01
131 79 1.719489533173270135e-01 -4.529520115985235518e-01
132 79 -1.859690317224052258e-01 1.830273703143037167e-02
133 79 -1.844200124280898634e-01 -3.006536304543034333e-01
134 79 -8.516803065969200670e-01 -1.821124928266852905e-01
135 79 -7.159042077152119044e-01 7.699753430541100840e-01
136 79 -1.903467043060151631e-01 3.885893682430929807e-01
137 79 3.315246150953939375e-01 -3.439192332517063133e-02
138 79 1.923257781405169065e-01 2.328872633390417224e-01
139 79 4.364003083465534116e-01 -5.040686153218724153e-01
140 79 9.928071285482739095e-01 -5.041352815050448299e-01
141 79 -1.476621359706567493e-02 -2.652829938586051539e-02
142 79 -2.390474161789428800e-02 -2.737286837423093602e-02
143 79 -8.933923761300160971e-02 2.692860052256778602e-01
144 79 -1.691366648949945040e+00 1.707736243849695620e-02
145 79 -5.713796355116131931e-01 -9.654263403342283612e-02
146 79 8.983233504298870908e-01 9.580150147246499492e-02
147 79 1.116383421513506002e+00 -3.728237689610984784e-01
148 79 1.282215601063842580e+00 2.127279932874151236e-01
149 79 9.976317594923540533e-01 4.291102947734946604e-01
150 79 3.851314354587629940e-01 -6.640283397833648960e-02
80 80 -1.869010176708044701e+00 -2.456486709268786317e+00
81 80 7.175549945528522100e-01 -8.810533174888890429e-03
82 80 1.476311177759112470e+00 -9.484341473059546557e-01
83 80 -8.314282187170444205e-01 -9.658929323451884708e-01
84 80 -2.294185356980469881e-01 -2.732430080470442668e-01
85 80 1.719044638695195859e+00 -1.203009222154210356e+00
86 80 -4.259306865609255310e-01 -7.723666026846482957e-01
87 80 4.712487672709456676e-01 1.419083478326779169e+00
88 80 6.959068928012972499e-01 -1.225199381729546566e+00
89 80 5.138327863658130878e-01 -2.643781268427183861e-01
90 80 -1.120806398944086846e+00 -6.268119644135474733e-01
91 80 -1.842971056427862020e-01 8.150167058999897851e-02
92 80 -1.749696705416601494e+00 -2.190594668302380921e+00
93 80 -2.022647237218719030e-01 2.455188863241799524e+00
94 80 -2.901274585189469679e+00 2.143383644484898820e+00
95 80 1.044645179134070734e+00 -1.319856532553581596e-01
96 80 -1.163349362561901135e+00 6.920257808765766239e-01
97 80 2.612173282281395448e+00 -1.123690209059128087e+00
98 80 -1.813182513184816991e-01 1.536475144975770757e-01
99 80 -9.965351434175783174e-01 -3.507746261322663983e-01
100 80 1.932543246555092353e-01 2.749742532748917778e+00
101 80 2.516366431497112366e+00 1.726371304733437473e+00
102 80 6.984093829903191830e-01 -1.151880060870163813e+00
103 80 -2.843893443898348306e+00 -1.010370073472745878e+00
104 80 -1.401253996877814822e+00 -4.199425547884064747e-01
105 80 -1.590488148187265693e+00 -1.538964604943406478e+00
106 80 -2.272328469132321338e+00 5.416940587830096909e-01
107 80 -1.372355661200005184e+00 1.132834201978097477e+00
108 80 -5.340724063792673393e-01 1.329180555378778328e+00
109 80 -9.175277698597069653e-01 1.189299998181303719e+00
110 80 9.723534057534372055e-03 6.747704005788510706e-01
111 80 -4.601049140553981620e-01 -4.469160922532536273e-01
112 80 -1.773699846260645918e+00 -1.051621429089667270e+00
113 80 -1.118079310753857580e+00 -1.170323363349102364e+00
114 80 -2.443533243910976094e-01 -1.336349891012315272e+00
115 80 -4.277177838013711958e-02 -4.625693416456636009e-01
116 80 2.334198322406836612e-01 3.124476881237490122e-01
117 80 1.210442039361327715e-01 8.479123644827247785e-01
118 80 8.398604579913848678e-01 -5.179608184381960800e-01
119 80 1.104233450378410808e+00 -4.993885025163364855e-01
120 80 -1.359605969403632764e-01 1.213770682059632233e-01
121 80 -1.105821083208837319e+00 3.563671974301808043e-01
122 80 -4.724003887915895761e-01 3.901353036197954816e-01
123 80 3.398991973689690499e-02 8.624811577684521335e-01
124 80 9.191989498401656467e-02 1.381217742408928917e-01
125 80 2.064213813208805870e-01 2.031295328103812636e-01
126 80 7.381108043941508878e-01 -2.271006972265327689e-02
127 80 1.529294595133599444e+00 -2.650360068061420257e-03
128 80 9.476774689157017040e-01 -5.965265621356609371e-02
129 80 5.591716904350645390e-01 3.608301420115664349e-02
130 80 4.336186640583750140e-01 1.091422512399542882e-01
131 80 -3.520524424078139702e-01 1.754380641423281539e-01
132 80 -1.537251848355031258e-01 -2.917931725153973810e-01
133 80 2.857208790607697613e-01 -5.601706188276472931e-01
134 80 2.477231297877913463e-01 -6.839301231539361980e-01
135 80 6.457481093459864138e-03 1.984260806885085882e-01
136 80 -1.079045068114755923e-01 1.453944910579987038e-01
137 80 2.590522713376852693e-01 -9.317580946698033051e-01
138 80 9.876974314651784659e-02 -1.840288546900654132e-01
139 80 1.452820019467973289e-01 8.469929729668393970e-01
140 80 7.172844888396847640e-01 4.335060808920396802e-01
141 80 9.536387299825345443e-02 2.800131233644790330e-01
142 80 3.266172387757954598e-01 5.326028819141751525e-01
143 80 5.813373817355386164e-01 2.229746988406084429e-01
144 80 -5.845367278554081114e-01 -6.450584971528420253e-01
145 80 -1.172310227232929991e+00 -4.422302598991017519e-01
146 80 -7.938449287621059947e-01 -8.954539873399071370e-02
147 80 4.208340324163898499e-03 3.557619434139059483e-02
148 80 2.408942802901840041e-01 4.479095821082397233e-01
149 80 6.740697964345162552e-01 4.071736956998154855e-01
150 80 6.167840969959391684e-01 1.944580710556861186e-02
81 81 -2.850917777000478992e-01 7.219234502022049416e-01
82 81 1.314499260655753954e+00 -8.595523870290459056e-01
83 81 1.731321306721461672e-02 -6.851027265473691452e-01
84 81 -4.498313653613523755e-01 1.637265583906140520e+00
85 81 4.574506498436787805e-01 7.120029773972502696e-01
86 81 1.335718732892053007e+00 -1.726859638434202315e+00
87 81 2.413983733078749749e-01 1.055398439946385380e+00
88 81 2.893337678410249580e+00 1.235857467463203463e+00
89 81 -1.628955990905928575e+00 -1.271051054315476492e+00
90 81 -6.276506489355276885e-01 1.071617140207779872e+00
91 81 8.764179267144904806e-01 5.540556903261514288e-01
92 81 1.917178750198142156e-01 -6.127120108810271137e-01
93 81 -5.936691021354606468e-01 -2.011916688007168719e-01
94 81 1.395655634540432510e+00 -2.252920885007072993e+00
95 81 -1.797158373015432242e-01 -1.145122565063719788e+00
96 81 4.049042770944190073e-01 -3.328255774884795404e+00
97 81 -1.581598574528315648e+00 1.739736740012739480e+00
98 81 4.412938883789705447e-01 -1.717062047897420562e+00
99 81 1.139790733772369086e-01 2.443881020621601952e+00
100 81 -2.081597453031533096e+00 2.355389609960052422e+00
101 81 -1.158247539760393074e+00 1.814428228455325254e+00
102 81 1.866249613067234511e-03 1.199769122690326761e-01
103 81 1.925933232850742249e-01 -6.334059988180699152e-01
104 81 1.802039248266567251e+00 -1.111265447821400409e-01
105 81 1.176296287155585096e+00 -1.185740183434627060e+00
106 81 -4.680717235134251863e-01 -1.517446931894731676e+00
107 81 1.644510714499739068e+00 -6.480429204670906662e-01
108 81 1.524715989172514830e-01 -2.344861743010974997e-01
109 81 -8.254376891607211331e-01 -1.924687110652809063e-02
110 81 -9.958178348147141978e-01 1.603394390190507002e+00
111 81 6.268505351540161197e-01 -5.659526635028258035e-01
112 81 4.977467641856569980e-01 -4.957728473853928453e-01
113 81 -1.447509852194788504e-01 -1.754247726590109080e-01
114 81 1.428112813866934394e-01 -1.651050566052927882e-01
115 81 -5.389772236201559319e-02 1.150103370467204927e-01
116 81 -6.165055304578423989e-01 1.118670668519902156e+00
117 81 3.104089252236971741e-02 1.519636940568155348e+00
118 81 -7.294505037884159160e-01 6.724890166099213307e-01
119 81 -4.735803848792853321e-01 -2.909042272561176978e-01
120 81 8.864649270291773409e-01 -1.846979386816171576e-01
121 81 3.126333606405602428e-01 1.460381220985887685e-01
122 81 2.715229494201757410e-01 -4.243744568268293521e-02
123 81 1.726916158355998321e-01 -7.460074399922171917e-01
124 81 3.655890715675985669e-01 -6.166935130629892514e-01
125 81 -5.844785452774965417e-01 -2.097200382234153671e-01
126 81 -5.294403231506772389e-01 8.671433780262222113e-01
127 81 -4.125900675398389561e-01 1.074454962396061086e+00
128 81 7.839015018401013224e-02 1.111713103201604991e+00
129 81 4.043581495045928675e-01 8.041219586580721224e-01
130 81 6.381390658733000487e-01 5.876928014355120578e-01
131 81 -1.873212522701942495e-01 6.019315628016053132e-01
132 81 -4.012145864000343232e-01 4.114491633524913206e-01
133 81 -2.630370711525379379e-01 1.606624703868465287e-01
134 81 -1.167181289387603654e-01 -2.765059358114947408e-01
135 81 -4.363581055486570603e-01 6.374882885041321945e-02
136 81 1.126649178956070224e-01 -2.151844146504475197e-02
137 81 8.081869024491732389e-01 -8.564115896276875972e-01
138 81 1.394591287255455767e-02 -4.492020869563495555e-01
139 81 1.700820048970043130e-01 -1.665262863563896079e-01
140 81 3.278359111902686696e-01 1.765642254350607288e-01
141 81 -3.392360618186064380e-01 1.798750578906082032e-01
142 81 7.880710155698178454e-02 4.204148883277581961e-01
143 81 2.319818696680234771e-01 6.322263407579571393e-01
144 81 -9.429706716542575473e-02 1.731761310723477221e-01
145 81 -4.626701008378963365e-01 2.866747347592629724e-01
146 81 2.891745141657071638e-01 -3.438700077185493087e-01
147 81 8.783113803857873769e-01 -1.069719207422327845e+00
148 81 -4.161533524718122878e-01 -2.189413031502346618e-01
149 81 -4.942456720562575789e-01 2.679468825679740540e-01
150 81 -7.068385568653094697e-02 3.637014890834708303e-01
82 82 -7.294446917777109851e-01 1.412345112752951160e+00
83 82 1.046242004661592340e+00 -6.104626905208809795e-01
84 82 -1.237397630691794870e+00 -1.260342637719192416e+00
85 82 7.841736064051502142e-01 3.722736032590518995e-01
86 82 1.385864964719074610e+00 1.505818064314826121e-01
87 82 -1.851428201238085380e+00 -4.410920834173631122e-01
88 82 9.899312153097485911e-01 9.906846635381956201e-01
89 82 1.471213330386699214e+00 -1.652299876724812877e-01
90 82 -2.212213184013812839e+00 -1.366378822003276872e-01
91 82 4.628513502023980930e-01 1.452487684820695124e+00
92 82 1.561328286230621587e-01 -1.397784481090998288e+00
93 82 1.972174869258875862e-01 -1.834879335460364858e-01
94 82 1.518158183137245709e+00 1.623574703890720006e+00
95 82 9.959350720815467461e-01 -2.941629676103717728e+00
96 82 4.797239773377526273e-01 -1.114069353044837341e+00
97 82 -9.891835533743251752e-01 -5.142557155245837119e-01
98 82 -4.635089249724604066e-02 2.070339760920040462e+00
99 82 -1.687102348293513021e+00 -6.406980074477482967e-01
100 82 8.293862386071392256e-01 -1.119972144084889487e-01
101 82 -1.539697588324769661e+00 -2.202538160998140093e-01
102 82 -2.176243971522223708e-02 -2.289621727815444707e+00
103 82 -2.484376867977135639e+00 -1.948867613797044873e+00
104 82 -7.194492366189367827e-01 3.053960907996186580e-01
105 82 2.142328305318061066e+00 1.518282394793347478e+00
106 82 1.966454743963596652e+00 6.288278174378729712e-01
107 82 7.098285079435302514e-01 2.628320600156553444e-01
108 82 7.853539215727796119e-01 -1.509353047461166275e+00
109 82 1.283477356299006944e+00 -1.914180934619449381e+00
110 82 -9.639140419961603201e-02 -1.697713366024491410e+00
111 82 -3.910879716359800251e-01 -1.044000542910661578e+00
112 82 -9.966871726443218282e-01 -8.617917472584262217e-01
113 82 -3.381367399998166934e-01 -2.985953999233654788e-01
114 82 9.598433586454309108e-01 1.078347203334131477e+00
115 82 8.776732107080350564e-01 5.808309053581259818e-01
116 82 -1.025854123049319888e+00 5.931514848321037814e-01
117 82 -2.633248104497226683e-02 8.280571776955917285e-01
118 82 -1.799025496661311452e-01 -4.395775265427425138e-01
119 82 -9.286634148168040337e-01 2.200031735347042772e-01
120 82 -1.328675959504917570e+00 6.390295804784695832e-01
121 82 -6.143016362321848112e-01 -1.717027128463894103e-01
122 82 5.589094591722680583e-02 1.919973755564685081e-01
123 82 6.850448338726623509e-01 4.068810513071473012e-01
124 82 2.361939012469593813e-01 -6.800446884234748746e-01
125 82 -5.945174458508958315e-01 -9.960876355942476224e-01
126 82 -1.100381124780756448e+00 5.645696813957477023e-01
127 82 -5.291948400214907533e-01 4.126695503033886991e-01
128 82 -8.450597438419729102e-01 -9.505904839206233414e-02
129 82 -5.021603733848676310e-01 -4.137002749096471699e-01
130 82 2.489932357897193249e-01 4.734831452338896796e-01
131 82 -1.907806874333565356e-02 -2.470107130806235285e-01
132 82 -8.867393917534834857e-01 -8.493021198804147076e-01
133 82 -5.324364017300867724e-01 -4.504809600422959859e-01
134 82 3.363763939540118098e-01 -4.505245819633589832e-01
135 82 -6.110719326609349161e-02 -1.818049929867224523e-01
136 82 3.408246167037111418e-02 4.799834512381029317e-03
137 82 5.614145705374213868e-01 -1.337018155811164899e-01
138 82 3.305953859390361460e-01 9.210874307036118203e-02
139 82 8.192794192781953644e-01 1.002161781995978496e+00
140 82 3.782083699286508116e-01 9.751408635099161337e-01
141 82 -4.632576086415435279e-02 -5.574667311614168730e-01
142 82 -5.912584869451782410e-01 -4.531595550487063084e-01
143 82 -9.196575231020621688e-01 -2.197441184527148261e-01
144 82 -2.245306955540073146e-02 -6.077804762803384886e-01
145 82 -3.853720035836384339e-01 4.324551014707210261e-01
146 82 -2.528377074285665382e-01 4.518746153375715058e-01
147 82 1.067234045769839934e+00 -3.591714396680315002e-01
148 82 5.845971506246092630e-01 -3.999078304974226228e-01
149 82 2.400149951881997701e-01 -1.779897754698329115e-01
150 82 4.357706311556697187e-01 -1.151619853432491181e-01
83 83 7.849076303638184982e-01 -1.590818012114603386e+00
84 83 3.012523369641221804e-01 4.976184547611487430e-01
85 83 5.428119002590447995e-01 7.503094841797370851e-01
86 83 2.373549611971545570e+00 -1.810065696572701555e+00
87 83 7.403802176612013231e-01 -1.821879126767825263e-01
88 83 -1.165637795929874265e+00 1.147297315151482922e+00
89 83 1.429399994303430121e+00 2.820542101509464494e-01
90 83 -1.526595646294064634e+00 -5.203238293062725228e-01
91 83 6.540504249041894091e-01 7.091758123684615001e-01
92 83 1.181332823980423052e+00 2.668531357496016221e-01
93 83 -6.577738866367280890e-01 -2.553935201259637466e+00
94 83 -6.151762375254981041e-01 7.259356615042201755e-01
95 83 2.364618624982481432e+00 1.247601988071612267e+00
96 83 -1.689898463647603100e+00 3.883065223696412493e-01
97 83 5.485361838354493313e-01 5.710415873399021791e-01
98 83 -3.732308994973486116e-01 1.465584843607790289e+00
99 83 1.261015461386191916e+00 -1.367547926717708473e-01
100 83 -1.108224694981492009e+00 7.573673902656248291e-01
101 83 6.242433485112863778e-01 -3.338312733178331104e+00
102 83 9.015106693927817938e-01 -2.478607000137821981e+00
103 83 2.556583407701571442e-01 -2.552652556584655397e+00
104 83 -5.977112008521577868e-01 3.758833835708138005e-01
105 83 -7.009353287724254256e-02 5.938583105942839557e-01
106 83 -4.738562897769051374e-01 -4.770872310220484747e-01
107 83 -1.302928599743699234e+00 2.189600088460960325e+00
108 83 -3.920924215296475168e-01 2.233191498802534536e+00
109 83 -1.417024656729345411e+00 -6.633912743902300457e-01
110 83 -4.831897879632953696e-01 4.591269541271414956e-01
111 83 3.342935009402760449e-01 -1.411003313545479698e-01
112 83 3.320213343489085145e-01 -6.075641820545861771e-01
113 83 -1.857375477650940354e+00 -6.790546924451186239e-01
114 83 -1.280651214808420590e+00 -1.313334303246404822e-01
115 83 4.832210703425139642e-02 3.409446562470248854e-02
116 83 -1.515013315340640182e-02 -3.727280121102916621e-01
117 83 -4.559688119711368115e-01 -6.202937536358972270e-01
118 83 -1.203778539146006937e-01 -9.632112667298013964e-01
119 83 -1.914169645404621423e-01 -1.228407596543637403e+00
120 83 -7.006909561796479391e-01 -9.099075519126695877e-01
121 83 -2.279537632556613569e-01 3.549346183237461760e-01
122 83 -4.476506672334302217e-01 8.089561547760809254e-03
123 83 -4.780754581417587801e-01 -1.843669323871378607e-01
124 83 4.205795642630093256e-02 -4.248637263130740638e-01
125 83 -6.115423473299126667e-02 -1.068435090960825479e-01
126 83 -4.008477039763359007e-01 -3.032717120167809435e-02
127 83 3.715196679033335725e-01 2.666027087753326530e-01
128 83 7.194897137892446448e-01 -8.799503045919633282e-01
129 83 9.960928418875116819e-01 -7.672850686930855479e-01
130 83 6.265216140177672921e-01 3.940956804348277887e-02
131 83 8.758800539173673405e-01 3.342361697609986804e-01
132 83 5.886277450689508806e-01 6.074766431178374448e-01
133 83 3.586848705354076516e-01 4.771650910867703543e-01
134 83 1.211307891385282054e-01 -1.708442175882200487e-01
135 83 -4.542608841246473794e-01 -2.600690632551325709e-01
136 83 -2.422518857725892982e-01 1.371191478321067032e-02
137 83 2.599148938641114848e-01 4.955128892190733825e-01
138 83 -7.249505960868727339e-01 -3.769128465120638038e-01
139 83 -8.426718026238995130e-01 5.097121542193682187e-01
140 83 1.732826149368842106e-01 1.996145381720593193e+00
141 83 3.688047759410846838e-01 6.312314616851479876e-01
142 83 1.450134614791689924e-02 -3.574786054044784556e-01
143 83 -8.084442106338099454e-02 -2.636389497499924128e-01
144 83 -4.153563225100513623e-03 -6.055205325263793847e-01
145 83 -5.920344943085872336e-01 -4.261964666761421383e-01
146 83 -4.372804879745826323e-01 1.302455511637274910e-01
147 83 -2.194618147440360323e-01 3.302351934271345324e-01
148 83 -6.420829039609196043e-01 -2.779788390784075289e-03
149 83 -6.306823754171581031e-01 7.474755394422530896e-01
150 83 -2.780446482959018639e-01 1.097934330051825391e+00
84 84 5.248497762059243232e-01 -9.038246283547870519e-01
85 84 1.588879221465187452e+00 1.305550550410108812e+00
86 84 4.968819747586529223e-01 2.252594507022100512e+00
87 84 4.136065976305624003e-01 -4.675057930106737980e-01
88 84 -1.038248997516287020e-01 4.479386952063680871e-01
89 84 5.896421504720338325e-01 1.868350238805545960e+00
90 84 -1.734999887315061273e-02 -3.593772368221958557e-01
91 84 -2.528949711546828905e+00 1.506029553097286477e+00
92 84 2.067977090006360097e+00 -3.213459227031659760e-01
93 84 2.455642530861790185e-01 -6.534493416692722656e-01
94 84 -6.240493984098594016e-01 -1.637915204046936912e-01
95 84 1.856684930645582932e-01 8.704235269337441405e-01
96 84 -2.485805959362544504e-01 -7.309281252714519561e-02
97 84 -7.243647105840599343e-01 1.785894398433166330e+00
98 84 1.510945693790630262e+00 -3.899007959787387789e-01
99 84 1.521266441735800390e+00 -5.408842917578028375e-01
100 84 -5.463141761671339580e-01 -2.853479196281320185e+00
101 84 1.734020934726687280e+00 1.439380024323907659e+00
102 84 4.750367566628607013e-02 -1.533724777108661952e+00
103 84 1.096136226729613306e+00 1.802871390586102684e-01
104 84 3.999138199403051708e-02 4.237766019432020470e-01
105 84 8.786589997586502498e-01 1.766579635349850186e+00
106 84 7.700064320997085376e-01 -1.469034437343701149e-01
107 84 -1.608344913927739706e+00 -1.097584408050720439e+00
108 84 -1.691294229308830444e+00 -1.679959407242626046e-02
109 84 -5.295215060831678922e-03 2.697037831372459671e-01
110 84 -3.767434618977883454e-01 1.514046493834398710e+00
111 84 8.931543526156442425e-01 6.025888437446547119e-01
112 84 1.249122808406759821e+00 7.823652057088623657e-01
113 84 9.573533288923723461e-01 -2.711485296950748025e-01
114 84 1.030882199230765517e+00 1.300234440101187605e+00
115 84 -2.235175100784820013e-01 -4.440108908432816026e-01
116 84 -8.161691748711755734e-01 -9.016360978672570692e-01
117 84 -8.772907653867888511e-01 3.042854676732828501e-02
118 84 9.171929596994499168e-02 4.355877095020668222e-01
119 84 -1.338093223531492404e-01 6.078747379859930633e-03
120 84 -1.412320997581196114e+00 4.013803030373845893e-01
121 84 -5.013647011209561022e-01 -3.541342146028189086e-01
122 84 2.500881361496583022e-01 -4.024366925773073533e-01
123 84 -8.563900963567065983e-01 -1.517128341874856082e-02
124 84 -9.852271685671162293e-01 -6.937114855897964505e-01
125 84 -2.918730239038541119e-01 -1.012161256015611244e+00
126 84 2.819779281910810842e-01 -4.916322519031758320e-01
127 84 1.654475023194412475e-01 2.968038433997041703e-01
128 84 7.028688197503584201e-01 -5.141610298935408441e-01
129 84 6.853761328890303761e-02 -9.257515539417452421e-01
130 84 -1.859073755251704207e-01 4.122244605185970134e-01
131 84 -3.178311117238796779e-01 1.205977150654172991e+00
132 84 3.456794955062923447e-01 7.597874675026641267e-01
133 84 3.803857227485953063e-02 6.120619350445510864e-01
134 84 -8.040165897796752725e-02 6.004937537609725817e-01
135 84 -5.201151972343400764e-01 -1.150534593945630180e-01
136 84 -7.324366544156286629e-01 -5.597788855489118642e-01
137 84 -6.308882689262015342e-01 3.533552088146662412e-03
138 84 -4.657386361352748860e-01 -6.582022398634117533e-01
139 84 -6.173597710858492738e-01 -5.585115547104249067e-01
140 84 -5.827709486842694853e-01 -2.007653063250807168e-01
141 84 -1.288936755727367739e-02 -3.163328387414384713e-01
142 84 -9.306829082675027731e-02 3.389775317361005680e-01
143 84 2.296755294636240730e-01 1.551189175112713536e-01
144 84 1.032322140468263205e+00 4.740390658469367802e-02
145 84 3.800152594138335727e-01 -3.573314475497996190e-01
146 84 1.858206357977661427e-01 -3.686039125825814056e-01
147 84 2.383458032276519201e-01 -6.331681187537857580e-02
148 84 -3.010695447452199636e-01 -8.588168026694301682e-01
149 84 -4.616639725648156167e-01 -8.548289226081837167e-02
150 84 -1.795088559582290466e-02 7.107921994740661331e-01
85 85 -1.698481646873084783e+00 2.717934302310426320e-01
86 85 1.155024417475377208e+00 1.540591255547985927e+00
87 85 3.360017337232118484e-02 4.101148382913258339e-01
88 85 -1.553736069839212641e+00 8.997776901917720060e-01
89 85 -8.213387156255602672e-01 1.682260532992035040e+00
90 85 6.154781132704560953e-01 -2.996392307356451901e-01
91 85 -7.531134687149090290e-01 4.005276474163287359e-01
92 85 -7.689263376964411423e-01 2.193895964739215554e+00
93 85 1.016309530567623742e+00 -1.296394546704639161e+00
94 85 -1.303396510712177214e+00 1.633200527617145736e-01
95 85 1.036895435404262322e+00 9.346124675564015938e-01
96 85 -1.549032456500110677e-01 -2.196655588711406426e-01
97 85 -2.485562931968027467e+00 -1.558849381938486767e+00
98 85 1.194722163425449013e+00 1.144821085047900144e+00
99 85 1.103019717029058544e+00 -4.432445064584432659e-01
100 85 6.964877208888085036e-01 -7.864698510630927508e-01
101 85 -2.313490943939800815e+00 -1.204899555551349088e+00
102 85 2.399633981677675720e+00 1.457196965486930340e+00
103 85 -6.874215472672180471e-01 1.741754325736278197e+00
104 85 8.592091529450693876e-01 1.068549208503027703e+00
105 85 6.296178725369122597e-02 9.980989942003595239e-01
106 85 1.375398046931738838e+00 -1.506909432062352616e+00
107 85 -9.101306562529662414e-02 -9.758232407371190131e-01
108 85 -1.090763363729303270e+00 -5.559313941963131001e-01
109 85 4.923051246505169565e-01 -1.190745333523386851e+00
110 85 3.068389459623618309e-01 -1.764326501841178896e+00
111 85 7.427703193499965995e-01 3.345576940502336116e-01
112 85 1.199558937895012445e+00 6.758038910448063152e-01
113 85 5.230029478214793803e-01 -2.068314320164493791e-01
114 85 -6.237393572248832452e-02 2.759733477931889389e-01
115 85 8.097043775983140401e-01 2.066056933840461074e-01
116 85 5.905421000509799567e-01 -6.510533118408842190e-01
117 85 -5.105485196255376001e-01 -8.113751648033465935e-01
118 85 -3.203279036867684448e-01 2.276990945052785043e-01
119 85 5.475909915535732697e-01 1.650492880355559078e-01
120 85 4.909091134760760755e-01 4.607801322825034740e-01
121 85 7.617480627937887050e-01 4.705615207400873912e-01
122 85 -1.717883313012099067e-01 -1.691422639150917118e-01
123 85 6.576983210659521906e-02 -3.974329992861220795e-01
124 85 -1.215266825748522600e-01 2.327188020931149903e-01
125 85 -6.723440119947713400e-01 6.385166685353316218e-02
126 85 -4.988066649320686552e-01 -2.066567591340914278e-01
127 85 2.575716380185921195e-01 -2.539590203308611516e-02
128 85 7.805482174864139533e-02 -9.505243652550100786e-03
129 85 -7.812523298294045127e-01 -6.634150221006536174e-01
130 85 -1.453611064071820724e+00 9.452282656209633205e-02
131 85 -7.452148825929298948e-01 9.873302409658191170e-02
132 85 -2.439335386029448383e-01 4.473402088755261130e-01
133 85 -5.482480435892194137e-01 3.367994013503377015e-01
134 85 9.832088281184581807e-03 3.423497297790147331e-01
135 85 -1.742329962257500864e-01 -7.191938439650200632e-01
136 85 -1.327925393902648077e-01 -5.457144666801234667e-01
137 85 1.881636068672105089e-01 -1.454108800416588632e-01
138 85 5.625266381370087609e-01 -1.120553615904135381e+00
139 85 1.492428641207076412e-01 -1.270730477047929075e+00
140 85 1.773035865344631534e-01 -5.322981672773111628e-01
141 85 1.227944540457399203e+00 -1.337821527023373425e-01
142 85 5.580149407821533014e-01 -3.087043278624495013e-01
143 85 -2.592083590113452018e-01 1.855423720760853157e-01
144 85 -2.907848137737039651e-01 1.451756817487161788e+00
145 85 -1.463618674285073751e-01 6.320590107706736127e-01
146 85 2.085778241906681707e-01 2.806725364425011193e-01
147 85 2.563164621783725616e-01 4.980779745215073162e-01
148 85 3.151749050057708335e-01 -6.292223500701091821e-01
149 85 2.155288373567254556e-01 -5.038396041602329900e-01
150 85 1.488805789597527629e-02 3.039505307228871911e-01
86 86 -6.081971995405224263e-01 5.556168586911562901e-01
87 86 -6.984388672666591580e-01 -3.254595057041091977e-01
88 86 -8.491785508431793916e-01 -1.776734148036993588e-01
89 86 4.701139727770558552e-01 1.195284722549363909e+00
90 86 -8.658880234781163310e-02 7.656570826025253795e-02
91 86 -5.778435061819832130e-01 -1.871877131974525543e+00
92 86 -9.277276997443006934e-01 1.028494973824364278e+00
93 86 1.910046286056266807e+00 -5.848580060115557977e-01
94 86 -8.890772000577377154e-01 -5.674507128638051068e-01
95 86 -1.103083443475559866e+00 8.055969054033537136e-01
96 86 2.491758713390687774e+00 -1.804486249807220610e-01
97 86 -9.256677712844695316e-01 -1.773271709812200392e+00
98 86 -1.357905064715948296e+00 4.573020025832141289e-01
99 86 9.364201408401504612e-01 -1.175711435127414273e+00
100 86 -1.307371405806521558e+00 2.656838386317102452e-01
101 86 -3.976118951212460895e-02 6.405916440839237724e-01
102 86 -1.458392727788411003e+00 2.475862830993735830e+00
103 86 -1.973507115520548028e-01 -1.092547328293451914e+00
104 86 -3.405118862095181109e-01 1.579521642891548172e+00
105 86 2.900798235724629248e-01 5.171939262257668757e-01
106 86 9.710679274919783444e-01 -3.035648512853546532e-01
107 86 1.905223657178697072e-01 -2.537255435972791684e+00
108 86 3.823049362633255677e-01 -9.570587922532625136e-01
109 86 2.067911169283936257e+00 3.950652415079038970e-01
110 86 6.743349929274675691e-01 7.413796178336110043e-03
111 86 -7.452158870958400794e-01 -2.555497644687138026e-01
112 86 5.482453174505959037e-01 2.485859789488002736e-01
113 86 -1.191514589041331451e+00 5.089505335608582870e-01
114 86 -1.088589139793718186e+00 1.382860342964000289e+00
115 86 -1.644370837740936508e+00 6.940005395668692456e-01
116 86 -5.543896458839624869e-02 -1.236110151292943549e+00
117 86 -3.886624847537054617e-01 -7.496297687006135968e-01
118 86 -6.730964828747312834e-02 1.078733025102913412e-01
119 86 1.445879364880725271e-01 -2.199472318454588349e-01
120 86 -2.021123634197218855e-01 -9.582595153291546541e-01
121 86 2.757502942260214307e-01 -3.775547453760442207e-01
122 86 1.064374525689817386e+00 9.038082381636963758e-02
123 86 3.067780007880595572e-01 3.693970239844798220e-01
124 86 -5.650416226822843058e-01 8.264456036355816160e-02
125 86 5.032199821340620910e-02 5.498028752510447648e-02
126 86 -4.500410076278404253e-02 6.671284204241462179e-02
127 86 -8.452744672693657257e-02 3.172649975101976549e-01
128 86 -2.337019480281059824e-01 -5.101882366391922996e-02
129 86 -1.181942755034571385e-01 -1.575441160091579085e-01
130 86 -4.928599894849136631e-01 -1.902443122211391890e-01
131 86 4.810178188103482744e-01 1.133075526473893146e-01
132 86 8.126431325569074549e-01 -3.191437535398087277e-01
133 86 9.553216572064593404e-01 -5.860149965738136180e-01
134 86 -1.042540306125976091e-02 3.182797189027949392e-01
135 86 3.212090620245547368e-02 8.943366889982319323e-01
136 86 3.263869605897142256e-01 7.695937850235787803e-01
137 86 2.876941738578017160e-01 5.314857791920625241e-01
138 86 5.158049166353508852e-01 3.164363737899023032e-01
139 86 5.187575936272293547e-02 2.324211878901304984e-01
140 86 -6.404096595915338419e-01 -2.871574136492788254e-01
141 86 6.095579704589995096e-01 -3.986774956446436091e-01
142 86 7.840084114677366156e-02 -6.428322090430746427e-02
143 86 -5.983033246406539440e-01 3.099577986962824272e-01
144 86 1.872204651102874484e-01 6.193171966997546019e-01
145 86 9.859267329158503956e-02 4.453901472804658312e-01
146 86 -5.461977736729947130e-01 3.966545814214142984e-01
147 86 -2.437209824303886996e-01 4.256346181744432022e-01
148 86 5.713698031451229786e-01 -1.386270530452139438e-01
149 86 4.269315984537112030e-01 -3.148959256434762932e-01
150 86 5.748002518162869112e-01 3.336624202261539995e-01
87 87 9.583699654282461511e-01 3.940112225164835724e-01
88 87 -1.653414381221681939e+00 8.378849854547033849e-02
89 87 -1.879414983838985531e+00 -4.713858173308299593e-03
90 87 1.608046730565071636e+00 6.633521291727840774e-01
91 87 1.115331351401257276e+00 -2.229690957304563126e-01
92 87 -1.628169198715879062e+00 -6.501920015454016877e-01
93 87 -4.110853464837161964e-01 7.771168653783527835e-01
94 87 5.939298618535331364e-01 -2.340350296247780904e+00
95 87 -9.208752200916238140e-01 1.116705947736887250e+00
96 87 6.198569373686526607e-01 3.306340941063677930e-01
97 87 1.593611777480855807e+00 -1.255902440402003828e+00
98 87 -9.712080886961723669e-01 -3.971356969773982559e-01
99 87 1.179851504442182009e+00 8.467797662222001920e-01
100 87 -5.622829772428727946e-03 -2.093553277498803933e+00
101 87 -2.196583874933465408e-01 1.139179469526642313e-01
102 87 7.027373199910387225e-01 6.282494478984667063e-01
103 87 8.765547014802034242e-01 4.719499685179952553e-01
104 87 -1.810174657763847339e+00 -2.521296570653785540e+00
105 87 6.058580044710428769e-01 -7.982968732077870833e-01
106 87 -1.438964659102619281e+00 -2.903117541340044516e-01
107 87 1.313659406466953228e-01 7.714033837317271214e-01
108 87 -9.754578271337744910e-01 8.172755787052738974e-01
109 87 1.591384588972923675e+00 1.567619034908700693e+00
110 87 2.745727920773890052e+00 7.942435811128045753e-01
111 87 7.853127459130033738e-01 8.980107276130706584e-01
112 87 -6.868791041720916368e-01 1.645696974183579187e+00
113 87 -5.793608421580085377e-01 -2.064354898575223030e-01
114 87 -7.009148257296892170e-01 9.976291438401041489e-01
115 87 -2.541755889236590460e-01 1.249512247015455380e+00
116 87 8.250514923771959941e-01 1.459006787129149663e+00
117 87 -2.398976818283231338e-01 -3.205353510386797500e-01
118 87 1.145939513584397718e+00 1.677197811016067075e-01
119 87 7.779449706874269621e-01 3.706357231661687734e-01
120 87 -1.144439386897641020e-01 -2.130778197271544494e-01
121 87 -8.832754816666414932e-01 7.317222426979724803e-02
122 87 -8.202338216698105144e-01 6.534339346332582177e-02
123 87 -7.790355432015847459e-01 -3.762198154168413522e-01
124 87 -7.595447893616922297e-01 1.233599024244484976e+00
125 87 -1.171830090092949472e+00 1.144807305935620967e+00
126 87 -1.171717510108484683e+00 -5.863307797386192455e-01
127 87 -9.887455088250274304e-01 -5.304363080637825023e-01
128 87 -3.518097080859219350e-01 -3.315404642651493816e-01
129 87 -1.974025804501240433e-01 -9.918126563914604343e-01
130 87 -2.807991227620206809e-01 -1.503993252248122969e+00
131 87 7.134475766985747258e-01 -3.662877638358787435e-01
132 87 1.827391722975273414e+00 2.749509943638815401e-01
133 87 7.292438943547310259e-01 2.398253709482801865e-02
134 87 -2.184278295459423508e-02 -1.233113868439742189e-01
135 87 -3.003056011875540610e-02 4.978533997209506623e-01
136 87 -1.280580880465342214e-02 5.217406540067378584e-01
137 87 -4.457598922673788322e-01 8.944591412480435988e-01
138 87 1.017693391227889321e-01 2.517438235358575027e-01
139 87 -2.861768913515883028e-01 -5.428149725156682370e-01
140 87 -9.187972928248689941e-01 -7.252937418356817378e-01
141 87 -1.405505417913656130e-01 -5.292952701777506319e-02
142 87 2.881554921733626706e-01 -5.303094939553202325e-01
143 87 -4.022106682047170700e-01 -3.281447346218459571e-01
144 87 -1.093251176667060953e+00 6.043140436034741825e-01
145 87 -8.023387471627049794e-03 4.594281831047575815e-01
146 87 5.649675715997141134e-01 4.178382890668326799e-01
147 87 -2.353824957022551123e-01 1.426206134722738522e-02
148 87 1.192728750830498036e-01 -4.840740618970803544e-01
149 87 -3.027127585348188266e-01 -1.825202502207143584e-01
150 87 -3.979394227355849134e-01 8.389539620088651284e-02
88 88 3.398858086814137147e-01 -7.637942452350148237e-01
89 88 -1.724904957074616219e+00 7.026829418106209646e-01
90 88 -3.393213364749586569e-01 1.129805975279363217e-01
91 88 1.032032241480369400e-01 -6.846725680362559796e-01
92 88 -2.307405963468463772e-01 -3.850086875617175775e-02
93 88 -1.327538180314703498e-01 1.227814937679293728e+00
94 88 5.956099700058888891e-01 6.262937597945889001e-01
95 88 -1.170502654854940872e+00 -1.851768914958814127e+00
96 88 7.905445894399236728e-01 1.147131023359492019e+00
97 88 1.370514373954630605e+00 5.404042270848657264e-03
98 88 -4.648426057136736400e-01 4.929242108978938441e-01
99 88 -1.131561697536441757e+00 3.583615129665434496e-01
100 88 2.841566745955643292e+00 -5.837350049638618810e-01
101 88 -9.180068125789008215e-01 -1.967070936878288767e-02
102 88 1.132832366868038898e+00 8.427487578038846960e-01
103 88 1.045128481656459885e+00 -1.144890785285980872e+00
104 88 1.896383695747395626e+00 -2.508319300149770115e+00
105 88 -2.024883636752970784e+00 8.553833859309181720e-02
106 88 1.002963270158939935e+00 -1.287176201732373348e+00
107 88 -1.223247616728966980e+00 2.477828579588850222e-01
108 88 -7.012549361184712282e-01 2.462284713947818227e-02
109 88 -4.620777960455786371e-01 2.959946433669849775e+00
110 88 1.039083821565701671e-01 1.435179359529422438e+00
111 88 1.191829011971519692e-01 4.308245569911902523e-02
112 88 -3.875683076608574806e-01 1.232831538670384308e+00
113 88 1.504941019281197945e-01 5.674239204305782103e-01
114 88 -6.869486513160344421e-01 -1.002699816800181942e+00
115 88 -2.416112435709852901e-01 -9.300672232960206509e-01
116 88 6.714020871221668685e-01 -5.895462831032507456e-01
117 88 5.106708089115912647e-02 -5.475986117235905060e-02
118 88 -8.476556730905454584e-01 8.525784737583528283e-01
119 88 4.851840753627555958e-01 1.117140311843553224e+00
120 88 7.423198205199925681e-01 -1.630890659613869476e-01
121 88 2.426200796993029096e-01 -5.422507689028354116e-01
122 88 5.951971318426977353e-01 5.410948192350104602e-01
123 88 5.003081881442941192e-01 4.116497634270792350e-02
124 88 -1.700932391681528877e-01 -4.045507381085275966e-01
125 88 4.551184335037577466e-01 7.973710661463256910e-02
126 88 -5.876579148857098422e-01 7.510752705050112166e-01
127 88 -1.526074563979761267e+00 -4.338658302409056922e-01
128 88 -8.350611952572386532e-01 -1.150744115871686013e+00
129 88 -1.040806797118433852e-01 -7.638115391558640832e-01
130 88 -1.138489570906260767e-01 -7.391414072893456311e-01
131 88 2.978014101157919202e-01 -1.158032760341782152e+00
132 88 1.015705436058145450e+00 -6.393558975481350437e-01
133 88 4.811338002151926974e-01 -4.145013105666995878e-01
134 88 -3.693730709041810334e-01 8.735741733014390498e-01
135 88 -5.662547162701301318e-01 7.848685540002938721e-01
136 88 8.638048814558207944e-02 5.710072234065910468e-01
137 88 -2.896614398067397511e-01 -7.779890518740464889e-03
138 88 -1.390685332910564509e-01 -1.408057191777067063e-01
139 88 -5.163290839336506233e-01 -3.633054482673007124e-01
140 88 -5.248896866451233101e-03 -8.502158568920180626e-01
141 88 7.269601784859028859e-01 -3.060897237829749984e-01
142 88 1.402692145893921438e+00 -2.615364036223823963e-01
143 88 1.029741016130096387e+00 -5.180744939753223477e-01
144 88 4.998295790424273632e-01 1.193170526784177038e-01
145 88 5.909519923325586843e-01 5.279971061691671186e-02
146 88 -2.929813949319268196e-01 -2.360609897314989991e-01
147 88 -1.136113398645058892e+00 2.613419423398533059e-02
148 88 -5.777496018006502698e-01 3.115952814716297370e-01
149 88 -1.551523687021608422e-01 -3.612342890882952462e-01
150 88 -3.459036903316800582e-01 -2.867020271192962100e-01
89 89 -5.434934956165676789e-01 -1.192340988852754080e+00
90 89 6.661695612146051326e-01 1.530136797291013762e-01
91 89 8.908195307437947186e-01 -6.732406718877553820e-01
92 89 -1.303037556453283452e+00 -3.895229950722550738e-01
93 89 -6.561957666554245616e-01 -2.427268457496088438e-01
94 89 5.454468013545570315e-01 5.974072953146096765e-01
95 89 2.110694162813611108e-01 5.252005195562520212e-01
96 89 -3.971863331408254094e-01 1.826722545036668865e+00
97 89 1.464384750045627959e+00 -6.199310310788153089e-01
98 89 -4.330378951424916356e-01 3.690376895303593141e-01
99 89 -1.155847888412034230e+00 1.767674467124604298e+00
100 89 1.484520532262231907e+00 -3.263930872826183993e-01
101 89 4.249326056330610668e-01 -1.207145533583505959e+00
102 89 -8.067382278255427197e-01 1.764866944364441581e+00
103 89 2.323358700279103406e-01 1.227820598058584900e-02
104 89 -1.609218111600595746e-01 3.069511624767570224e-01
105 89 -3.378690433374409996e-01 -1.644145854694347708e+00
106 89 6.796341510643275630e-01 2.207422585497745615e+00
107 89 3.016498980499974225e-01 -4.135176097723707311e-01
108 89 1.085565320509747494e-01 5.189345751038371146e-01
109 89 1.952298923890624649e-01 -1.432394740762108265e+00
110 89 1.315603562868074283e-01 -6.166621524939744914e-01
111 89 -1.482592298691250976e+00 -8.969589341136576799e-01
112 89 -2.380759832871230941e+00 7.881523995189366749e-01
113 89 -7.781767797285983335e-01 1.010298432335546281e-01
114 89 6.848496084375915727e-01 -2.014894851736802883e-01
115 89 -3.790738453034613320e-01 6.355566404915677925e-01
116 89 4.156904055279570520e-01 -5.415698469790207747e-01
117 89 -1.312027649873551916e+00 -1.079661204230329963e+00
118 89 -1.420509784711442514e+00 -1.077012440203491961e+00
119 89 -1.314815806505350348e+00 7.496855241031488148e-01
120 89 -6.600241672531407255e-01 -1.273633788916123666e-01
121 89 -6.474970118381734308e-01 -2.314626111057327407e-01
122 89 -5.229224807740505687e-01 -5.850663851398488213e-02
123 89 5.476003374234437171e-01 -7.437044098533054926e-02
124 89 6.795091774411118335e-01 -8.680575865934961333e-02
125 89 3.594873014069770445e-01 -3.502851455411626347e-03
126 89 2.178541097592090192e-01 -7.982156889354378171e-01
127 89 -2.251401628528570398e-01 -7.608698882615101411e-01
128 89 -1.044746652397344988e+00 -1.074956075118796095e+00
129 89 -1.181739765708195444e-01 -9.889789421749874965e-01
130 89 3.222242765207074533e-01 -6.189674993936434833e-01
131 89 6.238657698273322172e-01 -3.185529451169621939e-01
132 89 7.500776767039317727e-01 2.215001952012980724e-01
133 89 5.966411455023017396e-01 2.046656328587365126e-01
134 89 -6.960883497127990927e-01 -1.435858937155164994e-01
135 89 -5.691927668226243187e-01 2.102166412839115428e-01
136 89 4.672164745796184709e-02 1.054125044327748784e+00
137 89 6.377238293329741126e-01 1.848018301299811650e-01
138 89 1.243438529643785262e-01 -3.719314259508252341e-01
139 89 -2.668091375786408453e-02 -6.034131236837960710e-01
140 89 -2.361594643580098851e-01 -9.240334077293707593e-02
141 89 -4.130070505919535701e-02 1.058538685614606178e+00
142 89 6.337781849542502011e-01 7.910314822350463793e-01
143 89 7.145055882402903125e-01 3.546117934917445980e-01
144 89 -7.289784417166863539e-01 9.180931035207451352e-01
145 89 -5.651370515421050289e-01 2.985590776312910810e-01
146 89 4.013151593427716768e-01 -5.053802993542205746e-01
147 89 1.564192093125889305e-01 -6.828241695946155598e-01
148 89 -3.179876307367884292e-01 -3.659482710911330372e-01
149 89 -3.466127950607360564e-01 -1.715773008025503199e-01
150 89 -5.174441827700798635e-01 1.132492843552319051e-01
90 90 -1.746335413634786671e-01 2.678073308667032748e-01
91 90 7.112124665881189856e-01 -4.915138731430412355e-01
92 90 9.201494673565859816e-01 -2.084436554089429183e+00
93 90 -5.796181552448799179e-01 1.184209840028506600e+00
94 90 -5.463895477618738727e-01 3.841079747637808350e-01
95 90 6.299149117124995811e-01 -1.908335393749417408e+00
96 90 -6.757781446651308643e-01 -1.411009356125327296e-01
97 90 3.430681808771828822e-01 2.772569616057870778e+00
98 90 -1.771139812665218360e-01 -1.487629771727397632e+00
99 90 -1.231237472126366139e+00 3.954059561444824844e-01
100 90 3.269609388776503200e-01 8.222988291685500162e-01
101 90 1.066522253840930912e+00 -3.007626698276635313e-01
102 90 -1.697298540976595493e+00 -2.777154658285652666e-01
103 90 1.066954956874935911e+00 1.303134612080599775e-01
104 90 1.282643715766879078e-02 -8.823276213314108496e-01
105 90 -8.652593163168974533e-01 1.589048625845189910e+00
106 90 -3.815439042536928893e-01 3.431062677155616303e-01
107 90 2.906379676409341251e+00 7.637708489551634505e-01
108 90 -5.273144563667974127e-01 -2.822924485290509988e-01
109 90 3.286601132941338044e-01 -6.907101613669960338e-01
110 90 -7.659555508497362108e-01 -1.195874533101950021e+00
111 90 8.267990148912108817e-01 -2.875519441645180585e+00
112 90 -6.261527145848218012e-01 -8.965149351450724113e-01
113 90 -4.663859482826106517e-01 1.131244096389166565e+00
114 90 -1.234234725222112805e-01 5.329788365713190867e-02
115 90 -2.128612102311900900e-01 -6.506802704970833240e-01
116 90 2.140259667299921897e-01 1.509225862248375849e+00
117 90 1.165094508072676838e-01 9.597549488117037564e-01
118 90 6.537177682332320772e-02 1.127567033908294825e+00
119 90 -3.834314732470799902e-01 -1.079028455487145710e-01
120 90 1.513879604629783993e+00 -5.726162175516870123e-01
121 90 1.223535784561047002e-01 -4.989837658267358422e-02
122 90 -6.180563572587185472e-01 6.746450125033174317e-01
123 90 -7.747275723649537094e-01 4.373538092521473963e-01
124 90 -1.046203211741546513e+00 -2.825191100516538101e-01
125 90 -4.080621008363894964e-01 3.214500123515504626e-01
126 90 -2.438269066833971266e-01 6.138017331165792623e-01
127 90 -1.741087665562549347e+00 -7.999543655764146388e-01
128 90 -7.821532622386806466e-01 -7.611503730183006855e-01
129 90 4.671626646004081729e-01 -3.636522572059344705e-01
130 90 -2.059814730676071681e-01 -8.385852373644002711e-01
131 90 -6.648186548249809258e-01 4.257604760384141318e-02
132 90 -3.555970514834477791e-02 -9.162525305899402173e-02
133 90 5.305643789861571591e-01 -2.794751284906386024e-01
134 90 -1.201250357580856826e-01 2.650562906478514114e-01
135 90 -6.117698483398938958e-01 4.280960705091940155e-01
136 90 -1.040369194418083176e-01 -4.149429743205092502e-01
137 90 -6.000449736834606584e-01 -4.641054376425535200e-01
138 90 -6.380045826908400386e-01 -2.239871096785211457e-01
139 90 1.797517296096845796e-01 3.489896175058995742e-02
140 90 5.572819310180886498e-01 -4.633448220816956953e-01
141 90 7.348524502185216356e-01 2.098295615615669574e-01
142 90 5.104297408133230407e-01 1.525725297097933753e-01
143 90 3.339789179905258698e-01 -3.249075691113032516e-01
144 90 -6.365937617555816885e-01 -4.379848032047840012e-01
145 90 -1.292598485921489404e+00 2.764055669493136191e-01
146 90 -1.061830622117107881e+00 -4.059139971594742935e-01
147 90 -1.647329249780724869e-01 -7.218818796172374874e-01
148 90 3.695260018063091234e-01 4.728215181372643627e-01
149 90 7.633844596760276380e-01 2.083745927591495739e-01
150 90 7.681712612859993294e-01 -4.840872389835838008e-01
91 91 1.612683757240064575e-02 5.738393918129095495e-01
92 91 -5.583599364600605464e-01 -1.571632411938853169e+00
93 91 -2.090437924370451006e-01 -1.313232070824512210e+00
94 91 1.166100244012558074e+00 1.360323694812987760e+00
95 91 -6.630839553270828635e-02 1.289134106034880989e-01
96 91 -4.454328806248943062e-03 -1.326207609788808695e+00
97 91 -8.749637591840998541e-01 -3.221869213128240039e-01
98 91 8.850332837975830591e-01 -7.687364230554611932e-01
99 91 -1.394656444063161471e+00 -8.656727690026944089e-01
100 91 -2.673962151937822607e-01 9.514458491891922831e-01
101 91 -9.103390914578435300e-02 -7.283619540320352970e-01
102 91 -3.613064929052796637e-01 -1.042566063224599437e+00
103 91 -8.941119444666175697e-01 2.614584450810716110e+00
104 91 2.358154397650910283e+00 -1.268273309279363215e+00
105 91 -3.792645852276674834e-01 -2.972645590467432042e-01
106 91 3.362634900810281269e-01 3.537804865798719334e-01
107 91 -2.970210626752879390e-01 1.233097437068386704e+00
108 91 9.658352572908813771e-01 -1.672151366844810250e+00
109 91 -4.161214796380284797e-01 8.012698333250714011e-01
110 91 1.712803908398863595e-01 -9.914692730300752599e-01
111 91 -7.477454066658625886e-02 5.563995412922577710e-01
112 91 -1.831941560594634033e-01 -6.668785067087130702e-01
113 91 1.708945262788877706e+00 6.181094718507911256e-01
114 91 1.838415055926719832e+00 1.053418079202094848e+00
115 91 -9.196516061168968914e-01 -4.550173939158900227e-01
116 91 -8.352382437801519899e-01 -5.090828598543832850e-01
117 91 5.605277190557845790e-01 -7.754627735147430201e-01
118 91 3.016694510302846410e-01 -5.097429255393525205e-01
119 91 5.026129783408500584e-01 9.407322206961550304e-01
120 91 1.090975451334192714e+00 -9.123386888892774660e-02
121 91 1.500467084191643652e+00 -1.041520546111147638e+00
122 91 -3.642370407016494727e-01 6.407482794590245723e-01
123 91 3.675214810637643104e-01 3.882776410659940503e-01
124 91 2.741352478627409051e-01 -1.276330340198854330e-01
125 91 -1.014717376159518514e+00 -6.484810199200085057e-01
126 91 3.060709695450709172e-03 -2.667734235421580502e-01
127 91 1.004922580806155041e+00 -8.858305260160628802e-02
128 91 -9.945065039034382826e-03 4.478456282945365574e-01
129 91 3.587578707449526894e-01 -7.605047520987115450e-02
130 91 1.058682651833281918e+00 -9.700529570669214063e-02
131 91 2.758535401267481757e-01 -3.337668951309236132e-02
132 91 -1.211435078922900921e+00 2.000531850621786734e-01
133 91 -1.079735430134841190e+00 -3.472385405937046809e-01
134 91 4.479333248166257608e-02 -7.308294243631500153e-01
135 91 3.244413686067452174e-01 5.714440912422158458e-02
136 91 3.855584808904258254e-01 4.834532072310799844e-01
137 91 -4.066267049280727353e-01 -5.987065569676116583e-01
138 91 -2.708395172115442007e-01 -4.835003602907709253e-01
139 91 -4.859544107038433203e-01 1.009484699249537099e-01
140 91 2.113497633148749000e-01 8.245877161368994068e-01
141 91 1.649826143832363312e-01 8.682915389351127944e-01
142 91 8.728727064849216566e-01 2.559146381805473824e-01
143 91 7.335368648538829195e-01 -1.231003061434006729e-01
144 91 -4.227200583620808749e-01 -3.464361886866232920e-01
145 91 -1.960617185602052392e-01 1.920467802843093819e-01
146 91 1.045678673418467985e+00 -7.276125368017877237e-02
147 91 3.155049799458893856e-01 -6.428285969897488128e-01
148 91 -1.136585240854362938e-01 8.701549932538156507e-02
149 91 -2.053445467927914742e-02 8.656997865484552523e-01
150 91 9.641931702497963386e-02 2.017441135964867238e-01
92 92 6.479033159981089085e-01 -1.218226366558935680e+00
93 92 -4.057165162558472593e-01 2.176386751899587468e-01
94 92 -2.539738577721491475e-01 9.872014981768675868e-02
95 92 1.603968464564696328e+00 -1.778647010685213137e-01
96 92 5.096510201531976314e-01 6.932537359940276200e-01
97 92 7.760091541338530463e-02 5.924601396864515035e-01
98 92 -1.365186164777026645e-01 1.148809472460164516e+00
99 92 8.525293644817665273e-01 -9.987232240478993717e-01
100 92 1.155154711940500789e+00 1.555335999165598393e+00
101 92 1.952059953477861542e-01 -2.381440252041953087e-01
102 92 -1.076039870677665267e+00 -1.689605379557867382e+00
103 92 -4.325804054988338643e-01 2.440146881532560819e-01
104 92 3.476810999572612637e-01 1.821992971971270192e+00
105 92 -5.505817120013023480e-01 -4.633010828502576728e-01
106 92 -2.709599342368647634e-01 1.293791559358463017e+00
107 92 4.865139510540313350e-01 -8.665731555809863540e-01
108 92 -4.961555784258540047e-01 1.290600805180683319e-01
109 92 -2.361705320824547538e+00 -4.830199778862093729e-01
110 92 3.155368132956133942e-01 1.511468106859344074e+00
111 92 -5.468195291994834561e-02 -3.427109415932021452e-01
112 92 1.554406495778316799e+00 1.575193033376348195e+00
113 92 1.259978913749706247e-03 1.145116642412087105e+00
114 92 1.334297991384519655e+00 9.847994891986117105e-01
115 92 -9.543790826920316162e-02 -8.427518920707490757e-01
116 92 -6.590786017244912864e-01 7.848787430063097759e-02
117 92 -6.677149388215531944e-01 4.109767707638584122e-01
118 92 1.562293461566037489e-01 -7.262510294270567712e-01
119 92 2.952061302481278626e-01 1.003733772651142359e-01
120 92 8.142230471553923987e-01 3.968471257453393131e-03
121 92 -2.492460113412639511e-01 7.465065959131783613e-01
122 92 -1.563942851505870202e+00 -1.036031372948982149e-01
123 92 -7.097771470754256073e-01 6.393965329342715664e-01
124 92 7.349261131016071591e-01 -4.284469339098984086e-01
125 92 5.997847032334491235e-01 -1.267310526437543938e+00
126 92 -1.847230985555596838e-01 -4.465917310692599784e-01
127 92 7.664744719034889409e-01 -1.277014671917336974e+00
128 92 1.057623490148035028e+00 -8.019898256392025138e-01
129 92 6.846501641853418585e-01 8.659209874336329937e-01
130 92 4.670996304368307817e-01 -2.555452974574630165e-01
131 92 5.687529636017409906e-01 -8.975790167694717159e-01
132 92 -6.057800058049715997e-01 -2.111051464591293947e-01
133 92 -1.716943954521427951e-01 -8.029625887928822925e-01
134 92 -3.441634155528404404e-02 -1.228879832470158862e+00
135 92 -2.548617281790789835e-01 -6.920620189799193689e-01
136 92 -1.948893908244428985e-01 -7.738463431638903378e-02
137 92 3.868671386348494501e-01 -4.698822217230098630e-01
138 92 1.180233389827278212e-01 -5.441417446381664469e-01
139 92 3.633816005286376327e-02 7.226191714455662551e-02
140 92 7.591651072704237446e-01 8.296152238582944483e-01
141 92 9.609356141425724473e-01 4.037416684224653940e-01
142 92 3.621923951187250856e-01 7.507479897773478017e-01
143 92 1.412900985756905814e-01 5.892739781256287612e-01
144 92 -2.906246007787193220e-01 5.200067847728928605e-01
145 92 -3.275642768572157859e-01 7.071571437570579599e-01
146 92 -1.966722686764179051e-01 8.038977883188007656e-01
147 92 -4.444747353561905728e-02 -2.255995919845220909e-01
148 92 -3.594507753774983660e-01 -6.194560862203905005e-01
149 92 -7.735398503161826644e-01 -3.238401945990518893e-01
150 92 -8.581854596167703964e-01 -3.555980754691783763e-01
93 93 4.075680762055812201e-01 -8.973296481836487981e-01
94 93 3.193790488156434959e-01 1.598162781619839823e+00
95 93 1.465129158330705561e+00 1.174293696510817497e+00
96 93 -2.026271991384426610e-02 -1.142258000555334885e+00
97 93 -4.737097758249546597e-01 -9.867171577174238539e-02
98 93 1.022871969428413852e+00 7.979183498761399651e-01
99 93 -6.742831506301066868e-01 1.277557359313868712e+00
100 93 -1.583607493762947183e+00 6.629488675866012093e-01
101 93 2.533079752868536261e+00 2.140873260857710569e+00
102 93 4.281274184393762949e-01 -2.112018390099913212e+00
103 93 -8.849049618799495476e-02 1.076554070418429543e-01
104 93 -5.907656087804583622e-01 7.747492780764301257e-01
105 93 6.297754656560214936e-01 -1.169685649419309748e+00
106 93 -2.322054991085499509e+00 2.244269386278139877e-01
107 93 3.404492430275679049e-01 1.206332698822994098e+00
108 93 -3.022921832298881561e-01 -1.422654443318677853e+00
109 93 3.693679857130230393e-01 -2.123163538600551514e-01
110 93 -2.158624301000748424e+00 1.189061258006909538e+00
111 93 8.301136855998043629e-01 -6.311234420544820090e-03
112 93 -9.719832123003349089e-01 2.366225875998182737e-01
113 93 9.945259746832116887e-01 -2.787852871620871142e-01
114 93 -3.051360875738689388e-02 1.122608347945960983e+00
115 93 -7.486095984674066006e-01 -9.708386226031517907e-01
116 93 -1.570301467822445840e+00 -1.132203082479918743e+00
117 93 2.309676199230694393e-01 6.098015028610588306e-01
118 93 7.541525923196367165e-01 9.324848057363930298e-01
119 93 -9.958219606744789232e-01 8.185098697040722460e-01
120 93 -1.578418991912551861e-01 2.117697363578146863e+00
121 93 -7.082081823879149418e-01 9.955975033942001673e-01
122 93 -7.757178600918259725e-01 5.982659887016765765e-01
123 93 -1.463009616559312498e+00 1.050088717469383814e+00
124 93 4.503020056734137189e-01 9.082977825932019300e-01
125 93 3.606477384824428034e-01 1.021092035653292651e-02
126 93 4.569352715356440053e-01 9.813144228683316414e-03
127 93 8.293927845612510952e-01 1.279387328808427593e-01
128 93 6.814067751340466272e-02 1.223292887451735006e-01
129 93 -6.837560646454716728e-01 -2.088878682119456598e-01
130 93 2.321791555650410399e-01 -7.039923154091447255e-02
131 93 -5.791799552753922331e-01 2.408898667761072421e-01
132 93 -8.105751125117549583e-01 2.610848990943116510e-01
133 93 -3.263722330220809598e-01 -4.077053430252616240e-01
134 93 -4.746345527175260814e-04 -1.565712672499439684e+00
135 93 7.275631702512005416e-01 -8.043794212922628084e-01
136 93 -1.943940165148101695e-01 -2.098424399521142403e-01
137 93 -5.380110370021257138e-01 -1.090079342839458176e+00
138 93 -2.242645374239607414e-02 -1.371211307657449252e+00
139 93 1.881753740339076053e-01 -4.627586486259447351e-01
140 93 1.714593186309714135e-01 -7.399815142035980342e-01
141 93 -1.475691089050741589e-01 -1.616835252480780527e-02
142 93 2.350284158451661221e-02 5.885913304273922009e-01
143 93 4.393587113886863738e-01 7.839991632549530021e-01
144 93 -5.232547133433225195e-01 7.037847570253866203e-02
145 93 -6.679138914500262758e-02 1.230885900162719676e-01
146 93 8.568322806315058493e-01 1.175471325359556785e+00
147 93 8.051340948667219388e-01 3.272341395649578377e-01
148 93 -6.291036712802462461e-01 -1.234842202128201283e+00
149 93 -2.506091169646893491e-01 -5.624517561314258396e-01
150 93 4.306934744083779076e-01 -7.191614524337563985e-01
94 94 -9.269181211269734710e-01 2.545568338124004626e-02
95 94 1.471377327829497261e+00 7.500736613187921620e-01
96 94 1.598030181456564724e+00 7.137260895344373912e-01
97 94 -1.595082491606919062e+00 -2.338344195720658963e-02
98 94 -1.507795543807330385e-01 -7.859081291011463799e-01
99 94 8.389752795463321922e-02 -5.203705389930636249e-01
100 94 -1.469514592719330714e+00 -6.274874610327384472e-01
101 94 -1.833774406959221226e+00 1.196523201459696928e+00
102 94 4.980817411872106026e-01 3.666997233492225172e-02
103 94 -1.010946330616052435e+00 -7.600488105952135642e-01
104 94 1.248087350842673748e+00 1.572122177307373025e+00
105 94 2.919625262669295340e-01 -3.006579276479564022e-01
106 94 -6.415995978687676349e-01 -2.658308389826322671e+00
107 94 8.529892764190646903e-02 1.115442036374351575e+00
108 94 1.139293656597287319e+00 -8.513356467958753671e-01
109 94 -1.287807092626663374e+00 7.596525702129874880e-02
110 94 -4.576205415730744130e-01 -2.838684297935236134e-01
111 94 7.320921073636131871e-01 9.573817632897689833e-01
112 94 -4.599898779104976687e-01 -1.782924923383793825e+00
113 94 -1.624776859189554390e+00 -4.116046113441219900e-03
114 94 -1.197126476931628547e+00 -1.500282684000096900e+00
115 94 2.197863361194543896e-01 -3.847270531990348852e-01
116 94 -9.867225027865167419e-01 4.313804586211537617e-01
117 94 -1.292670513031133783e+00 1.115922185985193771e+00
118 94 1.073068201807442446e+00 -2.848936025266203265e-01
119 94 1.693617878254364273e-01 -6.217446036081322180e-01
120 94 -6.814249493063673224e-01 -1.237898296016101823e-01
121 94 -1.105128879358584948e+00 3.004001003723034691e-01
122 94 -2.084820607786832980e+00 -7.736876163880135326e-01
123 94 1.191458176556194071e-01 -7.709107571282443061e-01
124 94 4.194454232950279304e-01 3.409172863478926452e-01
125 94 1.141979678102983953e-01 -8.149287215454871225e-01
126 94 -5.209378483701945228e-01 1.328895031845857444e+00
127 94 -6.612031573571894860e-01 1.374944662962020558e+00
128 94 9.313104851811886409e-01 1.121577144674286597e+00
129 94 -2.893259569585585611e-01 1.034798132800548442e+00
130 94 -3.538292818712721610e-01 6.950176227220803415e-01
131 94 4.989027245879917860e-01 -8.107838506460529615e-01
132 94 -1.154758569408634583e-01 -2.918346760815734298e-01
133 94 4.294508547707304169e-02 7.049744877974293278e-01
134 94 5.587015963064474455e-01 6.724401344121859747e-01
135 94 -2.837260001387086755e-02 -9.772206144447407317e-01
136 94 3.082392756605259465e-01 -7.084650177289535389e-01
137 94 6.733523913157681839e-01 -2.898063236280462585e-01
138 94 2.176163938613642768e-01 -8.169514486847466728e-01
139 94 4.378660505419471050e-02 -4.135916013064970254e-01
140 94 6.599813652417321208e-01 -2.878913309819849942e-02
141 94 1.864426329122580994e-01 -6.938331341253772822e-02
142 94 -5.989144095785718935e-01 1.122518633475889094e-01
143 94 -1.605596462389328849e+00 6.997055485926234608e-01
144 94 -6.063460094789570043e-01 4.865383001943530683e-01
145 94 -2.773110838886331253e-01 4.280516003885236342e-01
146 94 -2.596185494356706425e-02 2.614475477642433376e-01
147 94 8.445809244014718109e-02 1.315767985565915732e-01
148 94 -1.868957899996072092e-01 2.359682357792744489e-01
149 94 -6.726069071081121342e-02 4.970714649142163322e-01
150 94 9.137793844445383229e-01 5.834793813491337966e-01
95 95 2.088370548397184279e-01 1.933563886426911682e-01
96 95 2.173066466415662090e-01 -6.739813489652006773e-01
97 95 4.183095245014757380e-01 -2.453019426705380091e-03
98 95 -1.104744090385936905e+00 1.510860122170133657e+00
99 95 5.169109657251746981e-02 2.368326511915390398e-01
100 95 1.272471034004246104e-01 -1.058498198998824025e+00
101 95 -5.278234659676226403e-01 -1.600088120201065056e+00
102 95 7.785311488042873096e-01 4.798177875866603270e-01
103 95 -1.555896856450868171e+00 -5.948432108421956022e-01
104 95 -1.631324541269846939e+00 9.036665858359638204e-01
105 95 1.589287934205887876e+00 1.498504060573638830e-01
106 95 -3.212543347848681452e-02 -5.739334623492898801e-01
107 95 -9.641446925519551181e-01 -1.594732326204638673e-01
108 95 1.575096388734585906e+00 1.101418033167329114e+00
109 95 -2.863137115391608534e-01 -7.046597369145588541e-01
110 95 -9.236153713465602433e-01 8.678733797774568215e-01
111 95 -1.020539399460735464e+00 -1.551659063530256288e+00
112 95 7.974470481263277177e-01 -5.573255276175654860e-01
113 95 -1.638736499907615274e+00 -1.161469321030319968e+00
114 95 2.079411364374159354e-01 -3.833144661705165102e-01
115 95 -1.621860973242983839e+00 -4.983360657260650917e-01
116 95 9.321751305006962252e-01 -1.188875124022541890e-01
117 95 -2.122223868386084455e-01 1.571545838853450450e+00
118 95 7.431420538308175505e-01 9.123221969896125882e-01
119 95 -4.613105044367292185e-01 -8.494858022025923994e-01
120 95 -1.082659321500557548e+00 -1.253844270238340330e+00
121 95 -1.650873441456951474e-02 -8.626738122194066438e-01
122 95 7.290109724894633381e-02 -1.613315264560948981e+00
123 95 -5.377642015650845320e-01 -8.620452023642448669e-01
124 95 5.398810005893061037e-01 -1.046063699351697185e+00
125 95 7.720427222715543492e-01 -1.018458040387682395e+00
126 95 -1.171830602921547948e+00 -8.302695701551979779e-01
127 95 -1.336888997077911201e+00 1.523048160233605897e+00
128 95 -1.079127253458889601e+00 9.740353946775961447e-01
129 95 -8.910276684475695319e-01 -7.689123823782861855e-01
130 95 4.965839387746326938e-01 7.378185606788094653e-01
131 95 3.000682306204273120e-01 2.500143649262134282e-01
132 95 -8.209761689245427541e-02 -1.069293738433759966e+00
133 95 8.044676134558437219e-01 -5.009252091096871862e-01
134 95 5.763168975224188806e-01 -1.847120621835620091e-01
135 95 1.770125330978990219e-01 -4.980428989103062309e-01
136 95 -1.372741932458332315e-01 -2.768178208415706387e-01
137 95 8.938714693143924306e-01 -6.643410445940359788e-01
138 95 1.053733596192207411e+00 -6.226911503935870229e-01
139 95 3.516209330708931491e-01 -8.428811513845688719e-01
140 95 4.415482447886462936e-01 -1.623823355905859300e-01
141 95 9.154563996387199420e-01 5.159649988452986308e-02
142 95 1.356040255127472227e-01 -1.930367566790288855e-03
143 95 -6.837130117191038137e-01 2.138272079557812788e-01
144 95 -6.899155199308242281e-01 -9.923486301629477757e-02
145 95 -2.632440559679817271e-01 -4.694678004733639498e-01
146 95 3.113811308568543157e-01 6.891872316756161299e-01
147 95 3.923559862372422158e-01 3.304158833913884430e-01
148 95 7.820974491846184595e-02 -1.632265675013789830e-01
149 95 -1.053115547668730612e+00 -8.502744961562100356e-03
150 95 -3.859895584917385492e-01 8.665714606093198880e-01
96 96 1.297469143691741600e+00 2.399751642791141670e-01
97 96 -1.390015962458001963e+00 -1.153312173979754940e+00
98 96 -1.343282982653192903e+00 7.066396658831470834e-01
99 96 2.677057967448041517e-02 8.425901350184036298e-01
100 96 4.323000329954752585e-01 -1.237600800579541360e-02
101 96 5.582551819799843607e-01 1.330713312257883363e+00
102 96 6.111406433288968376e-02 -9.985650935504903902e-01
103 96 2.005563843793482626e+00 -7.041434938399119270e-01
104 96 -2.189893593092008484e+00 7.693950977808771130e-01
105 96 7.004989546442255133e-01 1.120457760696660143e+00
106 96 4.752864484418481972e-01 -1.350493932294512200e+00
107 96 -1.333049132796688685e-01 -8.256761133885133219e-01
108 96 -2.558133227513852970e-01 1.982098253520979014e+00
109 96 5.236193429939299815e-01 -9.004822349259384850e-01
110 96 -1.900842018449250270e+00 1.086575016023407364e-01
111 96 1.164503581657949205e+00 9.066850846841884026e-01
112 96 -5.803151501613497132e-01 -1.531036672990015779e+00
113 96 -2.124578828500931493e-01 -1.739567928099036820e+00
114 96 -9.774662676976564324e-02 8.259707221416446865e-01
115 96 2.330236260622677413e+00 -1.203681205207767668e+00
116 96 2.082553246954228776e-01 6.925705157721260274e-01
117 96 -1.036994697531269605e+00 -9.576001119958404972e-01
118 96 4.236483830187511845e-01 1.622515286988248095e-01
119 96 1.118095302659550816e+00 -1.249744495532501221e+00
120 96 -1.276440366851803399e+00 -7.584345120237343529e-01
121 96 -8.286868718610633788e-01 2.880326898956186640e-02
122 96 1.343799809887259888e+00 -6.352524770492713468e-01
123 96 1.170727817758044909e+00 3.538973794915867832e-01
124 96 1.020002311505150860e+00 1.128799795806474160e+00
125 96 3.133443554207829274e-01 4.577321008131265967e-01
126 96 3.444004128291073275e-01 -5.221610026368979085e-01
127 96 -1.280739539417433015e+00 -4.915489633944340048e-02
128 96 3.396955979525132507e-01 2.090028521046222443e-01
129 96 -7.808318123125131960e-01 -8.154200513416305363e-01
130 96 -1.342358241079390169e+00 -1.230643696821659416e+00
131 96 -5.468109089772875686e-01 -4.536565587599617477e-01
132 96 3.765687396446057988e-01 -3.485134145781372261e-01
133 96 -1.368477199744968509e-01 5.221289261726974607e-01
134 96 2.697599870105705788e-01 7.728294089237995879e-01
135 96 -5.642970459636160729e-01 -2.329679682997972123e-01
136 96 -8.750099034356012551e-01 -8.201985064428195527e-01
137 96 1.031523399343367564e-01 5.706775201370695161e-01
138 96 4.514177107259537136e-02 7.573641069790839619e-01
139 96 2.032129948562070576e-01 -3.440391497552277578e-01
140 96 7.398694409906678704e-01 -4.729008199308107896e-01
141 96 7.880252269048951819e-01 -2.910602984213684907e-01
142 96 -6.552724969784110010e-02 -4.842343533760292695e-01
143 96 6.083632991475034640e-02 -5.529540974284206101e-01
144 96 1.911145186116883221e-01 -1.115431092655075673e+00
145 96 2.732438631754185443e-01 -7.747051052877407251e-01
146 96 -3.685420460967301359e-01 -5.149548995694426257e-01
147 96 2.745408827033414267e-01 -1.824316281463382872e-01
148 96 2.335060943539187250e-01 4.122074327998674348e-01
149 96 -3.432295261545120768e-01 5.481407888963849562e-01
150 96 1.413881224391385083e-01 4.684961512315279908e-01
97 97 7.016306196542712037e-01 -4.967157935285168024e-01
98 97 -1.575061231013409557e+00 4.248535905935582613e-01
99 97 -9.811666364700286636e-01 7.893649741020761779e-01
100 97 4.282007448731023347e-01 -1.201314441683448697e+00
101 97 7.418126528207222847e-01 -2.667780254321383548e-02
102 97 6.684476780194377188e-01 1.066189028117376925e+00
103 97 2.418505487636092854e-01 -2.316773640084755503e-01
104 97 2.257978799377036994e-01 -1.265225611373173908e+00
105 97 -4.842747380567230531e-02 8.373809939959988569e-01
106 97 2.160318108264734249e+00 1.203044048707568522e-02
107 97 -1.442413619594203888e+00 -1.412121323201061540e-01
108 97 2.239424821481539041e-01 7.768004960002480863e-02
109 97 1.287406866788064042e+00 3.987763550571672422e-01
110 97 -6.754862489965249850e-01 -2.152158515856103183e+00
111 97 -2.827392626989050362e-01 1.546281754442363265e+00
112 97 8.764153728800835319e-01 -6.551721040936727691e-01
113 97 1.935407879457311520e-01 -6.844591952439385008e-01
114 97 -3.482166081526283929e-01 2.638059872232524639e-02
115 97 1.198605598434751229e+00 1.358350947659378027e+00
116 97 7.588615669009897147e-01 -1.624284619416054287e+00
117 97 7.657421169154412510e-01 3.077569915692379143e-01
118 97 -1.318728681723755347e+00 -1.427392035626669164e+00
119 97 -4.534929445736333165e-01 -1.197060356093749611e+00
120 97 4.268915689774275407e-02 -1.683608239109404714e+00
121 97 1.075436767853416020e-02 7.213235398379105323e-01
122 97 8.575694719660247323e-01 -9.373181138090642961e-02
123 97 7.629404490646330972e-01 -2.490537322272640408e-01
124 97 -7.741048477354105228e-02 6.737273822357325859e-01
125 97 7.754235600378602822e-01 5.908102341163911086e-01
126 97 -3.357632302772494692e-01 9.466150509413651104e-01
127 97 -3.438881622397845783e-01 -4.784226438225427369e-01
128 97 7.633533603394589973e-01 3.658283996344397493e-01
129 97 5.950829917116016166e-01 -1.263630674188095604e+00
130 97 3.245270924698379078e-01 -1.037380356182237673e+00
131 97 -1.554000700611136709e+00 5.802044825569122599e-01
132 97 -7.940053792610488395e-03 -2.598339673165761532e-01
133 97 3.665583094625085581e-03 -1.692759616314272741e-01
134 97 2.435764607867953457e-01 1.106134585105422063e+00
135 97 4.190000846362261222e-01 3.162604150985436346e-01
136 97 -4.046522367083684180e-01 -2.618263240737954689e-01
137 97 -1.146520580734406158e-01 -5.615168701497855741e-01
138 97 1.164851496009237986e+00 7.259565742937869326e-02
139 97 -1.594068419159199723e-01 2.245711453161060855e-01
140 97 -2.877346832480658922e-01 8.710660122535324179e-02
141 97 5.853271957606765996e-01 4.745709329345186300e-01
142 97 3.816864734651493896e-01 2.616741580540300482e-01
143 97 -6.049684845826450164e-02 1.445647815365931899e-01
144 97 2.657290494822616700e-01 3.289350192703887482e-02
145 97 5.324262429679669228e-01 -4.147093937750765957e-01
146 97 2.190002818705187038e-01 -4.174903242672478032e-01
147 97 -2.471339245470829393e-01 3.383265783727267273e-01
148 97 1.087817595675638627e-01 -5.701528407969830986e-02
149 97 -3.062921578124485067e-01 1.289309964047218315e-01
150 97 -5.774449397058560862e-01 2.434644327176543888e-01
98 98 -4.049655168703922281e-02 -1.395822623168621046e-01
99 98 -3.264076515451077576e-01 3.909790215349570608e-01
100 98 7.182958430647481407e-01 8.558490004561225550e-01
101 98 -5.323895192530871956e-01 -1.113110947896681857e+00
102 98 -7.254475601192487133e-01 -3.665617756524354176e-01
103 98 1.065104657398938226e+00 2.104946930464444976e-02
104 98 -2.984248088164202506e-01 4.094610865538745315e-01
105 98 -1.721922814892386189e+00 -3.692145910348881288e-01
106 98 1.019310224643140028e+00 1.886079968925654105e-01
107 98 -1.669859651281165730e-02 -1.065433117979226241e+00
108 98 -2.036502129377178782e+00 1.526359255545171045e+00
109 98 1.039464198133469991e-01 2.842443033126770824e-01
110 98 1.500735100250990772e+00 8.920613804591626117e-02
111 98 3.973211151752290005e-02 5.175498515173678760e-01
112 98 5.363553782958798699e-01 1.175768322700715629e+00
113 98 -8.239764537243670084e-01 -1.978303821789251904e+00
114 98 1.885193063335366681e-01 -2.264185385974504250e-04
115 98 -9.900414680554778801e-01 1.179114044441702758e+00
116 98 3.655962000137255585e-01 -1.980839274275688067e-01
117 98 -1.636566168801496080e+00 9.813009684586067316e-02
118 98 1.049379896132608181e+00 -3.836343907266078213e-01
119 98 3.389485627977287252e-01 1.031349189057727767e+00
120 98 4.786302757321888035e-01 -6.666449846143925884e-01
121 98 -3.207215803988408553e-01 3.781621657678414516e-01
122 98 1.211273150575606472e+00 8.362419668152643037e-01
123 98 1.434435671929621625e+00 -2.024800162388133429e-01
124 98 -2.170738341885375955e-01 -5.492463271980857487e-03
125 98 -7.662234501410409848e-01 -2.001037747448626281e-01
126 98 -8.559089395304424475e-01 -1.037721116927718512e+00
127 98 -5.744406694878062547e-01 2.257133759991937216e-01
128 98 2.663405653734173262e-01 9.231102356418280364e-02
129 98 7.500107164239885327e-01 5.716862918987350994e-01
130 98 -6.185078368310468200e-01 -1.875468240199387737e-01
131 98 9.788446258539232336e-02 -2.375554530904285810e-01
132 98 3.599359787149676304e-01 6.069272628659952984e-01
133 98 -9.690977271318852448e-01 4.640195491884985257e-01
134 98 -2.867342190389460810e-01 -1.015195570072909559e-01
135 98 1.810361676475594483e-01 -3.825056322263004072e-01
136 98 2.922249740251731676e-01 -5.670360905030696896e-01
137 98 6.943216083235430602e-01 -3.128130434120113268e-01
138 98 9.008247773679566306e-01 -6.311993769233519291e-01
139 98 1.438249114453000743e+00 -1.388339918330474099e+00
140 98 4.783698182649875341e-01 -4.846028472244876539e-01
141 98 1.304747414934533389e-01 -3.116988372821044573e-01
142 98 5.491320440300154759e-01 -4.809236604214627842e-01
143 98 -6.860675929985945998e-02 -5.582529419199585563e-01
144 98 8.413593053797657761e-02 6.071464975812208842e-02
145 98 4.769690422763808724e-01 1.525231942723982194e-02
146 98 2.550383901553116006e-01 -2.336086097224914782e-01
147 98 5.665474980701051821e-01 -1.071648292563131682e-01
148 98 7.476784980495921884e-01 6.699426568707858021e-01
149 98 4.249564875667669606e-01 2.569540477181093130e-01
150 98 4.621377203505979692e-01 4.784807773595324276e-01
99 99 1.329475697443108229e-01 7.701141205077027818e-01
100 99 1.239393398184831296e+00 -5.036585804263772337e-01
101 99 4.170841594764013172e-02 -4.646460592329638706e-01
102 99 -1.068859704806268018e+00 1.945809834499468982e-01
103 99 -7.161612346125584283e-01 -1.036727927958551593e-01
104 99 -7.852348168497830239e-01 3.849417294370082177e-01
105 99 7.938534216865648085e-01 5.725037529702078354e-01
106 99 -6.735448800636909539e-01 1.720633144932425251e+00
107 99 2.958754341626775863e-01 -7.139046477248035538e-01
108 99 -2.221258891302286820e+00 -9.374706931192691162e-01
109 99 3.309906020676063876e-01 6.794190592740475543e-01
110 99 4.922159977737959324e-01 -3.165026780456849376e-01
111 99 -1.513225474393856018e+00 5.504398400630633459e-02
112 99 3.530803509723397932e-02 2.359783036050700833e+00
113 99 3.631389435614256200e-01 -8.957847256896244170e-01
114 99 -1.855120907436156985e+00 -2.896166165110328206e-01
115 99 1.011246102887064069e+00 -2.238172582129489552e-01
116 99 -3.992522724688284952e-01 -1.737356270052596852e-01
117 99 -3.961679568449218980e-01 -1.410540148697420504e+00
118 99 -1.079215093255933011e+00 1.609809303402813807e+00
119 99 -9.980347258134061872e-02 -6.450731752715302969e-01
120 99 1.212849249109974048e+00 9.422652185941964298e-01
121 99 5.567005525461160564e-01 1.106570267624814141e+00
122 99 5.905784354370922085e-01 1.506603914005169020e+00
123 99 5.337029023688970586e-01 -3.725234945278713683e-01
124 99 -1.671643767025763477e-02 -2.795405684259434920e-01
125 99 4.783955076225615000e-01 1.382764566778268422e+00
126 99 1.899463982180080168e-01 1.652783940290125098e-01
127 99 -5.067088559692745076e-01 -8.601659016315064132e-01
128 99 2.195418256863163331e-01 5.936734111324719620e-01
129 99 5.438929847423863428e-01 7.883992509087905942e-01
130 99 4.165023791349298232e-01 -2.982700847666618776e-03
131 99 -1.991153458728148751e+00 1.145534418994969217e+00
132 99 2.878888533955993867e-01 -4.812266877204470217e-01
133 99 7.376253223333237852e-01 -8.729986182382261095e-01
134 99 -7.141017398433565644e-01 -1.220716543909343033e+00
135 99 -8.352498456637160729e-01 -4.204068804623847799e-01
136 99 -8.629548025262206989e-01 -5.823757478738733617e-01
137 99 -1.029068108972196249e+00 6.043090913346153836e-02
138 99 1.963388254478253825e-01 4.832280406131964634e-01
139 99 4.558524817708005106e-01 5.233347133171469823e-01
140 99 -3.459252825893537331e-01 2.622332694173942769e-01
141 99 -1.779565933586654269e-01 2.769138836996279940e-01
142 99 3.416080325293356368e-01 -3.825072952065603493e-01
143 99 6.720968330732302043e-01 -6.906329318871754497e-01
144 99 7.573416682008300704e-02 -9.083742264442297154e-01
145 99 1.554169292367207911e-01 -1.005618172522819931e+00
146 99 1.384322904493396622e-01 -2.813378854882837010e-01
147 99 2.896149300748605548e-01 4.554066216576496684e-02
148 99 1.887504823108184793e-01 -1.910447524425450960e-01
149 99 2.970747876353248551e-01 -4.319651328368919740e-01
150 99 -1.957671965841111805e-01 4.207599470344227655e-01
100 100 9.985729585040330480e-01 1.061404288212731029e+00
101 100 -8.528212089310009680e-02 -1.035885595244865787e+00
102 100 -4.774370594036615456e-01 -1.712585038357534728e+00
103 100 3.963115032217178202e-01 4.850541350902680682e-01
104 100 -6.289605513867155828e-01 3.843409009653162012e-01
105 100 -1.114450335052258989e+00 2.028834213425312061e-01
106 100 1.324938522704567134e+00 -1.612902871443882280e-01
107 100 1.019479694611953535e+00 9.697908993707057279e-01
108 100 4.746970028473218584e-02 -9.734997775612681536e-01
109 100 -8.353980748556343316e-01 -1.682347148478390841e-01
110 100 1.637047734589229142e+00 -7.317821015643378724e-01
111 100 3.347743104012316229e-01 -1.749815336636456886e-01
112 100 -1.129771604366160975e+00 -3.297777224356371883e-01
113 100 9.004634232137400662e-01 2.866301070622785385e-01
114 100 -1.711007236687862809e+00 -8.564839557159982242e-01
115 100 -8.208208150882115306e-02 8.872246313846521293e-01
116 100 1.715832309352812945e+00 -5.221624887707649876e-01
117 100 2.136107040617728214e-01 -1.573405825724576657e+00
118 100 -4.664760561305552611e-01 -6.344135089510455350e-01
119 100 1.429014338904504466e+00 1.174763251803941921e+00
120 100 -1.776571329092747176e+00 -1.157714102959801705e+00
121 100 5.604872445978777984e-01 -1.320585488802707097e+00
122 100 -1.128317320641357702e+00 -1.215263369646883140e-01
123 100 2.093701627047531155e-01 8.128221183943474815e-01
124 100 -1.668193173058311052e+00 -1.229790886243587122e+00
125 100 -7.065345200395816150e-01 -6.412768620171016565e-02
126 100 8.119925173520928796e-01 1.123933752973776512e+00
127 100 1.059963537925316057e+00 6.216527187780518382e-01
128 100 4.654706338436950808e-01 5.879511603321909696e-01
129 100 -3.100672651127548418e-01 -5.508085484257475573e-01
130 100 1.395967898667559992e-01 -1.723495045353711230e-01
131 100 -7.809363711860233259e-01 -3.899718939718960775e-01
132 100 -1.905407680686496685e-01 9.963344875872974793e-01
133 100 -2.395834685323344482e-01 -2.902946239798391836e-01
134 100 -1.935710766896836244e-01 -1.816646329628639700e+00
135 100 7.071512677202171360e-03 -2.096894990545067339e-01
136 100 5.442879470632995265e-01 -7.746233409705525208e-01
137 100 -1.141811325997774018e+00 -3.773175844035909776e-01
138 100 -1.005528039807286778e+00 4.806917032312394977e-01
139 100 1.913581943430282817e-01 -2.148494728722697145e-01
140 100 1.491956440361645597e-01 5.471587844271588175e-01
141 100 -8.979411328007788073e-01 1.232314023565894701e+00
142 100 2.738299626826648514e-01 2.841429927496253449e-01
143 100 9.649425044213487679e-01 1.737220761606486086e-01
144 100 7.246858876216917267e-01 7.151130724909968706e-01
145 100 8.358664894884216823e-01 8.409518578059058669e-01
146 100 4.427957588634830466e-01 -2.206165901177671307e-01
147 100 -8.135568497529527265e-02 -2.436188439033251663e-01
148 100 -8.123176703158174750e-02 5.131014336790399311e-01
149 100 -3.377313656353140292e-01 3.163048684359789364e-01
150 100 -5.915070970691166385e-01 1.470100781334376938e-02
101 101 2.371079089762907488e-01 1.580343046789178807e-02
102 101 -8.048677393665429891e-01 -8.248737991908575706e-01
103 101 -7.667811323650709499e-01 6.289200475589928896e-02
104 101 1.255439256643895662e+00 -2.072373398021913893e-01
105 101 -4.998367991923696740e-02 -4.213047139311729694e-01
106 101 -2.443971989209723639e-01 1.371659722979797547e+00
107 101 -3.781931488687919618e-01 -1.225712710374990744e+00
108 101 9.871105629557950234e-01 -4.714847518793584547e-01
109 101 -1.756391067931513672e-01 8.408061131861955806e-01
110 101 1.005031987023932150e+00 1.309946698937941356e+00
111 101 -6.902932274334068197e-01 -9.907504504715598515e-01
112 101 3.057565543986251466e-02 1.573740600899601327e-01
113 101 6.963127164979521222e-01 8.312294705342516687e-01
114 101 1.311194545506727982e+00 -4.674197942212740542e-01
115 101 -2.250571533008355107e+00 -4.058754585036490337e-01
116 101 1.822007487331658071e+00 7.805283049636304593e-01
117 101 5.102783649911364350e-01 -4.605704510716504552e-02
118 101 -1.950885255434418597e-01 -5.283672709918038057e-01
119 101 8.060944887017973404e-02 4.818445331367604001e-01
120 101 1.122653588286448789e+00 -2.695565530109572117e-01
121 101 -7.887045387567668264e-01 2.945064955060603396e-01
122 101 -1.536425635140055770e-02 -1.695985273545736138e+00
123 101 -1.005487468576657800e-01 -2.609422447110175680e-01
124 101 2.805958171079020458e-02 -4.083006171951610308e-01
125 101 -1.008905666312079674e+00 -7.355449598405584821e-02
126 101 1.382387197983776239e-01 3.544989321443864361e-01
127 101 1.683796338129660286e-01 -1.602277116126896439e-01
128 101 -2.573304057131431954e-01 4.946518469986685429e-01
129 101 2.472355852071507765e-01 5.456140292293659710e-01
130 101 -3.989737759190399302e-01 -7.745407712434909664e-01
131 101 -5.230071531509703497e-01 -4.656509247954130348e-01
132 101 -9.026237171470954390e-01 -5.646371213585675841e-01
133 101 8.946865856084057489e-01 -1.041582784504058168e-02
134 101 4.810271751947744479e-01 7.501970570105666314e-02
135 101 -5.476686128603290848e-01 -1.715212221111706292e-01
136 101 1.212961692143270653e-01 6.070702581213027749e-01
137 101 9.661005463177830821e-01 4.154914704037007134e-01
138 101 7.871843863352643300e-01 -7.371724643602903804e-01
139 101 1.825772734810402476e-01 -1.265648274622994673e+00
140 101 6.585984698027555484e-03 -1.403687063327013540e+00
141 101 5.074194911427395427e-01 -4.350224514456413893e-01
142 101 5.363903586170685189e-01 6.328070344578816675e-01
143 101 6.113222323012159620e-01 -4.895135885929522424e-01
144 101 4.624296749061098666e-01 1.114616895844571243e-01
145 101 4.200890272742382470e-01 9.944444502627967086e-01
146 101 4.543189769796637245e-01 9.576163340300314353e-01
147 101 1.757084278954882950e-01 4.556690383541524558e-01
148 101 5.384871865666867041e-01 -1.179697799139189235e-01
149 101 6.469599390883262746e-01 -5.248172167912954489e-01
150 101 1.730796685845572558e-01 -2.002885357553029766e-01
102 102 -4.783067133700967810e-01 -8.677462032954350590e-01
103 102 1.501181101893987735e-01 8.925467446109043301e-01
104 102 -2.693067110190997537e-01 9.936477402113677027e-01
105 102 2.596284160377563266e-01 -8.695443082590696982e-01
106 102 3.310877757227986828e-01 -1.519509271208074885e-01
107 102 -3.966547231285555419e-01 1.798376483200968545e-01
108 102 -1.607738201258378963e+00 -7.549036156905962747e-01
109 102 -7.756545449181153629e-01 -7.459424611818547823e-02
110 102 -6.651642726975821596e-01 1.464113164960044289e+00
111 102 8.668238565917891769e-01 -2.032305598799193647e-01
112 102 -2.088045395331128429e+00 3.069186764311541138e-01
113 102 -2.079069945175814615e-01 1.548563529605929412e-01
114 102 -1.857173912110073877e-01 4.154741348620613617e-01
115 102 -1.307105925383023726e+00 7.027669150901915129e-01
116 102 2.432292469573550941e-01 9.750648742125997970e-01
117 102 9.330623586616335619e-01 -1.011211369732835985e+00
118 102 -8.262173341119497527e-01 8.975258213715188171e-01
119 102 -1.695881653972826086e-01 7.217478365526978079e-01
120 102 9.770443096884751100e-01 9.501355317692434799e-01
121 102 -1.053396970872195970e+00 -1.492781765718354192e+00
122 102 3.848775618960977862e-01 2.034737553962309153e+00
123 102 6.342339194436180660e-02 5.196041516278960826e-01
124 102 1.039344485989812217e+00 7.515164993952313521e-01
125 102 1.157309476762512057e+00 -3.076706063474927699e-01
126 102 1.228100174000426037e+00 7.494219151014119840e-01
127 102 9.100987256204099429e-01 5.872701988588224786e-01
128 102 -1.662496000856336975e+00 3.367258961357014191e-01
129 102 -1.223001171946183963e+00 2.594798817741854613e-01
130 102 4.251439397317609559e-01 2.633607438051089322e-01
131 102 -1.307797151364097910e-01 4.007472083935937346e-01
132 102 8.782799824058280524e-01 6.565140309635507654e-01
133 102 -7.228569758584160732e-02 4.175136144198292043e-01
134 102 3.318411704281845065e-01 -1.295626538079939216e+00
135 102 4.073100613045204654e-01 1.038159363465211316e+00
136 102 1.916361919512477585e-01 2.756867444173889958e-01
137 102 5.137471526669293853e-01 -4.748525952908622116e-01
138 102 -2.451183665653372812e-01 -7.692142445079199753e-01
139 102 8.940390281829253549e-01 -9.591298912880409366e-01
140 102 9.461609205228362907e-01 -1.400380309679567281e+00
141 102 -4.894882218171219268e-01 -6.751996487687698112e-01
142 102 -1.210100588539957112e-01 2.607915485819410351e-01
143 102 4.300471233589822084e-01 1.557822158584817596e-01
144 102 -2.051077768439111271e-01 -6.284702672928775824e-01
145 102 -2.703843660799373216e-01 5.946163753052893797e-02
146 102 -8.604950733293731391e-01 1.566479639170377247e-01
147 102 -1.705644418492267833e-01 -5.497104503748881932e-01
148 102 2.258530499304883810e-02 -1.266727102466563004e-01
149 102 2.919815680185895990e-01 -2.413298734379099864e-01
150 102 4.351008206172473081e-01 -4.787396425489793828e-01
103 103 -7.467011328346931931e-01 9.288929281333300203e-01
104 103 1.301460534307411931e+00 6.509978889118652745e-01
105 103 1.323182215919726845e+00 8.867433694602603333e-01
106 103 -8.225141775033154579e-01 -2.012854012602819653e-01
107 103 -1.551695954665208155e-01 -1.322434302172395548e-01
108 103 -6.283020787699325482e-02 -1.727212927352183236e+00
109 103 -9.025120908838246692e-01 6.831817009677649821e-01
110 103 -1.147795801526072745e+00 7.584214128252422249e-01
111 103 -6.421997156192802425e-01 2.451905455926799982e-01
112 103 7.398860118820285159e-01 -1.599201387657444462e+00
113 103 -5.752834701188620503e-01 1.109544560238030497e+00
114 103 1.673541396777353252e-01 -7.506550047861196839e-01
115 103 -3.657064501043058025e-01 -1.125758307965196048e+00
116 103 -1.589287641176090116e+00 4.207071555409166441e-01
117 103 1.166028284584208929e+00 -2.231069250740141952e-02
118 103 -9.097261201196324976e-01 -8.182755053815395918e-01
119 103 -9.118893065378046447e-01 1.137306456493252016e+00
120 103 7.287754179080869754e-01 4.641956884798075222e-01
121 103 5.446358744238342098e-01 1.887686712714791992e-01
122 103 -1.581564600480781513e+00 -4.581366330786718066e-01
123 103 8.872007863719690857e-01 -5.240221377537864766e-01
124 103 -8.275347538598777364e-01 1.133350643931002155e+00
125 103 1.559060812560193743e-01 5.236368183695592204e-01
126 103 -6.790643362826207508e-01 8.693596398375301737e-01
127 103 9.245218570268560754e-01 -5.502469061774064585e-01
128 103 -3.730946490114953051e-01 -5.119017359546319812e-02
129 103 -1.535586229276702186e+00 4.172088998525314008e-01
130 103 -5.140868328088560313e-01 1.265692680617064858e-01
131 103 -2.070914723821545567e-01 -5.557447121005067991e-01
132 103 2.641942436102423519e-01 1.910509176445893686e-01
133 103 5.175054132608583046e-01 1.187860207742873708e+00
134 103 2.426226421174133285e-01 5.084269445210818361e-01
135 103 -1.850326668434945088e+00 -6.211883397982237431e-01
136 103 -4.717284614671401477e-01 3.461999612544484628e-01
137 103 -5.688389976549215743e-02 1.275636805043664779e-01
138 103 -4.614780623331440901e-01 -5.932027764913653245e-01
139 103 -2.969651564373586572e-01 -2.512111424287108430e-01
140 103 4.011634725845392713e-01 -8.878960506725234181e-01
141 103 3.897381947881417563e-01 1.606183385108997386e-01
142 103 5.926668366855063486e-01 1.294452336357118316e+00
143 103 -2.880294587007253826e-01 3.821620974264506310e-01
144 103 -5.116199751305344767e-01 -8.193132149902627726e-01
145 103 -1.663196774868726246e-01 -1.865938887125840606e-01
146 103 6.426093960777612413e-01 3.170549393233177971e-01
147 103 3.705614408905553159e-01 -1.526616759494549835e-01
148 103 -5.640071942205449745e-02 -4.020907376966209590e-01
149 103 5.816039511023205488e-01 3.422713966848983658e-02
150 103 -1.465650216013039686e-01 1.034619295886036183e-01
104 104 -7.206757257591709376e-01 1.336286225177337084e+00
105 104 1.388247752855065853e+00 -2.730320166892080680e-01
106 104 3.062793227923940598e-01 2.087194776389782180e-01
107 104 -6.879629935226008186e-01 9.285169114098346110e-01
108 104 5.182647022970324757e-01 -2.355813362172442249e-01
109 104 -6.951032550141114097e-01 -1.435837061185874619e+00
110 104 1.212278901637448225e+00 1.653248071209407755e-01
111 104 4.185380183063343029e-01 7.284243265118445221e-01
112 104 -3.171688672012018539e-01 -5.514070233994513570e-01
113 104 -7.418068110106570412e-01 -3.764358354890980085e-02
114 104 1.378711534495722590e+00 1.290782463358717547e-01
115 104 4.916952842851059491e-01 -3.572431500890412837e-01
116 104 2.023059300591198706e-01 -1.381682031922090159e-01
117 104 4.474572711987880869e-01 5.173436169886569402e-01
118 104 6.802771736348742770e-01 -2.379963855227278824e+00
119 104 -2.154576181138780910e+00 1.057249300747389986e+00
120 104 4.192300478771311401e-01 4.546698244653329390e-01
121 104 8.851253946702366537e-01 -1.451794792788582145e-01
122 104 -3.296379753951855229e-01 1.504071201520835177e-01
123 104 -1.030648552615410551e+00 9.036018525366966703e-01
124 104 4.171155118942050932e-01 -1.887321112006808521e+00
125 104 -4.667234378699256503e-01 2.703403734126894609e-01
126 104 -1.545905179398719742e+00 1.215383233722820561e-01
127 104 -1.829536293207795650e+00 1.090676565864501457e+00
128 104 -5.692867206406129199e-01 -1.049129024435117241e+00
129 104 -7.394220745061510502e-01 -5.782061019603145224e-01
130 104 1.336400860599531448e-01 6.309172524702302831e-02
131 104 -2.438284605222896251e-01 -5.853541937495132519e-01
132 104 -6.495588498623772189e-01 -5.489297769980543418e-01
133 104 -3.356763015129802796e-01 -3.817185155504816407e-01
134 104 -6.695377052854977196e-01 -1.755715922320847944e-01
135 104 -3.785752687685993711e-01 -1.389045093275640408e-01
136 104 -1.605853312985038750e+00 -6.222508771905978231e-02
137 104 -3.927284679456339300e-01 -6.004332768429263556e-01
138 104 -1.260313472911034349e-02 -7.336112181726165415e-01
139 104 -5.215576593737876188e-01 2.935186192917983439e-01
140 104 3.483119001025556383e-01 1.765141090283875558e+00
141 104 3.960683214788448536e-01 7.823180349378907605e-01
142 104 2.655146725049333245e-01 4.518607360383786187e-01
143 104 4.215302632282028616e-01 6.856533467099964474e-01
144 104 -2.948942691930669380e-01 -2.047772120738567125e-01
145 104 -7.770970646144208516e-01 -1.131438899311360879e+00
146 104 6.271552842291242547e-01 -2.169104727089954110e-01
147 104 1.062472599585870592e+00 8.878970186648921237e-02
148 104 3.030918684469579016e-01 6.290930796376476009e-01
149 104 -4.336515696187040469e-02 2.429660946304502689e-01
150 104 1.497348810065944891e-01 2.810508935385121893e-02
105 105 8.308918420370585700e-01 -1.051313061862241272e-02
106 105 -7.904250636935425955e-01 -8.970935427762543046e-01
107 105 -1.432484477502614872e+00 -4.835932896439404383e-01
108 105 -1.410176526881954939e-01 8.020893529422312707e-01
109 105 2.727664760542533040e-01 5.139398157635366449e-02
110 105 -1.005147637182946641e+00 -2.170919609630111158e-01
111 105 1.502589517879971748e+00 -1.267290887387462206e+00
112 105 -1.878859903322385450e-01 -6.606934299372140273e-01
113 105 -1.565121813150650576e+00 -9.960337206940797494e-02
114 105 -2.163749129302506180e+00 1.157768856297988647e+00
115 105 -1.374978543185455260e-01 -1.472168470976226384e+00
116 105 -2.639226858125696684e-01 1.361653254895286214e+00
117 105 2.238140590571565669e-01 8.786851867282240436e-01
118 105 9.843144046200618114e-01 2.141074575570679206e-01
119 105 -8.425180628687605200e-01 -1.361430107716249616e+00
120 105 -2.286009890406374701e-01 1.197852023431882351e+00
121 105 -4.058375810080971924e-02 -4.822371335176734997e-01
122 105 -5.507312100204392324e-01 2.233501300030423797e-01
123 105 -1.124021069222817193e+00 1.276034500559266593e+00
124 105 8.309373358418301603e-01 6.661641135665147262e-01
125 105 -1.747337967572684114e+00 -3.445037707369046909e-01
126 105 4.927914794570819046e-01 1.148853625022947661e-01
127 105 -1.081098323030701414e+00 -1.024206678589166586e+00
128 105 -2.192972507744346267e-01 3.987896611662394286e-01
129 105 -4.212917873909236000e-01 -1.587262560249487753e-01
130 105 3.570433820863190832e-01 4.525485208314833363e-01
131 105 9.703971503428272527e-01 -1.206170255707145644e+00
132 105 1.426357345607306704e-01 -5.561555384626746257e-01
133 105 -7.332639389277887387e-01 6.380069448336258553e-01
134 105 -2.525499037738007657e-01 -4.144174389029099959e-01
135 105 -8.984631680063843717e-01 -2.741558086131833938e-01
136 105 2.222055295470836411e-01 -1.099762275891944530e+00
137 105 1.144908278636221022e+00 5.111393778107919950e-01
138 105 7.381745645747139761e-01 -1.179362151743292397e+00
139 105 8.306322187883629082e-01 -9.684627831301201306e-01
140 105 7.279146638983101381e-02 7.235495331760538607e-02
141 105 1.580937929748663789e-02 1.139655129313482257e-01
142 105 -4.642120065423696595e-01 6.352636635264401477e-01
143 105 -2.532415795178786233e-01 -1.208028709383537347e-01
144 105 4.866690477914428770e-02 -1.581606941465413252e+00
145 105 -9.315738602700285309e-01 -8.361171207052100485e-01
146 105 -2.789011366306612949e-01 4.313353123149326479e-03
147 105 1.147895731625791171e+00 2.325252536939504677e-01
148 105 -4.939512805317526623e-02 -1.235635900702720252e-01
149 105 -4.477780884556810670e-01 -1.529553363415050715e-01
150 105 -4.129577593135662639e-01 4.943558658833454578e-01
106 106 2.751188901101300210e-01 -4.588105962758601830e-01
107 106 -6.095501309513740029e-01 -2.963047815973954835e-01
108 106 -1.752732854568431309e+00 3.876956756089559586e-01
109 106 1.755446743294986622e-01 -4.119605497753640183e-02
110 106 -5.299368646464794330e-02 -3.267188041239047491e-01
111 106 8.142488143465100858e-01 1.288419039471327743e+00
112 106 4.752472114316846352e-01 -1.092852618610231863e+00
113 106 -6.851489236719597864e-01 -1.310237121642718217e+00
114 106 -8.926141157726452668e-01 -6.461982378436675889e-01
115 106 -3.187341208210207055e-01 1.011492001477951819e+00
116 106 -1.406378023969466096e+00 -2.137466871966616555e+00
117 106 -4.901212219177257801e-01 9.599323283292729991e-01
118 106 -2.106859030820519008e-01 -6.455456028033823568e-01
119 106 2.420931906631105801e-01 -6.476451364195066063e-01
120 106 -1.086893988377167775e+00 6.775872854898052910e-01
121 106 1.342330108558797752e+00 -1.262107748950421771e-01
122 106 -9.476603818409446989e-01 -1.382211616527984299e+00
123 106 -1.261674141697615825e+00 3.793314499099519344e-01
124 106 -7.197129884394890542e-01 8.203743098455423821e-01
125 106 5.253141652467093747e-01 -9.576391635829291094e-01
126 106 -1.614014153743777991e+00 9.477638332963052303e-02
127 106 1.101661968420468013e-01 -1.408627267379846337e+00
128 106 -5.696357436003036956e-02 -1.046913851511362070e+00
129 106 7.995316258612226168e-01 -1.136480698829906766e+00
130 106 7.260724084867899997e-01 7.397640820971876918e-01
131 106 1.908392957438999615e-01 2.486393009064006288e-01
132 106 4.187832284656376469e-01 -1.211598908091798155e+00
133 106 -2.834521521091587504e-02 -2.915971065960146213e-01
134 106 2.447758611944976792e-01 -7.902646083275503830e-03
135 106 2.605780242002231906e-01 -1.093631409639412300e-01
136 106 7.259806440313484877e-02 6.879688236679723512e-02
137 106 6.844544238585932305e-01 -6.598950406717778439e-01
138 106 1.810755717870368375e+00 -3.874630180376036348e-01
139 106 3.801583807924600183e-02 3.682708024667031288e-01
140 106 1.550486228667777855e-01 4.667847430530745745e-02
141 106 -5.623934176451063083e-01 -6.752809178358633035e-01
142 106 -5.395377746124792040e-01 -1.601565402780466663e+00
143 106 -6.813892990196837030e-01 -5.282958538741390209e-01
144 106 -2.995155372239889369e-01 -7.233657380147381355e-01
145 106 -4.068864024870537111e-01 -1.167979889093179402e+00
146 106 1.409083508629416781e-01 -6.987237167173852015e-01
147 106 1.104791592266878730e+00 4.087716502615308944e-01
148 106 1.139834577803631621e+00 2.353209074085541030e-01
149 106 -5.960210988821830480e-02 1.236929625242647879e-01
150 106 4.839266247530535914e-01 -5.607661820369949091e-01
107 107 -1.140763960498703877e+00 -6.123753942369820624e-01
108 107 2.809553729236716202e-01 1.886770983508538002e+00
109 107 -4.726838887061161065e-01 6.875272459128617397e-01
110 107 -3.431472118025035156e-01 -2.558627786161823958e-01
111 107 -1.929344086038288220e-01 -1.567706669024987454e-02
112 107 1.669695467729637173e+00 9.856581191536527564e-01
113 107 -3.155456386035319083e-01 6.128548483422558979e-01
114 107 -5.177554097278075362e-01 -2.053962778346060947e-01
115 107 1.547805867462458851e+00 -9.393687219286506185e-01
116 107 1.543336760405194186e+00 -8.664781729840850266e-01
117 107 -3.565873852920740106e-01 -3.645704546088783249e-01
118 107 8.609543428398055420e-01 -2.971751870442225774e-01
119 107 -2.149213733913386271e-01 -1.419325398335897992e+00
120 107 -2.782105989399425994e-01 1.307238041534144191e-01
121 107 8.964673845310165978e-01 1.975096431497815663e+00
122 107 8.283717655984110806e-01 -2.367081256027946168e+00
123 107 -3.541185310055920410e-01 -5.490781132456159508e-01
124 107 -1.008580262760044172e-01 -6.396738320757093810e-01
125 107 -9.829170746940366077e-02 -6.829351333763553633e-01
126 107 -2.863859777210686630e-01 -2.364431357962618829e+00
127 107 1.120948234313716041e+00 3.413176415139228537e-01
128 107 3.261788715928863325e-01 -1.305546054749094020e+00
129 107 -4.484510190065549295e-01 -1.096737571719179627e-01
130 107 -3.341861903219301988e-01 -9.702557302910104209e-01
131 107 7.276180263550994232e-01 4.165663038041603206e-01
132 107 -3.425230573866959172e-01 -1.949031058066853783e-02
133 107 -1.004137447039821440e+00 5.110869701257183539e-01
134 107 3.753666859897035191e-01 1.672466624665204793e-01
135 107 4.810201811569799757e-01 -8.380607817970867623e-01
136 107 2.323114082090455002e-02 -6.854476662905868434e-01
137 107 9.198846156216446135e-03 4.300180305889751420e-01
138 107 -1.819901819439516677e-01 2.968271654542130600e-01
139 107 3.037863911730321886e-01 -1.617097204547644773e-01
140 107 -6.649568880798735204e-01 1.528914035719498354e+00
141 107 -7.518511322506798988e-02 9.477618948486382644e-01
142 107 2.579446834898730390e-01 -1.675833241506415605e-01
143 107 -5.384297499430927836e-01 -8.223255335403939492e-01
144 107 1.083042894038371173e+00 -4.315187600220671271e-01
145 107 8.012201433510082182e-01 2.967617229087241015e-01
146 107 1.887862106590750821e-01 4.598957016000248532e-01
147 107 4.765996114231856318e-01 -7.074854542236169719e-02
148 107 1.175381211756767463e+00 -7.594107422210129021e-01
149 107 2.474723575307539170e-01 -3.765956995402014451e-01
150 107 -6.200135594857883459e-02 3.521995070689467044e-01
108 108 -4.804116923214783452e-01 7.552699219265297526e-01
109 108 3.970150633768965709e-01 5.164909503662690193e-01
110 108 5.523406604880587434e-01 -1.182965337699166536e-01
111 108 -6.744120976611405194e-01 -2.308907683078586237e-01
112 108 -1.050469157667814013e+00 -3.719173087952259288e-02
113 108 -1.796151219194283000e-01 -6.819049266330038384e-01
114 108 -3.650246012791173444e-01 1.318346924252991048e+00
115 108 -5.197471454674618130e-01 7.666882791627882554e-01
116 108 3.345514751812230791e-01 5.681706151672136912e-02
117 108 7.712629055386458488e-01 -1.379416004922598304e+00
118 108 8.561069707105529725e-01 1.208868867466104335e+00
119 108 2.949424021772277249e-01 -3.054451420391421923e-01
120 108 -3.778062338360427264e-01 4.208003819568110759e-01
121 108 -5.126712203051823069e-01 6.097663723924333645e-01
122 108 1.630833301920886491e+00 -7.747345717333387061e-02
123 108 -2.016564401366527370e-01 -7.511914217134694205e-01
124 108 1.325531405337994961e+00 1.057964129310755341e+00
125 108 1.021525926536000162e+00 -4.514078086558918068e-01
126 108 2.289183898101326831e-01 -7.443449320528425783e-01
127 108 1.453921786675077266e-01 5.379359993739087908e-01
128 108 2.391301488044270229e+00 -1.811430384238238989e-01
129 108 2.456190727621698211e-01 7.802897942962752076e-01
130 108 5.690058637741973735e-01 2.113136887819676568e-01
131 108 -1.195318769108123069e+00 4.255590646054747267e-02
132 108 5.347365127022254416e-01 -1.961913106141829344e-01
133 108 -7.913067734967823563e-01 2.746894058643371550e-01
134 108 1.570512696668351360e-01 1.245701431030444395e+00
135 108 3.305958236261782313e-01 3.078208270798450941e-01
136 108 -1.357988224858975579e-01 -9.417496000455715111e-01
137 108 4.416468144600241286e-02 -3.870175785094071008e-01
138 108 -2.235326316113276368e-01 -1.873510080180640011e-02
139 108 -5.639764428063867019e-01 1.323470675872508329e+00
140 108 -1.329901670834535032e+00 2.957292378570139380e-01
141 108 4.121721745108655743e-01 7.276125228245100551e-01
142 108 4.296612860365084385e-01 -5.987456220455383143e-02
143 108 2.816800469210319902e-01 1.190247408511208443e-01
144 108 6.384345036334397872e-01 4.914766800728213036e-01
145 108 6.089466359431411346e-01 -8.828266811442990469e-02
146 108 5.558626953458036812e-01 2.868374541851798631e-01
147 108 4.277203762773645890e-01 9.597175932989983060e-01
148 108 3.428748876191033412e-01 -7.067425330008294537e-01
149 108 -9.730596373616148820e-02 -8.483112274299950961e-01
150 108 -5.843407082605931446e-01 2.454576644555408471e-01
109 109 1.989651756012134343e-01 1.059860788241219876e+00
110 109 1.076435375525267801e+00 -6.461303180221167342e-01
111 109 7.002722961819085601e-02 -1.602803580305560249e+00
112 109 -2.672371429387603303e-01 -3.527298999234518839e-01
113 109 -1.923216469481420776e-01 -3.497024311182543865e-01
114 109 -1.914263317648136953e+00 -1.407119586520377386e+00
115 109 6.039424311845156268e-01 7.603236807200863812e-02
116 109 -2.657999205629933415e-01 -2.023947924035322532e-01
117 109 -1.293106723189729523e+00 -3.611657510280946171e-01
118 109 -1.524286002447540422e+00 -3.947392294151557679e-01
119 109 1.112137310242087729e+00 7.692522274271279548e-01
120 109 -1.331227424735419440e+00 -5.915672638177674747e-01
121 109 -3.214272756650873863e-02 1.287538309574689732e+00
122 109 -4.628919561526609883e-01 3.762600222693830432e-01
123 109 8.886798487808288405e-01 -1.727271361677772177e+00
124 109 -1.338770369479466149e+00 1.817349149007118081e+00
125 109 2.062560713725515082e+00 1.416844121230960596e+00
126 109 4.743227355341054219e-01 3.343519487830729497e-01
127 109 1.875199390781753239e-01 8.779153578208418462e-01
128 109 -1.965937220460628465e-01 2.388244193933324322e+00
129 109 2.546985717358416501e-01 -2.122941805418865902e-01
130 109 3.281986376895279500e-01 1.470186890865373908e+00
131 109 1.588467043156598368e+00 -1.706900863863599627e-01
132 109 1.584909150128323008e-01 1.695493318642484967e-02
133 109 -1.981540786988158220e-01 -8.171319113091241038e-01
134 109 8.854594275946561094e-03 -5.079575505189755091e-01
135 109 9.563409044316347751e-01 6.071301815542904379e-01
136 109 4.119197500820921676e-02 -1.952920082175139682e-01
137 109 -6.921873758309773916e-02 1.985022261032329538e-01
138 109 5.251238714893974313e-01 3.161661180845183605e-02
139 109 6.222862330908215389e-01 -7.293351677509483100e-01
140 109 5.610627783107339228e-01 1.519859171548345600e-01
141 109 -8.948732848100019455e-01 3.240139088289438751e-01
142 109 1.270005318795043858e-01 -7.104926817238331749e-01
143 109 -4.355179040358418963e-01 -7.339000579067909147e-01
144 109 -9.593440424781216058e-02 -8.519150747340462626e-01
145 109 -1.543892677614394082e-01 8.372202127293407736e-01
146 109 -1.018672731000594300e+00 -4.085647341725167081e-01
147 109 -1.016026886829068498e+00 -1.213228695205949004e-01
148 109 -6.246841321246904277e-02 1.594024509495022349e-02
149 109 -2.967386421005863140e-02 1.112142098341670493e-01
150 109 -3.227402543134542112e-01 4.227761883741721904e-01
110 110 7.084013040593546418e-01 -7.611088522432616355e-01
111 110 -8.495726850385545426e-01 4.291004298173974330e-01
112 110 -2.399153976679976874e-01 -1.143912263402427687e+00
113 110 2.469770919553823663e-01 -7.570693004489713607e-01
114 110 7.639521459530360659e-01 5.920948387671847168e-01
115 110 -1.148391817113871838e+00 6.560988961737943548e-01
116 110 7.038257628378752351e-01 -8.268886961927204293e-01
117 110 3.645973891724381688e-01 -1.018261872489504505e+00
118 110 9.289079896099074196e-02 -7.944523062935381075e-02
119 110 -9.712127124263462141e-01 6.381861275983516935e-01
120 110 -1.702053013221927480e-01 -5.328205270249385395e-01
121 110 -8.031874841290891354e-01 -6.278751076079648330e-01
122 110 1.898337270296358792e+00 -1.462560430156516489e-01
123 110 -7.117192438148995937e-01 -1.679285489308086077e-01
124 110 -1.365788984046695020e+00 -4.088086335129051396e-01
125 110 3.795550731927104793e-01 2.042118971442778097e+00
126 110 3.687447900975249215e-03 -1.682001384637351882e-01
127 110 -6.789733129235794307e-01 1.130702920304347936e+00
128 110 -9.449360853828268070e-01 6.014062352642017828e-01
129 110 5.460545960679570321e-01 1.711569851667587294e-01
130 110 -2.579857335843235067e+00 -4.023784013909050827e-01
131 110 3.399754353056143041e-01 1.219037629189848149e+00
132 110 1.976965548745627521e-01 -1.961315551217335529e-01
133 110 7.176305155548908798e-01 6.306602935114100639e-01
134 110 -7.477950288145184254e-01 1.167640612900652797e-02
135 110 3.716905344084165397e-01 -4.028808204266541293e-01
136 110 1.435399666749763159e-01 -8.670489310478750600e-01
137 110 -6.157474397875699612e-01 2.395874993161195288e-01
138 110 1.664895241718002128e-02 6.990263046475916342e-01
139 110 -1.105927055563829670e-01 3.106189871846793960e-01
140 110 -2.626021381330830851e-01 -5.862677147375452424e-01
141 110 7.852432162011192540e-01 -4.846241272983064508e-01
142 110 -2.629899563308608634e-01 3.578547092499822502e-01
143 110 -6.065195092582839065e-01 -7.288302491235547631e-01
144 110 -3.277944917649833201e-01 3.457500099153140161e-01
145 110 3.537574257664685001e-02 3.101798179619071408e-02
146 110 7.317205374703213971e-01 -3.232895361982188187e-01
147 110 -8.058731949902824265e-01 5.865475317967078217e-01
148 110 -4.015623368912890623e-01 -3.668782498313085533e-02
149 110 1.374931469850861065e-01 -2.873711703834296860e-01
150 110 -2.043142017093368956e-02 -1.461811379066077499e-01
111 111 -1.491128125089808965e-01 -9.930313734153767280e-01
112 111 -1.248493949159345417e+00 4.551065411388856563e-01
113 111 -3.775454215167573513e-01 4.387188549043309904e-01
114 111 1.916673038820579100e-01 -4.089052956473746558e-01
115 111 4.364378049226382839e-01 3.384964488933228655e-01
116 111 -2.502325894915616855e-01 9.075842694799590715e-01
117 111 -2.017043148014699971e-01 -6.417146131835902434e-01
118 111 4.029912342964807603e-01 -5.051463493869228216e-01
119 111 1.292737837551777291e+00 -2.147438202926402750e-01
120 111 1.294083302900773225e+00 1.110439951583610307e+00
121 111 -6.045426902715346218e-01 -8.786634078093369382e-01
122 111 4.575170412417105537e-01 -1.086146066720836828e-02
123 111 1.114877885878237329e+00 -1.091910694292283379e+00
124 111 -8.621652997058870671e-01 -4.665424468949023185e-01
125 111 -1.493616151239509859e+00 3.752895248917407223e-01
126 111 7.508831763985686081e-01 7.328850872985910314e-01
127 111 -1.313868432233228356e+00 -5.966025235207317312e-01
128 111 -4.630871887363453565e-01 6.353052741415022853e-01
129 111 -4.601445694387161223e-01 -1.100913024251634509e+00
130 111 3.628779049359934783e-01 -1.261460378093998580e+00
131 111 -1.052262713755353962e+00 3.554541769736057066e-01
132 111 -6.520710461538680169e-01 -3.710144018464099358e-01
133 111 -1.391378571246240314e+00 4.599211389103336489e-01
134 111 -1.691553417790983282e-01 7.804220801260535190e-01
135 111 1.917761917134745420e-01 1.585380789177608385e+00
136 111 5.210052513402680940e-01 -1.810321567601923531e-01
137 111 -7.691795941939952863e-01 9.526352339089536048e-02
138 111 -6.290280939809524963e-01 2.550700612124391919e-01
139 111 4.214516695069179253e-01 -1.458545903718512227e-01
140 111 -6.579628607889540515e-01 -2.051360769223075919e-01
141 111 -1.081037547525327769e+00 5.179801984690955013e-02
142 111 -4.347795084890045958e-01 -4.036446444757244567e-01
143 111 1.997342140984874614e-01 -2.205736526181413248e-01
144 111 -7.293707619582859847e-01 2.368751282544821479e-01
145 111 4.127114747111167437e-01 1.022350600368893137e+00
146 111 1.076869452459840448e-01 -1.571363484704685343e-03
147 111 8.840964914761232363e-01 -3.356899993505875757e-01
148 111 8.989052054864959951e-01 2.233435115744204780e-03
149 111 -3.416778648920731909e-02 -7.023790617978893647e-02
150 111 -2.868271258675212931e-01 -7.120397178005299921e-01
112 112 -1.313160766816614533e+00 -4.100877549012568735e-02
113 112 6.478674837488799243e-01 1.288984934392809034e+00
114 112 7.072444636214370028e-01 5.954650348119779890e-01
115 112 -1.559423140178648470e-01 9.193346604698955649e-02
116 112 -5.807236797909162695e-02 -5.420083476092366626e-01
117 112 1.029255128598875135e+00 -2.108135675477126103e+00
118 112 -1.186346085096295910e+00 1.713244404235432228e-01
119 112 -6.002022357272410735e-01 7.078024331782054035e-02
120 112 1.131246207678052174e-02 -7.917150528743497340e-01
121 112 8.118917163311977214e-01 2.758635640179734616e-01
122 112 -6.731376302745566420e-01 6.448044517148653343e-01
123 112 7.939962623312399881e-01 4.457226452671484984e-01
124 112 -1.122856788572181408e+00 -1.019043718747997707e+00
125 112 3.995852296415390303e-01 -5.054544806828882297e-01
126 112 1.414550651464156594e+00 4.174651509507341096e-01
127 112 -4.190237839099947847e-01 -2.138373420219213283e+00
128 112 -1.652639349220421661e+00 1.130259181859627260e+00
129 112 1.070570247720853851e+00 -1.663412127014937680e-01
130 112 -3.847372368155649314e-02 -3.594401576234937945e-01
131 112 -3.365835497165816093e-01 -8.561981736390966713e-01
132 112 1.440377079783273562e+00 1.382122870543768922e+00
133 112 1.331915621979086473e-02 -1.343072465158030582e+00
134 112 -6.672730263026608322e-01 5.190962536509402536e-01
135 112 -8.040375546585100119e-01 -6.979518938215861779e-01
136 112 5.204447709044442982e-01 8.744250058084235278e-01
137 112 3.003394046327286793e-01 6.766720933231286372e-02
138 112 -1.002738560177731664e+00 8.925821982610087080e-01
139 112 3.813767335848231577e-01 1.652985538596900283e-01
140 112 6.747369434043617442e-01 -7.584954494780051792e-01
141 112 7.541687110532696581e-01 -3.399290151556896844e-01
142 112 3.561373449077150366e-01 -2.403266524140905414e-02
143 112 -1.588406458416196099e-01 -2.005092439752352296e-01
144 112 8.669830320634016596e-01 -6.915744804620826969e-01
145 112 2.787898619491461227e-01 5.397602753941319054e-02
146 112 7.138926944286618781e-01 -4.288427720290240996e-01
147 112 -4.727795358487202892e-01 3.844105132867797203e-01
148 112 -1.224426343651865645e+00 -4.082953150097594630e-01
149 112 3.272865155323643194e-01 -1.258841362748955861e-01
150 112 -3.293944471473144731e-01 -6.746174876975606916e-01
113 113 -1.667398929304143573e-01 9.442657451128770862e-01
114 113 3.225613695731753272e-01 8.088310814394885639e-01
115 113 1.104896890237609064e+00 4.020471443461285377e-01
116 113 8.452312687879529607e-01 6.517099024846848554e-01
117 113 -7.731781594127362656e-02 -1.650837056460554564e-01
118 113 9.902532797402923137e-01 -2.044300589478196706e+00
119 113 2.007639160741068463e-01 8.309065702914941731e-01
120 113 1.489584304402257198e-01 3.603187533443399926e-02
121 113 -1.092811778628143715e+00 -1.353692280618971205e-02
122 113 -7.527564465655225412e-01 -5.498383813236853435e-01
123 113 -2.073032066562784381e-01 4.995637238647252509e-01
124 113 4.495420534598886797e-01 2.775643889363233266e-02
125 113 -1.108604241957268366e+00 7.796881035266326476e-01
126 113 1.309248867383488557e+00 -2.549930485269954472e-01
127 113 1.751736825937678432e+00 -3.063282873082812663e-01
128 113 -8.094744648291045674e-01 -1.394062924981252616e+00
129 113 1.712037288852165662e-01 1.420403374471016278e+00
130 113 4.752019384778338740e-01 -1.607032247376307121e-01
131 113 1.726632071198425100e-02 5.324490402241650600e-01
132 113 7.435682134101827268e-02 6.731878981678234286e-01
133 113 1.754961774781284900e+00 -9.249722604538778148e-01
134 113 -5.293252442520679502e-01 2.449134177044928196e-01
135 113 7.742347303442567164e-01 2.251520108485628724e-01
136 113 -1.000854939505821051e+00 -9.027816147323128870e-01
137 113 -2.544548898167475759e-01 -1.045200961572487985e+00
138 113 -5.503072620892869304e-01 1.785509233018290065e-01
139 113 5.834304700066270111e-02 4.920591457791324563e-01
140 113 -3.005522747061775690e-01 -4.278194646574979831e-01
141 113 -6.041197214091127421e-01 -1.175788382976432622e-01
142 113 4.911502884478246012e-01 1.454205517106338386e-01
143 113 1.548180901505358920e+00 2.526569731227580329e-01
144 113 3.023247460001302622e-01 5.121914031760332886e-01
145 113 1.536182751095829802e-02 -4.206302690322839544e-01
146 113 6.924586363451370463e-01 8.470241150827413634e-02
147 113 -4.764953493977158727e-02 -8.856128913228078492e-01
148 113 -5.163728261959434906e-01 6.756598845294004008e-01
149 113 -1.226698712178566852e+00 1.089274873683496736e+00
150 113 -1.644159628650989080e-01 -4.862782477930922553e-01
114 114 9.735396050278951607e-01 5.500446773198592876e-01
115 114 -4.721282565976601675e-01 -8.486184605804241166e-01
116 114 -2.283132199939709728e-01 -4.925569948944528709e-01
117 114 8.842442965067678351e-01 1.089834366782215014e+00
118 114 -4.016127700523217103e-01 8.912067345569881782e-01
119 114 -7.676511242364706389e-01 -3.150734384032009561e-01
120 114 1.323360206057705657e+00 7.843223450457595947e-01
121 114 1.103419958019506097e+00 -3.843682141649524819e-01
122 114 -1.053624238107280092e-01 6.917115039703556345e-01
123 114 -1.661536778430836137e+00 -1.209562142127053486e+00
124 114 7.172847760227277769e-01 -1.189101813722208689e+00
125 114 2.573827762182620549e-01 -5.615561001418970521e-01
126 114 2.456395049277275144e-01 1.610892330498168601e+00
127 114 3.346121918964968800e-01 -1.379116017462144773e-02
128 114 3.607984118693918774e-01 -3.299916238765310816e-01
129 114 -9.854128070657289795e-01 1.013589100930572195e+00
130 114 1.430412075106443082e+00 7.395956214886394431e-01
131 114 -1.378103799632631521e+00 -5.104237076790846261e-01
132 114 4.258255691494391426e-01 6.196923054194212188e-01
133 114 2.894767696342278041e-01 7.231513471715904640e-01
134 114 9.295116254025489466e-01 -1.493422970672110051e+00
135 114 -3.623818373840513862e-01 9.356258718536424324e-01
136 114 6.066221737168470129e-01 -2.731936990377445418e-01
137 114 -6.802360361894084217e-01 1.462592181615781084e-01
138 114 -5.739329078137690443e-01 -8.088365364065768226e-01
139 114 -9.175288436031510397e-02 2.836450302530205136e-01
140 114 5.500830491464944183e-01 -1.907761187371057043e-01
141 114 -3.256096236577185055e-01 -3.346138840652148061e-01
142 114 -1.255354851855972731e+00 6.369739270628097527e-01
143 114 -6.600933953823293621e-01 -4.626739344274190258e-02
144 114 -3.169206086861041105e-01 3.377688679026019103e-01
145 114 -1.798135045877266303e-01 7.369955263908660736e-01
146 114 -3.664371049565967042e-01 2.106944869252046770e-01
147 114 -1.128434625249449125e-01 3.553552895462411820e-01
148 114 -6.327599299502051355e-01 -6.916351989965852098e-02
149 114 8.274881327005007003e-01 -1.447141253902301805e-01
150 114 -2.416299645742545771e-02 5.756027786282867653e-02
115 115 7.034100771243586570e-01 -8.514027618460440205e-01
116 115 -1.012341821814698228e+00 -5.430638426647732553e-01
117 115 -6.463824073400759040e-01 -4.039302652256085424e-01
118 115 -3.938632756861026318e-01 -8.013712071130234260e-02
119 115 -8.466866018374148428e-01 6.802893243139566948e-02
120 115 -6.068845007271249370e-03 1.222964786176490293e+00
121 115 4.123594912683624103e-01 -3.838760355603169638e-01
122 115 1.081290135959743492e-01 -7.011681597967356350e-01
123 115 1.353030413655701647e+00 8.676123811187024248e-01
124 115 -3.682844196671966608e-01 -7.047141711967245259e-01
125 115 6.012906552336746424e-01 -1.029406072157838636e+00
126 115 -3.289002577709010389e-01 9.317263131024963729e-02
127 115 1.616314151926903087e+00 -1.802100413640337073e-01
128 115 -3.932986628878969437e-01 -2.234400442456514480e-01
129 115 -8.028637816551527084e-01 5.704289787238006060e-01
130 115 3.468361308376780028e-01 7.557453516803041005e-01
131 115 -3.387585151063452482e-01 -1.167511441959774965e+00
132 115 -1.465587833147242502e+00 7.257948150260583597e-01
133 115 -6.334981419329646646e-02 2.781952311610705886e-01
134 115 3.243652031462559981e-01 4.847146325317476245e-01
135 115 -8.690465731899463808e-01 6.023786640341051157e-01
136 115 1.766408442049378635e+00 1.185422623143794763e+00
137 115 7.847407633036432295e-02 -1.051505209224801840e+00
138 115 9.046519546722379124e-01 3.983570014334712472e-01
139 115 -4.888187478931127483e-01 8.663159199169040425e-01
140 115 5.237534145319810985e-01 5.325348278385669820e-01
141 115 -1.245056936074543097e-01 -8.379806953497070943e-01
142 115 -8.080664282013076682e-02 1.550874673987708841e-01
143 115 2.565627027111222480e-01 2.291078663316406805e-01
144 115 -5.318969788647185393e-01 -2.897898968668431441e-01
145 115 -1.026472896355199005e+00 -6.343479831370357758e-01
146 115 -2.688693000770184804e-01 1.262475512165836256e-01
147 115 4.318590006107260737e-01 8.930246919838783493e-01
148 115 6.173340806465918984e-01 1.243709837887750219e-01
149 115 -1.953468349129605652e-01 5.113738621517551763e-01
150 115 7.009811506299997719e-01 -1.286152063916877974e+00
116 116 -7.256554224812340470e-01 -4.938785915463036469e-01
117 116 -8.194007880284508438e-01 3.488514264305715984e-01
118 116 -4.646419133168267490e-01 4.598302312501722500e-01
119 116 -7.644942965822363323e-01 -3.820553008178826926e-01
120 116 1.979164961206864026e-01 -1.057659467363796679e+00
121 116 1.174978748677143026e+00 1.474331791110537804e+00
122 116 -7.172756167998352028e-01 -4.585021589741986592e-01
123 116 -8.408305715111253908e-01 -2.794240711961945012e-01
124 116 8.801335331730226752e-01 -4.701047065627321220e-01
125 116 6.885690386830242149e-01 4.459844872923638959e-01
126 116 1.866414595304689006e-01 2.809612602817214144e-01
127 116 -5.217310063971771772e-01 3.792291008411399211e-01
128 116 7.388209672323764465e-01 -7.728974707336309091e-01
129 116 -2.438718224592040240e-01 9.726586924515991939e-01
130 116 5.829488382603679325e-02 1.142469634386245492e+00
131 116 9.043992767326243243e-01 -5.834392203667886356e-01
132 116 -1.389080924790734972e+00 -1.739384703483442651e+00
133 116 -1.009915347508322236e-02 6.845263653462368980e-01
134 116 -4.634551592951817733e-01 -8.534924430823321861e-01
135 116 -7.437857869281506717e-01 2.473655623140801063e-01
136 116 -4.757202044476642744e-01 2.220959930258340265e+00
137 116 9.070333933103176260e-01 8.262279988898280081e-01
138 116 -7.167826750217010101e-01 4.473107381575006647e-01
139 116 1.246781119114892977e+00 -1.117234603413850003e-01
140 116 -2.087838142885945769e-01 7.303103922034788198e-01
141 116 -2.230568202549738088e-01 -4.251630990787290676e-01
142 116 -1.001339369314136141e+00 -5.512496830561339767e-01
143 116 1.361871080838482073e-01 -1.305017825958423583e-01
144 116 6.491259790025172283e-01 -3.812735051858561763e-01
145 116 2.038838624888534012e-01 -3.716226730840138659e-01
146 116 1.588904754270548808e-02 -5.607340813365624399e-01
147 116 -3.017557052279717378e-01 -1.363274731029950448e+00
148 116 2.688961706859819834e-01 -4.236027690134200330e-02
149 116 2.296781789928410977e-01 5.963658556451234549e-01
150 116 6.797696819546350522e-01 4.173612197733190810e-01
117 117 -1.085158109866522613e+00 6.545139402576466425e-01
118 117 8.406443068048420619e-03 5.219245216403224363e-01
119 117 6.747145407449914867e-01 3.163604924024718268e-01
120 117 -7.428825567173467093e-01 5.463085175584362352e-01
121 117 4.509859086819931195e-02 -1.931068828762666501e-01
122 117 9.793333215100276101e-01 -3.518168505922891209e-01
123 117 -1.241216116977349015e+00 6.206287843688383932e-01
124 117 -5.458712523582784915e-01 1.086358580644798622e+00
125 117 -4.789862676443219502e-01 -6.931014764039552523e-01
126 117 8.540276825532910898e-01 -1.737203390349517651e-01
127 117 3.054930024631465346e-01 7.298192037130084575e-01
128 117 3.660363078082022881e-01 3.053365537657313777e-01
129 117 -1.469457542057288180e+00 -3.345638409415100378e-01
130 117 -4.843151952670267657e-01 7.506732057042350137e-01
131 117 7.673995380135423261e-01 1.219787761689026473e+00
132 117 2.793005151311383494e-01 -9.561488935805489975e-01
133 117 -9.232626529771744694e-01 1.876777272384993200e-01
134 117 1.594353587065613809e+00 -6.866374695849507548e-01
135 117 -6.838238477664488890e-01 -9.488422938474869728e-01
136 117 -4.713911136581964700e-01 -8.975397306653514207e-01
137 117 2.654788489651999650e-01 1.154584923463805701e+00
138 117 -1.148722216376955263e+00 -6.242469321141603800e-01
139 117 -1.112914783952445807e+00 1.353224030865046057e+00
140 117 -2.635411631490219841e-01 -1.009500692167395242e+00
141 117 2.230134140543234000e-01 9.446511071204141685e-02
142 117 -3.729294796972069115e-01 -4.795842532011503345e-01
143 117 -1.513096973564664882e-02 4.964686021250904746e-01
144 117 5.193277247395619023e-01 -2.617362975040602585e-02
145 117 6.846823807257969297e-02 -8.347469986091995420e-01
146 117 6.824496611383424893e-01 1.444321316880494144e-01
147 117 1.989201376368262830e-01 2.186488175960112912e-01
148 117 -2.398186547990422968e-01 -7.054829944255042173e-01
149 117 -5.974510800800424404e-01 -6.605739856199148718e-01
150 117 -6.786080689652582709e-01 4.789800758805660974e-02
118 118 4.060727382667731478e-01 1.225780133518312054e+00
119 118 3.983380139020287758e-01 -5.205176168553391491e-01
120 118 1.064175653811509248e+00 2.540273542600420820e-01
121 118 -1.463866549447497278e-01 1.810507841953442054e-01
122 118 -5.298396485180062454e-01 -5.668282821069778876e-01
123 118 -2.818251096255349752e-01 -1.313400347851148009e+00
124 118 -1.438400131857694442e-01 2.940533730908098109e-01
125 118 6.016494946482108253e-01 4.237350866252627135e-01
126 118 -1.214021884382181948e+00 2.155443906564452616e-01
127 118 1.651398566726436812e+00 -5.091155528234324601e-01
128 118 7.761246353870054904e-01 -4.224407921485096029e-01
129 118 7.155816406902711924e-01 -3.582137959924271975e-01
130 118 -1.049127547552312745e+00 7.129133388446768915e-01
131 118 -3.840264888708289637e-01 -1.109933428697356561e+00
132 118 -4.717700417864771900e-01 -5.842611776599074269e-02
133 118 -6.439736229903566533e-01 4.887130155319890923e-01
134 118 9.498022189277171012e-01 1.236814437834764302e+00
135 118 7.767412300584539686e-01 -1.237902934547402634e+00
136 118 -2.841321143363014778e-01 -2.962842750534137037e-01
137 118 4.593050132095278237e-01 -7.235652704232227173e-01
138 118 2.640317944059613620e-01 -1.475451533015860628e+00
139 118 -1.852418926639434416e+00 -3.406501455112604382e-01
140 118 8.910438050546556354e-01 3.806191451237826984e-01
141 118 -5.187780762716756033e-01 -7.200417080640408862e-01
142 118 6.667571711421830249e-01 -4.366661950019675720e-01
143 118 7.261681433911058858e-02 5.893833359451450260e-01
144 118 9.171972720209180530e-01 1.187920022865104119e+00
145 118 5.453695803439848749e-02 3.357480376178324510e-01
146 118 -4.247300803156995874e-01 1.312729703823683203e-01
147 118 1.051000927081446185e-01 2.312995346686247400e-01
148 118 6.329063659903205741e-01 4.035986715328544472e-01
149 118 3.438111206835623435e-01 4.366980089225609429e-01
150 118 8.333464904928825079e-02 -2.620048283872293826e-01
119 119 5.434803692540591813e-01 -1.079997594594617749e-01
120 119 3.003998764079156003e-01 -8.533756629234149349e-01
121 119 2.033730670088124137e-01 -4.570946542403964141e-01
122 119 4.180395701823253485e-01 -1.103002855569801710e+00
123 119 8.890772891807605660e-01 -3.371893939184946731e-01
124 119 -1.338099539363542867e+00 -6.642972210988881132e-01
125 119 2.116221382867417566e-01 -4.404734980301137082e-01
126 119 6.241093748678231412e-01 -1.133535831420083184e+00
127 119 -6.368150841247853799e-01 6.289000385329404086e-01
128 119 -1.591371518435248655e-01 5.543448777827111318e-01
129 119 -1.021531688809968336e-01 -9.035203627898175105e-02
130 119 7.561093265273685082e-01 -4.058076314570541743e-01
131 119 7.664244510300876057e-01 1.490851702921749622e+00
132 119 1.142284399291965957e-01 -1.252945983872529645e+00
133 119 -7.852098787839001393e-01 -5.531286988016017592e-01
134 119 -6.472181676296911990e-01 4.421281454719050985e-01
135 119 1.481595554354247168e+00 5.020136360793857611e-01
136 119 -8.380011493748562579e-01 -3.338002624044227873e-01
137 119 8.193494202693234474e-01 3.647437052567344962e-01
138 119 7.746715262548069525e-01 -3.311567536957923941e-01
139 119 -1.465170051986580679e-01 -9.213260819533652946e-01
140 119 2.480602937233477301e-01 7.163031618617689000e-01
141 119 2.021818127077680494e+00 -5.091138199448670409e-01
142 119 -1.677343110632550371e-01 1.133319218260752770e+00
143 119 3.039303871186262440e-01 -2.128979481688260122e-01
144 119 -7.179087461653774205e-02 4.584069663180644905e-01
145 119 -4.835587847571117814e-01 -5.356524826551940510e-01
146 119 -7.325967495428544751e-01 5.902803907638007885e-01
147 119 -4.662716304130456457e-01 9.244350973066027821e-01
148 119 -4.569193814081788374e-01 -8.381683215975820056e-02
149 119 2.138523885888182208e-01 3.053784926180544423e-02
150 119 1.446280111720189110e+00 2.718571615663673002e-02
120 120 -2.187133652268047346e-01 -1.760031451463819119e+00
121 120 -4.713690369838611782e-01 -2.887388240487984148e-01
122 120 4.785865154976041147e-01 -1.071258319814633181e-01
123 120 4.882194082392259937e-01 -1.185303213901131469e+00
124 120 8.716759289843681868e-01 5.460844969839847574e-01
125 120 6.600470011436745423e-04 9.443674559515340405e-01
126 120 -2.691390057533996072e-01 -7.590992070101647560e-01
127 120 -1.846508026958832149e-01 -1.266654141940672496e+00
128 120 6.267453250737500259e-01 2.211967735561672921e-01
129 120 -8.680586341214531210e-01 4.684944276738609581e-01
130 120 -1.263711383529379173e+00 7.398206892052208161e-01
131 120 -7.370320614836495254e-02 7.528560328652827982e-01
132 120 1.259353142624037414e+00 2.165363747728547006e-01
133 120 -2.419424555527441567e-01 1.171860626887907125e-02
134 120 -1.092333283430447999e+00 2.862404941175532569e-01
135 120 2.916878882836175801e-01 -5.718315335680821399e-01
136 120 -3.824658787814019800e-02 -8.610477160307719036e-01
137 120 -6.931178554118421209e-01 1.575604387648610993e+00
138 120 1.737009715016134326e+00 3.366409653365258769e-01
139 120 1.343068728403137069e+00 4.848580074343269430e-01
140 120 -5.174130457840097064e-01 4.879727841191488502e-01
141 120 1.559565189561251231e+00 9.196037414469111493e-01
142 120 -4.948505039894385282e-04 -8.930602857622742530e-01
143 120 6.146654590587102840e-02 1.599641093328874941e+00
144 120 -6.942443431587052016e-01 2.466714176658078295e-01
145 120 5.236126430799672438e-01 -7.454948229930848103e-02
146 120 -4.880116929004322257e-01 -1.462302456172371867e+00
147 120 -6.696893939851199518e-01 -3.374324348159893905e-01
148 120 -7.634424656951221966e-02 3.458222937238490946e-01
149 120 -1.006176349207853704e+00 3.757037702978487936e-01
150 120 -4.563196432317935813e-01 -8.249543402385535462e-02
121 121 -9.477932224433955888e-01 -3.855206628764021315e-01
122 121 -1.172127086102241894e-03 2.753445089107492416e-01
123 121 6.469235772521392258e-02 1.297067869534381135e+00
124 121 -6.749958908153477766e-02 3.847447256755098799e-01
125 121 4.461828689424663930e-01 -2.302312966027091623e-01
126 121 1.195249091738882052e+00 9.639334470073718242e-01
127 121 -8.983703184436564460e-02 -8.987575066831376969e-02
128 121 2.440131012460872162e-02 -1.039660322192488967e-01
129 121 9.677799392961555780e-01 -1.333972925096418960e+00
130 121 1.654151057757079907e-02 1.575346310022404661e-01
131 121 4.800693311026713039e-02 6.949915885679130989e-02
132 121 -1.047370788131848141e+00 1.787682973916809026e-01
133 121 -3.615777097493377834e-01 -1.139225401353077149e+00
134 121 9.099853730619514303e-02 6.555740366565886434e-01
135 121 -3.707078848542328942e-01 1.089450489393289229e-01
136 121 4.371504601234528220e-01 -5.684892394878069410e-01
137 121 -1.205357853257876810e+00 -1.741287526944955699e-01
138 121 1.832936174749428271e-01 1.184194697849221045e+00
139 121 1.903257445044769236e-01 -1.450488191858329556e-01
140 121 1.330009043861610230e-01 9.757272740658193833e-01
141 121 -1.929804294321745689e-02 9.276561431457412965e-01
142 121 3.326953026784663231e-02 -7.257486128871937225e-01
143 121 -1.601581748504413483e+00 3.846247146666140759e-01
144 121 8.030523622293860297e-01 2.202589831089790118e-01
145 121 -1.543536439003838634e-01 1.647787434813500484e-01
146 121 9.158446497906924666e-01 6.311743630907645786e-02
147 121 -8.863019765140590922e-02 5.457424426684467367e-01
148 121 9.106474955815078154e-01 -8.135267579880300914e-01
149 121 4.835830133252594365e-01 -9.956185633338388019e-01
150 121 -7.056859988138204365e-01 1.248328072640270958e-01
122 122 -7.627052280690048702e-01 9.635015847147707646e-01
123 122 3.953954737726880220e-01 9.511338570282645843e-01
124 122 -3.744564497809294012e-01 8.111842634869835811e-01
125 122 4.344291704166243495e-02 9.601581629524341688e-01
126 122 4.892335052344523594e-02 -1.997016784958723784e-02
127 122 1.196271206583201963e+00 -6.863938604634809426e-01
128 122 4.536406577660519190e-02 2.775732913407789049e-01
129 122 8.723409772280339425e-01 1.061099670420671881e+00
130 122 1.761221213804316787e-01 -6.681038618789473249e-01
131 122 3.310744215257864775e-01 -3.243650444512534703e-01
132 122 1.443272811764567232e+00 -6.455168539505687364e-02
133 122 -2.438685160012826203e-01 -2.079740807529418395e-02
134 122 -1.570213186001408801e+00 -1.067848459939410688e+00
135 122 7.902198911288306205e-01 2.263483553652427260e-01
136 122 4.371800053978021627e-01 -7.011709543641453379e-01
137 122 3.253446596853135642e-01 -5.402973796567321907e-01
138 122 -1.421790376020313884e+00 9.561501351427513784e-01
139 122 6.103761935404872219e-01 -8.220349206173669376e-01
140 122 -1.573781509310617777e+00 -1.740649794268783745e-01
141 122 -7.202873513671336214e-01 5.699867635696922452e-01
142 122 1.706004871657892941e-01 1.213083571279460066e-02
143 122 -1.261566372458770902e+00 -1.016754934541503008e+00
144 122 -8.147878365221126185e-01 1.301389607491962419e+00
145 122 7.664610889132412730e-01 -9.855344773189202989e-01
146 122 5.169988158885419072e-01 8.731305038360476223e-01
147 122 1.920854586568857825e-01 5.248546531983029340e-01
148 122 7.427862611360849798e-02 1.485229129428089490e+00
149 122 2.357444308788619325e-01 1.926855049488972460e-01
150 122 6.356104731361384985e-01 -7.093214674853841606e-01
123 123 1.171027456895921803e+00 2.615236345946263530e-01
124 123 1.727120858569645701e-01 -9.451347785991397188e-02
125 123 -7.814026652236646941e-02 3.619429796399774579e-01
126 123 1.121104856160433538e+00 5.673586502010136146e-01
127 123 -7.715815764398850085e-01 3.073303064875786972e-01
128 123 -4.402631487761423101e-01 -6.252790946491245672e-01
129 123 2.676323593366294329e-01 -4.479582501872638178e-01
130 123 9.592751399376427957e-01 2.352900153943400796e-01
131 123 -1.043163317484010033e+00 5.508941064646365460e-01
132 123 -5.526479378792920061e-02 -5.826454322094578586e-01
133 123 4.656966045594735371e-01 -6.498184569066807192e-01
134 123 6.677036048248176370e-02 3.325014585187072158e-01
135 123 -3.783913713409799429e-01 8.606461623600107913e-01
136 123 7.482766441516400802e-01 -1.964229786460031102e-01
137 123 -6.998891869202653049e-02 -1.019019397405418914e+00
138 123 5.110638328905764416e-01 -1.838715577638637688e-01
139 123 -1.387696219012710674e-01 2.099179597696478605e-01
140 123 -2.308999429454924590e-01 -1.889722777344529092e+00
141 123 -5.878555543299179842e-01 5.195364375928088752e-01
142 123 9.965257408991307075e-02 -4.910697457099272301e-02
143 123 8.719325002511788547e-01 -7.678578004050113925e-01
144 123 -1.020841057491662651e+00 5.350822801326319267e-01
145 123 1.595095100567855084e+00 3.867447142284273776e-01
146 123 -7.724873662749344172e-01 -7.990768435446748974e-01
147 123 -1.234412665381174057e-01 5.713322007199734820e-01
148 123 -7.350207905824620580e-01 3.701873561354163678e-01
149 123 5.668362477502879582e-01 5.340609932431066298e-01
150 123 -7.348366523038946108e-01 6.557075551240004740e-01
124 124 1.565600674751181254e+00 -7.855102110811411631e-01
125 124 3.690505487314971744e-01 -4.933889772943463869e-01
126 124 -6.199855040412169949e-01 1.191358873011734432e-01
127 124 4.088838680086951394e-01 3.378291022852465686e-02
128 124 -1.645888343470407467e-01 6.464754058783221957e-01
129 124 -1.553211408072581179e+00 5.885485014497411349e-01
130 124 7.521208886228075707e-02 -1.335094902360349500e-02
131 124 5.983709792725193655e-01 -5.186405107316338636e-02
132 124 3.002365827485922178e-01 1.074372206371053240e+00
133 124 -4.634253598368266447e-01 -5.624929382413813572e-01
134 124 -6.984490262689950768e-01 -3.126966160939419481e-01
135 124 7.322282520665751582e-02 -3.940114449584023459e-01
136 124 5.521900238747964318e-01 1.197356611029748219e+00
137 124 5.924474565308895935e-03 -1.230584942218222733e-02
138 124 1.346659219028371046e-01 -2.385470746838809220e-01
139 124 8.446825916756039998e-01 -2.402674875580650959e-01
140 124 8.557981862876625767e-01 -8.758979247986071748e-01
141 124 -6.313420818134765078e-01 -5.041653532885695954e-01
142 124 7.765655630733929726e-01 6.755865328291504879e-01
143 124 5.734692422919521193e-02 -2.523629007642492761e-01
144 124 2.091880490523030933e-01 -4.602564665605456407e-01
145 124 5.400379085744184682e-01 7.094330998476026107e-01
146 124 1.510652946093659743e+00 -1.368957871705039908e+00
147 124 -9.966913626238791402e-01 6.298000096231159972e-02
148 124 -2.058873567265556703e-01 -1.568812586394768283e-01
149 124 -9.192317956940696533e-01 4.712789479488734834e-01
150 124 1.280902703802053177e-02 -5.509449166076234583e-01
125 125 -2.992703439953645628e-01 -8.421337305444529520e-01
126 125 -6.332998798844921007e-01 -9.850943266667890053e-02
127 125 -6.792678124045753441e-01 -3.074284763218015359e-01
128 125 -8.445286749879841182e-01 -8.013126458580358547e-01
129 125 5.922676131680765232e-02 3.165952627216453430e-01
130 125 -3.744197604918194089e-01 1.236870065646608285e+00
131 125 -3.085432965632750602e-01 4.528426510997331511e-01
132 125 -5.063822302641518558e-01 7.386905615465790831e-01
133 125 1.769138425140428961e+00 6.428655578611673915e-01
134 125 9.366607214839397511e-01 -2.553090822230359991e-01
135 125 -3.907715440140634988e-01 2.227978928580498508e-01
136 125 1.767824668203461444e-02 -9.183189763634881375e-01
137 125 4.102109231177243909e-01 -7.410688039132398153e-01
138 125 -6.831187688849269524e-01 2.932122965128929892e-01
139 125 2.339733597610697546e-01 1.341886026385078257e+00
140 125 5.337469616587752208e-01 4.866633775012428331e-01
141 125 7.851897635454851976e-01 -1.288144779252303307e+00
142 125 1.609407680588177125e-01 1.281860987775417016e+00
143 125 9.927555215818399947e-01 -7.152522818803893623e-01
144 125 -6.366385570475604494e-01 -2.205496350799621696e-01
145 125 -6.618638542114498868e-01 -1.657855346033234034e-01
146 125 4.928214819176729988e-01 -3.061169021484251573e-02
147 125 -7.015304678880409650e-01 -1.293102698204015688e+00
148 125 6.681278127002197031e-01 1.194266676925952675e+00
149 125 1.941967001946753868e-01 -1.659309119037036817e-01
150 125 -3.397426662700036570e-01 3.498091385135039810e-01
126 126 -1.231526520499809818e+00 3.235435154074116082e-01
127 126 -5.060492600883105263e-01 -2.679765268842278503e-01
128 126 -4.497282211281573572e-01 -3.004398083166850975e-01
129 126 -6.554697768379192935e-01 -9.712575088472642781e-02
130 126 1.488562833374271754e-01 -1.240211064391439244e+00
131 126 9.073400842787761322e-02 -3.150658466447880390e-01
132 126 -4.831756318215955082e-01 -1.376446342863032468e-01
133 126 -1.186534033761128093e+00 6.888536880417832631e-01
134 126 8.135694834909831807e-02 -8.246638299630957292e-01
135 126 7.323894281362502978e-01 7.376630994158152044e-01
136 126 8.287394229267470713e-01 4.096443074577058585e-01
137 126 -9.932464010846892011e-02 -3.880018219729008955e-01
138 126 -5.219476580664321741e-01 -1.086059842341468462e+00
139 126 -9.169710774416173216e-02 2.178147655365514634e-01
140 126 3.537190967228018845e-01 7.024454190981218593e-01
141 126 -4.412544073943994172e-01 8.374236274878126274e-01
142 126 1.232248041117007253e-01 -4.198519915374427924e-01
143 126 1.270046965520050586e+00 1.065209327552722129e+00
144 126 -1.913525309991574441e-01 -1.115336053553274143e+00
145 126 -5.368235234383073734e-02 8.326384043505929977e-01
146 126 5.431700800839538157e-02 8.184645094150081457e-01
147 126 1.844027436588613345e-01 -1.017614741393313871e+00
148 126 -1.136355131011700159e+00 1.069693693028921588e+00
149 126 1.898121925051655001e+00 4.666811807216458274e-01
150 126 1.299701393198711419e-02 -1.578129982546748189e-01
127 127 1.293370691502152003e-01 1.424281675467747865e+00
128 127 3.376428901826239448e-01 4.037419866507258592e-01
129 127 6.647288190410327591e-02 -2.909142007215557713e-01
130 127 6.066746791466740701e-03 7.283463822874363114e-01
131 127 4.939116796951192878e-02 -7.811377702812767332e-01
132 127 4.118729572733337840e-01 -2.153700820707795227e+00
133 127 9.191682309027948694e-03 -9.285214531957790562e-01
134 127 -2.664341842785929448e-01 4.201046624916536798e-01
135 127 -1.361122133831831116e+00 -7.879072472633121826e-01
136 127 2.548232287739340407e-01 4.885822911885658870e-01
137 127 1.012030717617423470e+00 6.747053957160766002e-02
138 127 6.636541746810731279e-01 1.116158699605152016e+00
139 127 -8.088897191801558417e-01 -6.282347580420513666e-02
140 127 3.738485718792003976e-01 -2.217226853253368435e-01
141 127 1.143164067709638021e-01 -6.584679919931728520e-01
142 127 -3.116616950638867456e-01 5.398934035933614650e-01
143 127 -5.233851945312639753e-01 2.277054335635410598e-01
144 127 6.507394196531341990e-01 2.705207730403606514e-01
145 127 -9.941534623942566151e-01 5.731160436097453015e-02
146 127 6.576810451074286412e-01 9.812564034216945119e-01
147 127 1.525705182840687846e-01 4.974324529071498802e-01
148 127 -2.407011726323134426e-01 -5.002773515302165741e-01
149 127 3.103885119955502869e-01 1.765876582671462636e+00
150 127 5.758656575162346414e-01 -1.422369286590603243e+00
128 128 9.343297033109765337e-01 7.785249664700957251e-01
129 128 4.148720584069742756e-01 5.814585217554561758e-02
130 128 4.050052725015491628e-01 7.150263669578549308e-03
131 128 8.424475816223918612e-01 1.245576541709872559e-01
132 128 -3.230889129538511706e-01 1.871636170515817155e-01
133 128 9.745172773313916237e-02 -3.491161486514984258e-01
134 128 2.727292408333518159e-01 -4.289835743022167858e-01
135 128 3.231985402274099028e-01 -1.783163347541301957e-01
136 128 -1.217678786151242365e+00 8.276542670590695261e-01
137 128 3.924049861580514165e-01 5.615170246231737661e-01
138 128 -3.485913780402566386e-01 -7.132693829697880350e-01
139 128 2.831773277665753374e-01 9.956157432395360551e-01
140 128 1.868491205108999687e-01 5.451405897513108556e-01
141 128 4.265122096934179097e-03 -2.784483422905447147e-01
142 128 -6.927677602916202382e-01 -6.770825560068490789e-01
143 128 6.077632529505476722e-01 6.051017070239249618e-01
144 128 1.426189598589435725e-01 6.819935579283772364e-01
145 128 -9.803048644560613534e-01 -7.629810434859589652e-01
146 128 -4.967965755124335026e-01 7.806805913156289467e-01
147 128 1.500557731057897415e-01 -1.181498687788381741e+00
148 128 -5.927168219562435336e-01 -1.008259732033935707e+00
149 128 -1.411693270203803863e+00 -4.465187419180247641e-01
150 128 1.208207643909135598e+00 5.924633562331942382e-01
129 129 1.248983911690742521e-01 -1.247154718551398034e+00
130 129 5.999054404949460961e-01 -6.297670811810809344e-01
131 129 3.667868345748601655e-01 -2.989116203182637377e-01
132 129 6.955577446609628733e-01 -4.479156429213175805e-01
133 129 6.381007806054732612e-01 6.365808053530285227e-01
134 129 -5.664369029400176947e-01 8.346127689839697439e-01
135 129 -2.154129645254180825e-01 1.313042123779005130e-02
136 129 2.566268411269595484e-01 -8.334358314590049055e-01
137 129 3.357939401846740113e-01 8.301699434088386509e-01
138 129 -3.951726773782507363e-01 3.666533037379420823e-01
139 129 -1.208474508063986486e+00 2.734619274307917847e-01
140 129 -1.062822947856048028e-01 -4.278370654046509403e-01
141 129 7.848523785159016164e-01 -3.373176033813311131e-02
142 129 -4.590530004100530914e-01 2.310281577146403587e-01
143 129 -7.803625138262691996e-01 -3.697516101985525716e-01
144 129 4.466696663507246923e-01 -3.622948014426822239e-01
145 129 3.189572127169777449e-01 3.846130778604313072e-01
146 129 -6.559311966823379025e-01 -3.653906955671787915e-01
147 129 1.267673074504979125e+00 4.204449458364174497e-01
148 129 -2.016401073423311485e-01 -1.210087428756883021e+00
149 129 -1.923417359321185904e-01 -7.902825076129033066e-01
150 129 -3.473930561098993730e-04 -5.894249748944627720e-01
130 130 -8.430643849535194301e-01 -1.013494036941727794e+00
131 130 1.160296982656837117e-01 -4.777997741573378754e-01
132 130 4.993713161232741227e-01 -1.424299988454850729e-01
133 130 -4.903289344492156032e-01 -1.312456388987462141e-01
134 130 6.822376407113122099e-01 2.785140661376861448e-01
135 130 9.631730967027567480e-01 1.259666623766785842e-01
136 130 4.475595827000191651e-01 -6.210246549940650063e-01
137 130 -2.936187942369047343e-01 -9.199586351981485777e-01
138 130 1.153282642781883860e+00 -1.036935299029380086e+00
139 130 -1.654628617437252092e-01 -1.056132877868375841e+00
140 130 -6.278895451546977480e-01 1.018166139138008575e+00
141 130 -9.158843798672595682e-01 -5.977157807102984055e-01
142 130 7.571738953864810551e-01 -5.185736612143296842e-01
143 130 4.072367820426091301e-02 8.362035611780652689e-01
144 130 5.340783381216647197e-01 -6.603409894025707993e-02
145 130 -6.957181161645378809e-02 -6.230678574088863719e-01
146 130 4.870005602813215484e-02 -1.889629083440078627e-01
147 130 -3.843938649410352792e-01 5.943140657556098549e-01
148 130 1.492748994416198460e+00 2.394297403680811787e-02
149 130 -6.527989390031218031e-01 8.042608176223536853e-01
150 130 1.346376151215811889e+00 5.559371080471717796e-01
131 131 -1.084278225698035225e+00 5.967691858581394282e-01
132 131 -2.254835403879006384e-01 3.273866577523223409e-01
133 131 -2.443641946527068676e-01 5.311433466986460461e-01
134 131 -9.693646777780391410e-01 6.291329307296711359e-01
135 131 1.334652756925268080e-01 -3.396656829129757749e-01
136 131 1.005742774005930595e+00 3.324098382718131961e-01
137 131 1.135298601680154729e+00 2.825700959291665981e-01
138 131 -2.204402369625408642e-01 3.765973308473658521e-01
139 131 4.379166989198514104e-01 -1.338041545357301354e+00
140 131 1.003751670676668456e-01 2.402772695703497136e-02
141 131 1.124642394492046282e+00 7.941979471396012347e-01
142 131 -1.501183529447306597e+00 -3.308919271145153163e-01
143 131 -4.686508830447962404e-01 2.439081742057317426e-01
144 131 3.902482291622777488e-01 4.434351196394864525e-01
145 131 1.490511901063974243e+00 -1.311808825929922373e-01
146 131 -5.590899929011223790e-01 6.364547522762274978e-01
147 131 -4.433656488119792627e-01 -2.836399872210516176e-02
148 131 -3.959557899431884187e-01 7.204742556199969505e-02
149 131 -7.047807828579604195e-01 -3.505832455500461631e-01
150 131 -4.171900618921775550e-01 1.622169676851992648e+00
132 132 6.166530317694388641e-01 6.594976925584048466e-01
133 132 -3.145372903027937594e-01 8.890043149702633318e-01
134 132 -5.054866882058336452e-01 4.719155128150512302e-01
135 132 -5.130127827171579447e-02 7.122838715568062806e-01
136 132 -5.582905650461919000e-01 4.411993461312893605e-01
137 132 -7.381927693074502583e-01 2.335910183864529227e-02
138 132 1.244001078368472818e-01 6.354154872380863850e-01
139 132 6.340757141025611388e-01 1.414946026135055490e+00
140 132 -2.415542982635514313e-01 4.003919633108886100e-01
141 132 -2.430241590247528838e-01 5.922657117293131934e-01
142 132 9.506717657117993436e-01 -4.544703635092509630e-01
143 132 -2.618371126947000582e-01 -2.359616868891303565e-01
144 132 -8.955875558814203607e-01 1.314531121668374714e-02
145 132 -4.579639539645388169e-01 -7.267385786516180612e-01
146 132 2.795762265296745097e-01 -6.942385315628271658e-02
147 132 -6.947252220800258504e-01 1.368994457162259426e+00
148 132 -4.837493314466240757e-01 -2.487408749897280780e-01
149 132 1.022304402946897506e-01 -6.428977559091960670e-01
150 132 -1.078964821405391739e+00 -4.114642140239985757e-01
133 133 1.502324024518805867e+00 -3.848983738468806926e-01
134 133 4.706062168222659992e-01 1.398700948963491064e-01
135 133 -1.211668486555299851e-01 2.151210858351429167e-01
136 133 4.527300345138519089e-01 -6.023313548430814235e-02
137 133 -8.771707335744541867e-01 4.889221090826945115e-01
138 133 -9.239984070237503566e-01 -1.878761522552057639e-01
139 133 -1.962142567374232649e-01 2.167956216775596134e-02
140 133 5.891404214936547534e-01 4.807510552124724112e-01
141 133 -8.802165060918262784e-02 9.451141065252852691e-01
142 133 -7.491620686945731078e-02 3.645669598759373464e-01
143 133 -7.800604252725018561e-01 -1.709440800227113311e+00
144 133 6.365913712080402131e-01 -3.665270100169691903e-01
145 133 3.291823305229815699e-01 1.232702083910368063e-01
146 133 -3.041019629031369020e-01 -9.755169737171460742e-01
147 133 -4.156568084605809510e-01 -1.963618867593293071e-01
148 133 9.307797476040949314e-02 1.429538802202171832e-01
149 133 4.116354783297018760e-01 -5.395671566768808214e-01
150 133 2.544303819757572360e-01 -6.360832546528645270e-01
134 134 3.753246167852130055e-01 -1.429802732457713832e+00
135 134 7.587414228669204785e-01 -4.293429047843488888e-02
136 134 9.014416801181313055e-04 -4.657206096422029651e-01
137 134 -2.616473163411011660e-01 -1.226090606766984781e+00
138 134 -9.066343375444235742e-03 -6.506566623366158431e-02
139 134 -6.406676899019543570e-02 1.511914809331895981e-01
140 134 -4.265916658466096245e-01 6.537454588545641432e-01
141 134 -9.150761608061691588e-02 -8.505876415796166379e-01
142 134 1.001409492197698814e+00 1.783302034006921666e-01
143 134 1.354409165871477416e-01 1.143758627081007256e-01
144 134 -8.167815210492448408e-01 -2.397076361509127562e-01
145 134 1.247683054460766217e+00 -6.815164726679624474e-01
146 134 4.135911086129342995e-01 -1.017235813213084733e-01
147 134 5.623771508979057421e-01 3.930285354085340521e-01
148 134 4.835204226423376328e-01 7.073418501968740113e-01
149 134 1.285188882553878198e-01 -1.057534908416188468e+00
150 134 -5.762281941705485466e-02 -2.866883209207672367e-01
135 135 -5.608869427188475365e-01 -1.009932015078648382e-01
136 135 -4.848689637085200621e-01 -2.039113075802911068e-01
137 135 -1.991310259951760142e-01 -7.460529458605948960e-01
138 135 -2.217941440649119356e-01 -8.172280051385485411e-01
139 135 7.809127568021950738e-02 -4.004742662323725888e-01
140 135 1.226341913495187508e-01 -2.672613600355748520e-02
141 135 -7.861682643097654966e-01 4.512784265836453645e-01
142 135 -1.355794596402341456e+00 -1.784512871660250133e-01
143 135 2.494874802815998105e-01 -1.365669586628864840e-01
144 135 -5.421519679738114744e-02 1.679090121237793443e-01
145 135 -1.485623271276811652e-01 1.262878146370194576e+00
146 135 5.719864695961339729e-01 -1.535192785294500761e-01
147 135 -9.389548143595063956e-02 -9.227571638025500178e-01
148 135 7.568560148324803283e-01 4.285845196197395901e-01
149 135 3.374227879948221709e-01 1.365017529636907367e+00
150 135 -5.521840325764921786e-01 -4.477296497390216290e-01
136 136 -6.390197996761954879e-01 1.519549799446968885e+00
137 136 -5.746727326082802234e-01 -1.952483442370970060e-02
138 136 -4.947974182946636157e-01 -4.979028559705301893e-01
139 136 1.935901116275583755e-01 9.560668971308038389e-01
140 136 1.347144991539067083e-01 -5.358652674867969701e-01
141 136 2.399414092901517026e-01 -7.687317055588717141e-01
142 136 2.189654903033541600e-01 -3.345128411664126666e-01
143 136 -1.227353908275885974e+00 6.248219590575357918e-01
144 136 -8.657827841514837974e-01 8.804007552272001547e-02
145 136 -3.261063145016785403e-01 4.105671089520513961e-01
146 136 1.270915239528804364e+00 6.697466949019448279e-01
147 136 8.876927877100805608e-02 3.509915975508502428e-01
148 136 -1.571186868759696931e-01 -1.151622502330914982e-01
149 136 4.612500156802092910e-01 -4.208415708088444340e-01
150 136 -1.895991244661514308e-01 -2.026349850588284041e-01
137 137 8.093994544381577505e-01 7.946481712875124170e-01
138 137 3.629718008073029752e-03 6.656440965226091411e-01
139 137 1.695997642653102044e-02 -3.378028868551186115e-02
140 137 6.454360093201957360e-01 7.039915384223404127e-01
141 137 3.656145056097447332e-01 8.742791843160202525e-02
142 137 6.079599592111526452e-01 -2.174005352949048009e-01
143 137 4.491890993102658491e-01 -1.172589208133929306e+00
144 137 3.575718796278481992e-01 5.291503353872849952e-02
145 137 -5.450700888292451252e-01 7.096668422629420769e-02
146 137 -2.192331753339648859e-01 -5.631755324089907644e-01
147 137 6.844105670169875477e-01 -5.067419325432921395e-01
148 137 6.243503339573560629e-01 6.368883467546662125e-01
149 137 4.986705705273054567e-01 5.545640618370362152e-01
150 137 -3.226368641072512866e-01 -2.045406423000607488e-01
138 138 1.055442753339878692e+00 -1.975562141304345321e-01
139 138 4.313678213458106425e-01 8.335118517627783385e-02
140 138 6.794544978857806061e-01 2.650423027845483226e-01
141 138 9.152375318779103486e-01 -2.366826039060437592e-01
142 138 2.361366775050754152e-01 3.930087330679145063e-01
143 138 -1.068676593088573185e-01 9.070946414065591545e-01
144 138 -7.964682563229075196e-03 -1.011837204635037679e+00
145 138 7.940809864621852787e-01 -8.929259143498524676e-01
146 138 1.902624158194876347e-01 6.269981420318965215e-02
147 138 6.150777976219292537e-03 -3.681344652075105861e-01
148 138 -1.519801969534753550e+00 -2.800999491464705171e-01
149 138 1.966594529742413666e-01 7.540956923980002280e-01
150 138 1.483202777914841786e+00 8.168441990536156050e-01
139 139 -8.156632676973853968e-01 -6.400353175084440016e-01
140 139 2.476622879078785311e-01 -6.458570797348294201e-01
141 139 8.399369790245315714e-01 8.851903916546377538e-02
142 139 -4.607171127782030418e-01 -8.361475993523166672e-02
143 139 9.494610983231009660e-02 4.559719018344507990e-01
144 139 -1.488512615823183727e-01 6.864697712715763789e-01
145 139 -9.697243617022513473e-02 5.760653039130929631e-01
146 139 2.320856587934292392e-01 -8.743570569186210895e-01
147 139 5.467619221970291266e-01 -1.474953948069263332e-01
148 139 -1.692818265589463578e-01 -1.804320372453109556e-01
149 139 -1.318574336029911587e+00 9.651817255447785460e-01
150 139 -3.665355156932473268e-01 -6.432571028017489145e-02
140 140 -1.222943247049240512e+00 2.287890497384278965e-02
141 140 -6.485409344590884473e-01 -5.800984761817918889e-01
142 140 2.232273871486022410e-01 -1.263731051474117906e-02
143 140 -1.397685637767093203e+00 3.976428193699831359e-01
144 140 -3.095593101363911526e-01 5.816212097444756202e-01
145 140 3.030921330466166408e-01 4.718407610523868700e-01
146 140 4.930701846534916166e-01 1.330384846425869405e+00
147 140 -4.639107235257305395e-01 9.018971410259898902e-02
148 140 7.418187668838727156e-02 -1.524678008767839377e-01
149 140 3.747699426732685191e-01 -2.964718351328134438e-01
150 140 3.203590424857716279e-01 1.012265438698683351e+00
141 141 2.457574505726867198e-02 8.881471131324929491e-01
142 141 -7.440873888657708601e-01 1.569216587531772067e-01
143 141 -2.303136785213862336e-01 5.769343679275312775e-03
144 141 -6.829407852790169153e-01 6.741883335674319078e-01
145 141 -5.740010690907713098e-01 3.245006642838926814e-01
146 141 -3.148047140122609555e-01 -7.496447172300972628e-02
147 141 9.680427555147409491e-01 3.539184481842168606e-01
148 141 2.850393989280834359e-02 1.364923567744894262e-01
149 141 7.528019494737409056e-02 1.561110112174599052e-02
150 141 3.131163439028159523e-01 2.259086871213176473e-01
142 142 9.281463235823942393e-01 3.000792219817638440e-03
143 142 1.323668867426392448e-01 5.503401188970115099e-01
144 142 -1.013842795497902072e-01 4.351556426910693776e-01
145 142 3.100832974629161298e-01 -5.447212181597821390e-02
146 142 -6.389916606927644738e-01 -1.809259403239099617e-01
147 142 -6.538829770498102434e-01 -5.866842319750710244e-01
148 142 1.443095824236269309e-02 -3.301829760067879205e-01
149 142 7.167068734784926010e-01 8.182172218155185639e-02
150 142 -3.101495714072690507e-02 6.916805882101684233e-01
143 143 4.791048797321594277e-01 -1.077665392265833466e+00
144 143 8.814054928782153464e-01 1.040862764667758178e-01
145 143 -7.573150579484910772e-02 1.740642512109925599e-01
146 143 3.536993568765645080e-01 -7.190173110720189387e-01
147 143 -4.150939373955270795e-01 -6.281705265720933795e-01
148 143 -4.096104232527243982e-01 9.163632085495605761e-02
149 143 -1.489714970872194177e+00 4.104882376767781116e-01
150 143 3.714155919945053008e-02 3.881804917160914803e-01
144 144 -6.864975790920010423e-01 -5.211463669931067910e-01
145 144 3.539396858100825605e-01 -4.921848399460795886e-01
146 144 5.306707556704343132e-02 -4.224882455332302778e-01
147 144 -3.324717325633129716e-01 -8.262913896953129056e-01
148 144 -1.780653446327635225e-01 -4.493814257001497725e-01
149 144 -1.232525311369001841e-01 -5.931277251126810396e-02
150 144 -1.325945810425192439e+00 5.395547539341316590e-01
145 145 -5.735567700875476849e-01 7.224084901326474073e-01
146 145 -2.923366877403033581e-01 -4.732157749669421709e-01
147 145 -3.537255991087304152e-01 -3.307272140755529999e-01
148 145 -7.955820111202754202e-03 -1.361697637543099193e-01
149 145 7.150763723759931412e-02 -5.588614251296333268e-01
150 145 6.143655392773322843e-01 -6.970035983703167792e-01
146 146 5.716551887130667531e-01 1.049092087210309110e+00
147 146 -7.822463449759516074e-02 5.011145314298672826e-01
148 146 -4.308567581641210009e-01 8.763294595667489584e-02
149 146 3.600864198721022147e-01 5.219155608316962125e-01
150 146 1.050204570541036775e+00 -2.193157382470038996e-01
147 147 6.447930852162996329e-01 1.371023706968066413e-02
148 147 1.775653483262508159e-01 7.123242854739323393e-01
149 147 1.279993703310655651e-01 5.607711025163637508e-01
150 147 4.650667844317468713e-01 6.716763362548577865e-02
148 148 -3.663137841432075881e-01 -7.241290270832625442e-01
149 148 2.834325394706344037e-01 -4.266831450076327692e-01
150 148 6.009963355422236475e-01 1.799507098882640044e-01
149 149 -9.868975138201416808e-01 2.717533933638843768e-02
150 149 1.919697097385659156e-03 -5.299550050769031850e-01
150 150 -3.543361018909704230e-01 7.634949887183707373e-01
